:100000000C94612C0C94922C0C94922C0C94922CA9
:100010000C94922C0C94922C0C94922C0C94922C68
:100020000C94922C0C94922C0C94922C0C94922C58
:100030000C94922C0C94922C0C94922C0C94922C48
:100040000C94922C0D94E20E0C94922C0C94922C05
:100050000C94922C0C94922C0D9404070C9419EF90
:100060000C94922C0C94A4660C946E660C94922CB6
:100070000C94922C0C94922C0C94922C0C94922C08
:100080000C94F2420C94922C0C94922C0C94922C82
:100090000C94922C0C94922C0C94922C0C94922CE8
:1000A0000C94922C0C94922C0C94C4420C94922C90
:1000B0000C94922C0C94922C0C94922C0C94922CC8
:1000C0000C94922C0C94922C0C94922C0C94922CB8
:1000D0000C94922C0C94922C0C94922C0C94922CA8
:1000E0000C94922C084AD73B3BCE016E84BCBFFDDA
:1000F000C12F3D6C74319ABD56833DDA3D00C77FF8
:1001000011BED9E4BB4C3E916BAAAABE0000008090
:100110003F05A84CCDB2D44EB93836A9020C50B91F
:10012000918688083CA6AAAA2ABE000000803F004B
:100130000C9483AC0C94C88B0C946CED0C94D7434A
:100140000C94B2430C940A830C946FB00C94D3B506
:100150000C94889B0C9418670C94908B0C9447AC6F
:100160000C94D0B50C94AC7F0C943A800C9467EC52
:100170000C94727F0C9477AC0D94B13C0C94E5B563
:100180000C9454EC0C94952C0C947DAC0C94B443CE
:100190000C948AED0C94C5990C9448EC0C9441ACE9
:1001A0000C9479B00C944DAC0C941EB90C9459AAD3
:1001B0000C9498890C94EFB50C94D9B50C943381B8
:1001C0000C9458ED0C9445820C94E6830C9492A701
:1001D0000C94D6B50C943FED0C9426800C94C08BF7
:1001E0000C942F670C94477F0C94BE820D94B40E30
:1001F0000C9476ED0C94D8820C9430810C943B993D
:100200000C94D3820C94D67F0C9479EC0C94CE820F
:100210000C9434B30C946FEC0C9477820C9435C628
:100220000C9450EC0C9482EC0C9411ED0C946BAC8F
:100230000C9487EC0C94988B0C94DCB50C94DFA98F
:100240000C94FB810C94DC830C94657F0C943767D1
:100250000C947D830C940E440C948DAC0C94C7B517
:100260000C94D2830C9475EC0C94F2820C9433674A
:100270000C94B9840C947DEC0C94A08B0C946AB013
:100280000C9482B00C9488C50C9435ED0C947B943E
:100290000C94D5900C942B670C945DBF0C94EAB52C
:1002A0000D9433440C94DF810C9441830C942067AB
:1002B0000C94B88B0C9412440C94D9430C9474B0E5
:1002C0000C944CEC0C94448F0C9457EC0C94432FEE
:1002D0000C94A88B0C94D88B0C942BED0C944C7F25
:1002E0000C9419A20C946BEC0C947A9A0C94EA92EC
:1002F0000C9483EC0C9480ED0C9442EC0C94DB4356
:100300000C9490840C94E0AE0C9453AC0C949C83AD
:100310000C94C9820C94279D0C9436A00C944880B0
:100320000C9433440C943D670C9437440C94B28184
:100330000C94E5AE0C9443830C94E5810C947F837C
:100340000C9427670C94B0C50C94E2B50C94F2B5EC
:100350000C9460830C94B08B0C9471AC0C94D98188
:100360000C940A670C94DF660C94942C0C941C82F9
:100370000C941BED0C94DAA50C94F8EC0C9459AC8D
:100380000C9410440C94ECB50C94DFB50C9453FD14
:100390000C945FAC0C94F3890C9489C50C94D2979F
:1003A0000C9486430C94D08B0C9407ED0C94967FA0
:1003B0000C94F2960C9461EC0C94EA7F0C94C27F3E
:1003C0000C9462ED0C94F0EC0C9465AC0C9470827F
:1003D0000C94A4810C94D3810C9423ED0C945DECCB
:1003E0000C94FC820C9449ED0C9479820C94038457
:1003F0000C94FDEC0C94FE7F0C9434B90C94128098
:100400000C947E9E0C94DBAE0C94E1A80C94178C9B
:100410000C9435440C94278F0C9480820C949F820A
:100420004E414E494E495459494E46CDCCCC3D0AD9
:10043000D7233C17B7D13877CC2B329595E6241FBC
:10044000B14F0A000020410000C84200401C462075
:10045000BCBE4CCA1B0E5AAEC59D74434F4D4D5584
:100460004E49434154494F4E0044525952554E0053
:100470004552524F525300494E464F004543484F54
:10048000004572726F722077726974696E672074AA
:100490006F20454550524F4D210A00627573793ADD
:1004A0002070617573656420666F7220696E707567
:1004B000740A00627573793A2070617573656420FF
:1004C000666F7220757365720A00627573793A20DF
:1004D00070726F63657373696E670A004B494C4CA9
:1004E00020636175736564206279204B494C4C2010
:1004F000627574746F6E2F70696E0A004B494C4CB4
:100500002063617573656420627920746F6F206D5C
:1005100075636820696E6163746976652074696DBE
:1005200065202D2063757272656E7420636F6D6D2A
:10053000616E643A2000506C65617365207265736A
:100540006574005052494E5445522048414C544520
:100550004400706F7765726F6666004B494C4C457E
:10056000442E20005072696E7465722068616C744C
:1005700065642E206B696C6C28292063616C6C6546
:1005800064210A0053544F505045442E20005072AD
:10059000696E7465722073746F7070656420647521
:1005A0006520746F206572726F72732E20466978B1
:1005B00020746865206572726F7220616E642075A8
:1005C0007365204D39393920746F207265737461F9
:1005D00072742E202854656D706572617475726531
:1005E0002069732072657365742E205365742069C9
:1005F00074206166746572207265737461727469C7
:100600006E67290A006563686F3A004572726F72FF
:100610003A0042696C696E656172204C6576656C62
:10062000696E6720477269643A0A0053544F50203C
:1006300063616C6C65642062656361757365206FCE
:100640006620424C546F756368206572726F722029
:100650002D20726573746172742077697468204DFF
:100660003939390A0053544F502063616C6C65640A
:100670002062656361757365206F6620424C546F1C
:10068000756368206572726F72202D2072657374B5
:100690006172742077697468204D3939390A0048CD
:1006A0006F74656E6420746F6F20636F6C640A00F2
:1006B000507265737320627574746F6E20286F7248
:1006C000204D3130382920746F20726573756D6547
:1006D0000A00496E736572742066696C616D656E9F
:1006E0007420616E64207072657373206275747417
:1006F0006F6E20286F72204D313038290A005072F9
:1007000065737320627574746F6E20286F72204D4C
:100710003130382920746F2068656174206E6F7ADB
:100720007A6C650A00706175736564004D3630300F
:100730003A20546F6F20636F6C6400486F74656E6D
:100740006420746F6F20636F6C640A007265737548
:100750006D656400496E736572742066696C616DC5
:10076000656E7420616E64207072657373206275AB
:1007700074746F6E20286F72204D313038290A0052
:100780004F46460A0046616465204865696768749B
:100790002000426564204C6576656C696E672000B8
:1007A0004661696C656420746F20656E61626C657A
:1007B00020426564204C6576656C696E670A004965
:1007C0006E76616C6964206D6573682E0A0020285E
:1007D00044525952554E2900473239204175746FA1
:1007E00020426564204C6576656C696E67003F2029
:1007F000284C2C522C462C4229206F7574206F6691
:1008000020626F756E64732E0A003F285629657248
:10081000626F7365206C6576656C20697320696D05
:10082000706C61757369626C652028302D34292ED7
:100830000A00426164205A2076616C75650A004E98
:100840006F2062696C696E65617220677269640A03
:100850000020284E6F7420796574206D6561737572
:100860007265642900202041766572616765206D9C
:1008700065617375726564206261636B6C61736836
:1008800020286D6D293A002020536D6F6F746869C0
:100890006E6720286D6D293A2020202020202020FE
:1008A000202020202020202020530020204261638F
:1008B0006B6C6173682044697374616E6365202892
:1008C0006D6D293A2020202020202020002028465D
:1008D000312E30203D2066756C6C2C2046302E3039
:1008E000203D206E6F6E65290A002020436F7272D2
:1008F000656374696F6E20416D6F756E742F46610C
:1009000064652D6F75743A202020202046006163B5
:10091000746976653A0A00696E004261636B6C61C6
:10092000736820436F7272656374696F6E2000573D
:1009300041524E494E4721204C6F77205A204A653C
:10094000726B206D6179206C65616420746F207515
:100950006E77616E746564207061757365732E0ABD
:1009600000000020002300260029002C002F003268
:100970000000010000030106010901473238002090
:10098000496E76616C69642065787472756465720D
:100990002000536C6565702E2E2E00486F6D65200B
:1009A00058592066697273740A00486F6D65205843
:1009B0005920666972737400205A3A200020593A0F
:1009C000200042656420583A20004D65736820700D
:1009D0006F696E742063616E6E6F74206265207241
:1009E00065736F6C7665640A00202046726F6E74C2
:1009F0003A200020204C6566743A20002020546F75
:100A0000703A200053696465733A0A00205A004323
:100A1000656E7465723A0A002020546F703A2000A7
:100A2000202046726F6E743A200020204C65667458
:100A30003A20004261636B6C6173683A0A004E6F42
:100A40007A7A6C6520546970204F75746572204401
:100A5000696D656E73696F6E733A0A00205A0020E3
:100A6000506F736974696F6E616C204572726F723A
:100A70003A0A00436C69636B20746F20726573756A
:100A80006D652E2E2E004E6F206D6F76652E004503
:100A90006E642066696C65206C6973740A00426537
:100AA00067696E2066696C65206C6973740A00283A
:100AB0006E6F2066696C65290043757272656E748D
:100AC0002066696C653A20005344207072696E7428
:100AD000696E67206279746520004E6F74205344FC
:100AE000207072696E74696E670A002E0A00446590
:100AF0006C6574696F6E206661696C65642C204654
:100B0000696C653A200046696C652064656C6574A3
:100B100065643A002569730025696D2025697300B5
:100B20002569682025696D20256973002569642081
:100B30002569682025696D2025697300256979205C
:100B4000256964202569682025696D202569730061
:100B50005072696E742074696D653A200050726F2E
:100B60007465637465642050696E0A0025301D0C3D
:100B70001E282924311C0B184527232F1B0A444308
:100B8000222B1A4142043803FF36040806060001EE
:100B9000486F74656E6420436F6F6C696E672E2EAC
:100BA0002E00486F74656E642048656174696E67D5
:100BB0002E2E2E006F6666007C0477047004690494
:100BC0005B0444454255473A004D313133205300D0
:100BD0006F6B004C756C7A426F74204D696E6920A2
:100BE0004C4344204F46462E004348414D42455217
:100BF0005F54454D5045524154555245004D4F5458
:100C0000494F4E5F4D4F44455300544845524D4166
:100C10004C5F50524F54454354494F4E0041555438
:100C20004F5245504F52545F53445F5354415455B3
:100C3000530050524F4D50545F535550504F5254E3
:100C400000454D455247454E43595F50415253452B
:100C50005200434153455F4C494748545F42524913
:100C60004748544E45535300544F47474C455F4CFB
:100C7000494748545300534F4654574152455F50DB
:100C80004F574552004255494C445F5045524345E9
:100C90004E54004C4556454C494E475F44415441E3
:100CA000005A5F50524F4245004155544F4C4556F3
:100CB000454C005052494E545F4A4F420050524FEB
:100CC0004752455353004155544F5245504F52548B
:100CD0005F54454D5000564F4C554D455452494375
:100CE00000454550524F4D0042494E4152595F46D2
:100CF000494C455F5452414E53464552005345526C
:100D000049414C5F584F4E5F584F46460046495246
:100D10004D574152455F4E414D453A4D61726C69A8
:100D20006E20204649524D574152455F5645525319
:100D3000494F4E3A322E302E302E31343420455821
:100D40005452554445525F545950453A53696E6761
:100D50006C65457874727564657220534F555243C3
:100D6000455F434F44455F55524C3A687474707305
:100D70003A2F2F636F64652E616C6570686F626ACD
:100D8000656374732E636F6D2F646966667573692E
:100D90006F6E2F4D41524C494E2050524F544F438D
:100DA0004F4C5F56455253494F4E3A312E30204DED
:100DB000414348494E455F545950453A4C756C7A09
:100DC000426F74204D696E69204C4344204558544D
:100DD00052554445525F434F554E543A3120555574
:100DE00049443A30383366363866312D303238650A
:100DF0002D343934632D393865312D6632653064D0
:100E0000666165653961350A002F2F20004D313448
:100E10003520533C696E6465783E206F7574206F91
:100E2000662072616E67652028302D31290A002006
:100E30005400205200416363656C65726174696F90
:100E40006E3A2050004F4646004F4E00205A002078
:100E50005900580020204D61783A2000205A002087
:100E60005900580020204D696E3A2000536F667477
:100E700020656E6473746F70733A200020466C6F47
:100E8000773A20003A200020536572766F200020C8
:100E90006F7574206F662072616E67650A00536516
:100EA00072766F200050726F6265205A204F66661E
:100EB0007365743A200020643A0020693A0020707B
:100EC0003A00496E76616C69642065787472756465
:100ED00065720A0020643A0020693A0020703A00E6
:100EE00064697300656E0043290A0061626C656481
:100EF00020286D696E2074656D702000436F6C64EE
:100F00002065787472756465732061726520004D88
:100F100065736820706F696E742063616E6E6F74A4
:100F2000206265207265736F6C7665640A004D34CB
:100F3000323120696E636F72726563742070617202
:100F4000616D657465722075736167650A0045455A
:100F500050524F4D204F4B0A003F5A206F7574205E
:100F60006F662072616E676520282D323020746FA5
:100F7000203230290A0050726F6265205A204F6675
:100F8000667365743A20003F4B2076616C7565206E
:100F90006F7574206F662072616E67652028302D32
:100FA0003130292E0A00416476616E6365204B3D25
:100FB00000496E76616C6964206578747275646549
:100FC000720A004361703A0047322F473320626152
:100FD0006420706172616D65746572730A00220A23
:100FE00000656E7175657565696E67202200204227
:100FF000002050006F6B00526573656E643A2000EC
:1010000053544F505045442E20005072696E746501
:10101000722073746F707065642064756520746FDE
:10102000206572726F72732E20466978207468652D
:10103000206572726F7220616E6420757365204D39
:1010400039393920746F20726573746172742E207F
:101050002854656D706572617475726520697320BE
:1010600072657365742E20536574206974206166FF
:101070007465722072657374617274696E67290A8F
:10108000004E6F20436865636B73756D20776974DC
:1010900068206C696E65206E756D6265722C204CDF
:1010A000617374204C696E653A20004E6F2043686E
:1010B00065636B73756D2077697468206C696E6504
:1010C000206E756D6265722C204C617374204C69C2
:1010D0006E653A2000636865636B73756D206D699A
:1010E000736D617463682C204C617374204C696E5D
:1010F000653A20004C696E65204E756D6265722000
:101100006973206E6F74204C617374204C696E6536
:10111000204E756D6265722B312C204C61737420EA
:101120004C696E653A20004D313130004D3331004D
:1011300053442072656164206572726F720A0044C4
:101140006F6E65207072696E74696E672066696C77
:10115000650A0020573A0042656420636F6F6C692E
:101160006E672E2E2E004265642068656174696E7C
:10117000672E2E2E0023646566696E652044454601
:1011800041554C545F0000626564004B6420004B85
:101190006920004B702000504944204175746F74E1
:1011A000756E652066696E69736865642120507587
:1011B0007420746865206C617374204B702C204B14
:1011C0006920616E64204B6420636F6E7374616E7E
:1011D00074732066726F6D2062656C6F7720696E24
:1011E000746F20436F6E66696775726174696F6EA4
:1011F0002E680A00504944204175746F74756E65FD
:10120000206661696C6564212074696D656F757411
:101210000A00486F74656E6420544845524D414C35
:101220002052554E415741590042454420544845AB
:10123000524D414C2052554E41574159005468651A
:10124000726D616C2052756E6177617900486F74C0
:10125000656E642048656174696E67206661696CBB
:101260006564004265642068656174696E67206624
:1012700061696C65640048656174696E67206661C8
:10128000696C656400504944204175746F74756ED3
:1012900065206661696C6564212054656D706572B6
:1012A000617475726520746F6F20686967680A00E1
:1012B000204B643A2000204B693A2000204B703AC2
:1012C00020000A20436C61737369632050494420F5
:1012D0000A002054753A2000204B753A2000206DFA
:1012E00061783A2000206D696E3A200020643A202F
:1012F0000020626961733A200050494420417574AE
:101300006F74756E652073746172740A005049447D
:10131000204175746F74756E65206661696C6564D3
:10132000212054656D706572617475726520746FEB
:101330006F20686967680A00504944204175746FDE
:1013400074756E65206661696C6564212042616414
:10135000206578747275646572206E756D62657251
:101360000A004572723A207574663820666F6E7492
:10137000206E6F7420696E697469616C697A656446
:101380002E004572723A207574663820666F6E744E
:10139000206E6F7420696E697469616C697A656426
:1013A0002E004572723A207574663820666F6E742E
:1013B000206E6F7420696E697469616C697A656406
:1013C0002E001FFFFFFFFFFFFF600000000001FF76
:1013D000400000000000FF8000000000007F83CF7D
:1013E00000000C303F87FF80000C301F86798000A2
:1013F0000C000F8C30C7838C30E78C30CFC7CC31DA
:10140000F38C30DCECEC33B98C30D86C6C33198C49
:1014100030D06C0C33198C30D86C0C33198C30DC18
:101420006C0E3B198C30CF7C079F198C30C77C0326
:101430008F1940000000000002600000000000065C
:101440001FFFFFFFFFFFF800060900FE06018902EB
:10145000FE20FFFE07FE06FE000000060007010654
:1014600006060200808080800080030303060103DB
:10147000A0A0A00507070600FF5050F850F85050F4
:101480000509090600FE2070A8A07028A870200693
:1014900008080600FF40A848102048540805070720
:1014A0000600FF60909060989068010303060203B5
:1014B0008080800207070602FF4080808080804095
:1014C0000207070602FF80404040404080050505B6
:1014D0000600008850F85088050505060000202009
:1014E000F820200204040602FEC0404080050101ED
:1014F000060002F8020202060200C0C00406060648
:101500000100101020408080040606060100609053
:101510009090906003060606010040C0404040E005
:101520000406060601006090102040F0040606063E
:101530000100F020601010E00506060600001030E3
:101540005090F810040606060100F080E01010E04C
:101550000406060601006080E0909060040606061E
:101560000100F010102040400406060601006090C3
:101570006090906004060606010060909070106014
:10158000020505060200C0C000C0C002070706022F
:10159000FEC0C000C0404080050505060000186080
:1015A000806018050303060001F800F8050505062C
:1015B0000000C0300830C00407070601006090102A
:1015C000604000400506060600007090A8B08070DC
:1015D000050606060000205088F8888805060606DD
:1015E0000000F088F08888F004060606010060908C
:1015F00080809060040606060100E090909090E0E4
:10160000040606060100F080E08080F0040606066D
:101610000100F080E08080800406060601006090F2
:1016200080B090600406060601009090F0909090C3
:10163000030606060100E040404040E005060606BD
:10164000000038101010906004060606010090A0FB
:10165000C0A090900406060601008080808080F083
:1016600005060606000088D8A8A88888040606068D
:10167000010090D0B090909005060606000070889A
:1016800088888870040606060100E09090E080805B
:101690000407070601FF609090D0B06010040606B2
:1016A000060100E09090E0909004060606010060BC
:1016B0009040209060050606060000F820202020BB
:1016C00020040606060100909090909060040606A3
:1016D000060100909090F060600506060600008804
:1016E00088A8A8D888050606060000885020205043
:1016F000880506060600008888502020200406067B
:10170000060100F010204080F0030606060100E00C
:1017100080808080E0040606060100808040201062
:1017200010030606060100E020202020E005030348
:101730000600032050880501010600FEF80202029F
:1017400006020480400404040601007090907004B6
:1017500006060601008080E09090E0040404060183
:1017600000708080700406060601001010709090D2
:101770007004040406010060B0C07004060606018F
:1017800000205040E040400406060601FE609090B4
:101790007010600406060601008080E090909003BF
:1017A00006060601004000C04040E00308080601AC
:1017B000FE200060202020A04004060606010080D4
:1017C00080A0C0A090030606060100C04040404033
:1017D000E0050404060000D0A8A88804040406015B
:1017E00000E0909090040404060100609090600472
:1017F00006060601FEE09090E080800406060601E1
:10180000FE709090701010040404060100A0D080B7
:101810008004040406010070C030E00406060601DE
:10182000004040E0405020040404060100909090E5
:101830007004040406010090906060050404060032
:101840000088A8A850040404060100906060900479
:1018500006060601FE909090709060040404060154
:1018600000F02040F00307070601002040408040C0
:1018700040200107070602FF80808080808080036F
:101880000707060100804040204040800402020615
:10189000010350A0FFFFFFFFFFFFFFFFFFFFFFFF60
:1018A000FFFFFFFFFFFFFFFFFFFFFFFFFFFFFFFF48
:1018B000FFFFFFFFFF00000006000701060606020B
:1018C000008000808080800406060601FF2070A052
:1018D000A070200507070600FF304840F04040F8A0
:1018E000050505060000A8508850A8050606060054
:1018F000008850F820F8200107070602FF8080804A
:10190000008080800407070601FF708060906010EF
:10191000E0030101060105A0060707060000788420
:1019200094A494847803050506010160A06000E09A
:101930000505050600002850A050280403030601F1
:1019400000F01010040101060102F006070706006E
:10195000007884B4A4A48478040101060105F0048D
:1019600003030601026090600507070600FF2020C0
:10197000F8202000F803050506010140A02040E002
:10198000030505060101C0204020C0020202060234
:101990000440800405050601FF9090B0D080050644
:1019A0000606000078E8E86828280101010602021E
:1019B000800202020602FE40800305050601014086
:1019C000C04040E003050506010140A04000E005DD
:1019D0000505060000A0502850A00508080600FFD5
:1019E00040C04050703078100508080600FF40C025
:1019F0004050680810380508080600FFC020403035
:101A0000F030781004070706010020002060809065
:101A100060050707060000402020507088880507F1
:101A20000706000010202050708888050707060070
:101A300000205020507088880507070600002850B5
:101A4000205070888805070706000050002050705D
:101A500088880507070600002050205070888805F8
:101A6000060606000078A0F0A0A0B8040808060149
:101A7000FE609080809060204004070706010040CF
:101A800020F080E080F00407070601002040F0808D
:101A9000E080F00407070601002050F080E080F0AD
:101AA0000407070601005000F080E080F0030707FC
:101AB0000601008040E0404040E0030707060100C7
:101AC0002040E0404040E003070706010040A0E05E
:101AD000404040E0030707060100A000E04040400E
:101AE000E00506060600007048E84848700407074D
:101AF00006010050A090D0B09090040707060100A6
:101B0000402060909090600407070601002040602C
:101B1000909090600407070601002050609090901C
:101B20006004070706010050A060909090600407D1
:101B300007060100500060909090600505050600C2
:101B40000088502050880408080601FF1070B0B0CB
:101B5000D0D0E080040707060100402090909090CC
:101B600060040707060100204090909090600407F1
:101B7000070601002050909090906004070706012E
:101B8000005000909090906005070706000010201C
:101B9000885020202004060606010080E09090E096
:101BA000800406060601006090A0A090A00407072C
:101BB00006010040200070909070040707060100A5
:101BC000204000709090700407070601002050002C
:101BD0007090907004070706010050A0007090906C
:101BE000700406060601005000709090700407070C
:101BF000060100205020709090700504040600003B
:101C000070A8B0780406060601FE7080807020403F
:101C100004070706010040200060B0C070040707F9
:101C200006010020400060B0C070040707060100F4
:101C300020500060B0C0700406060601005000602D
:101C4000B0C070030707060100804000C04040E0BC
:101C5000030707060100204000C04040E0030707DB
:101C600006010040A000C04040E003060606010057
:101C7000A000C04040E0040707060100306010707B
:101C800090906004070706010050A000E09090903B
:101C900004070706010040200060909060040707D9
:101CA00006010020400060909060040707060100D4
:101CB0002050006090906004070706010050A000CB
:101CC00060909060040606060100500060909060ED
:101CD0000505050600002000F800200404040601A4
:101CE0000070B0D0E004070706010040200090908B
:101CF0009070040707060100204000909090700447
:101D00000707060100205000909090700406060618
:101D100001005000909090700409090601FE2040D7
:101D2000009090907090600408080601FE8080E0AA
:101D30009090E080800408080601FE50009090908A
:101D40007090606F6F6F00000047414D45204F5607
:101D5000455200107CFEFEFE44402480000031808D
:101D600000002480444004000E000E007FC0FFE00D
:101D7000FFE0FFE0FFE01FC07FF0DDD8FFF87FF05D
:101D800006000F001F8036C03FC0090016802940A2
:101D900006000F001F8036C03FC016802040108014
:101DA000104008801FC037607FF05FD050500D801A
:101DB000104048905FD077707FF01FC01040202007
:101DC0000F007FE0FFF0E670FFF0198036C0C030F2
:101DD0000F007FE0FFF0E670FFF0198036C0198039
:101DE0000A003B20454550524F4D20496E646578AE
:101DF0003A20005570646174696E67207A6F666678
:101E000073657420696E20454550524F4D3A20004D
:101E100001FC0007FF000F07800E01C00001C00099
:101E200000E00800E01C00E03E00E07F00E01C0055
:101E3000E00E00E00E01C00783C003FF8000FE003B
:101E400000FE0003FF800783C00E01C00E00E01CEF
:101E500000E07F00E03E00E01C00E00800E0000041
:101E6000E00001C00E01C00F078007FF0001FC0069
:101E70000E000E000E000E000E000E000E000E00F2
:101E80007FC03F801F000E00040004000E001F00F2
:101E90003F807FC00E000E000E000E000E000E00F0
:101EA0000E000E00FFFFFF7F80FFC0FFC0FFC07F5E
:101EB000807F80FFC0FFC0FFC03F001E000C0050AD
:101EC000726F6265205A204F666673657400450024
:101ED00045005A005A00585900585900416476612B
:101EE0006E6365642053657474696E6773004C6F2C
:101EF0006164206D6D004C6F6164206D6D00556EE6
:101F00006C6F6164206D6D00556E6C6F6164206D47
:101F10006D00416476616E6365204B0041647661BB
:101F20006E6365204B00416476616E636564205387
:101F3000657474696E6773004D33303320553120FA
:101F40004525692053256900504944204175746F27
:101F500074756E6500504944204175746F74756ED8
:101F60006500416476616E636564205365747469CD
:101F70006E6773005654726176206D696E00565418
:101F8000726176206D696E00566D696E00566D69DE
:101F90006E00566D6178204500566D6178204500D1
:101FA000566D6178205A00566D6178205A00566D42
:101FB0006178205900566D6178205900566D61781E
:101FC000205800566D6178205800416476616E6338
:101FD00065642053657474696E677300416D617840
:101FE000204500416D6178204500416D6178205A9F
:101FF00000416D6178205A00416D6178205900419F
:102000006D6178205900416D6178205800416D6103
:1020100078205800412D74726176656C00412D74F2
:10202000726176656C00412D726574726163740033
:10203000412D7265747261637400416363656C0065
:10204000416363656C00416476616E63656420532F
:10205000657474696E67730056652D6A65726B00EE
:1020600056652D6A65726B00567A2D6A65726B0033
:10207000567A2D6A65726B0056792D6A65726B000F
:1020800056792D6A65726B0056782D6A65726B0001
:1020900056782D6A65726B00416476616E63656483
:1020A0002053657474696E6773004573746570734B
:1020B0002F6D6D004573746570732F6D6D005A73CD
:1020C000746570732F6D6D005A73746570732F6D26
:1020D0006D005973746570732F6D6D00597374655D
:1020E00070732F6D6D005873746570732F6D6D0074
:1020F0005873746570732F6D6D00416476616E6303
:1021000065642053657474696E67730046696C6119
:102110006D656E740054656D70657261747572657D
:1021200000447269766520537472656E6774680046
:102130004261636B6C6173680053746570732F6DDB
:102140006D004A65726B00416363656C6572617412
:10215000696F6E0056656C6F6369747900436F6ECA
:1021600066696775726174696F6E00536D6F6F7425
:1021700068696E6700536D6F6F7468696E67005AA7
:10218000005A005900590058005800436F72726598
:102190006374696F6E00436F7272656374696F6E0A
:1021A000004D61696E00436D643A2053746F77008F
:1021B000436D643A204465706C6F7900436D643AF6
:1021C0002053656C662D5465737400436D643A202A
:1021D00053572D4D6F646500436D643A205265730B
:1021E000657400436F6E66696775726174696F6EBE
:1021F00000526573746F7265206661696C73616605
:1022000065004C6F61642073657474696E67730058
:1022100053746F72652073657474696E67730042DE
:102220004C546F7563680050726F6265205A204F7E
:10223000666673657400416476616E6365642053FD
:10224000657474696E6773004D61696E004D373057
:102250003220542564004D36303020423020542541
:1022600064004D373032203B2564004D373031203B
:10227000542564004368616E67652066696C616D12
:10228000656E74005072656865617420437573747F
:102290006F6D005072656865617420414253005053
:1022A00072656865617420504C41005072656865C4
:1022B000617420437573746F6D004261636B0050ED
:1022C00075726765206D6F726500456E6420666982
:1022D0006C616D656E74206368616E6765000043B4
:1022E00068616E67696E672046696C616D656E74C2
:1022F00000554E4C4F41442046494C414D454E54AB
:10230000004C4F41442046494C414D454E5400201D
:10231000204E6F7A7A6C653A200020005061726B13
:10232000696E672E2E2E00746F20737461727400B4
:1023300066696C616D656E74206368616E676500C7
:102340005761697420666F720066696C616D656EB5
:102350007420756E6C6F6164005761697420666FDC
:102360007200506C6561736520776169742E2E2E42
:10237000004E6F7A7A6C652068656174696E6700DB
:10238000746F2068656174206E6F7A7A6C65005096
:102390007265737320627574746F6E00746F20635E
:1023A0006F6E74696E756500616E6420707265731E
:1023B0007320627574746F6E00496E736572742059
:1023C00066696C616D656E740066696C616D656EE1
:1023D00074206C6F6164005761697420666F7200CD
:1023E000746F20726573756D65207072696E74000C
:1023F000507265737320627574746F6E00506C65F3
:1024000061736520776169742E000066696C616D87
:10241000656E742070757267650057616974206617
:102420006F7200536E346B3300496E76616465726F
:102430007300427269636B6F7574004D61696E0061
:1024400047616D6573004669726D776172652056EC
:10245000657273696F6E004D61696E003F00537461
:102460006F70207072696E74004261636B00537408
:102470006F70004D323520500A4D32340050726971
:102480006E742070617573656400506175736520AA
:102490007072696E7400726573756D65004D3234CB
:1024A000005072696E742066726F6D205344004351
:1024B00068616E67652053442063617264004D3229
:1024C000310041626F7574205072696E74657200DC
:1024D0004368616E67652066696C616D656E740046
:1024E0004368616E67652066696C616D656E740036
:1024F0004D36303020423000436F6E66696775722A
:102500006174696F6E0054656D7065726174757287
:1025100065004D6F76656D656E7400526573756DFF
:1025200065207072696E74004E6F205344206361A1
:1025300072640054756E650053746F702070726918
:102540006E74005061757365207072696E74004915
:102550006E666F2073637265656E004D6F766520E1
:1025600058004D6F76652059004D6F7665205A00F2
:10257000457874727564657220004578747275646C
:10258000657220004D6F7665205A004D6F7665208C
:1025900059004D6F76652058004D6F76656D656EFC
:1025A000740044697361626C652073746570706552
:1025B0007273004D38340046616465204865696770
:1025C0006874004661646520486569676874004FF7
:1025D0006666004F6E00426564204C6576656C69E6
:1025E0006E67004C6576656C206265640047323822
:1025F0000A473239004175746F2063616C696272F9
:10260000617465004D313137205374617274696EA5
:1026100067204175746F2D43616C696272617469E2
:102620006F6E0A54300A4D323138205431205834FC
:1026300033205930205A300A4732380A4731320A9B
:102640004D3131372043616C6962726174696E6724
:102650002E2E2E0A473432350A4D3530300A4D3190
:1026600031372043616C6962726174696F6E2064F6
:1026700061746120736176656400486F6D65205AEE
:1026800000473238205A00486F6D652059004732A4
:1026900038205900486F6D6520580047323820585F
:1026A000004175746F20686F6D6500473238004CCB
:1026B0006576656C2058206178697300004D6F76EF
:1026C000652061786973004D61696E003F00537445
:1026D000617274207072696E74200043616E63656C
:1026E0006C005072696E740043616E6E6F74206589
:1026F0006E746572207375626469723A2000022EEE
:102700002E004D61696E00436F6F6C646F776E00D1
:1027100046616E2073706565640046616E2073705B
:102720006565640042656400426564004E6F7A7AB4
:102730006C65004E6F7A7A6C65004D61696E00427F
:1027400061627973746570205800426162797374B4
:10275000657020590050726F6265205A204F66667E
:102760007365740042616279737465702059004228
:1027700061627973746570205800466C6F7700460B
:102780006C6F770046616E2073706565640046610A
:102790006E20737065656400426564004265640084
:1027A0004E6F7A7A6C65004E6F7A7A6C6500537062
:1027B000656564005370656564004D61696E002550
:1027C000753A2530327500253032753A253032752C
:1027D0000025756420253032753A25303275002089
:1027E0002020202020200020202020001FE020107A
:1027F0002010201010201020201020103030084011
:10280000048003001FE03FF03FF03FF01FE01FE0B7
:102810003FF03FF03FF00FC0078003003FFFF0386C
:10282000007030FC3020FC102078102030102C007C
:10283000D02E31D02F7BD02F7BD02E31D02C00D07A
:1028400020301020781020FC1030FC303800703F11
:10285000FFF03FFFF0380070318630238710278764
:10286000902F87D02F03D0203010207810207810A0
:102870002030102F03D02F87D02787902387103147
:1028800086303800703FFFF01FFFF81FFFF804107C
:102890004002082002082004104008208010410057
:1028A0001041000820800410400000001FFFF81FA6
:1028B000FFF8436172642072656D6F766564004352
:1028C00061726420696E736572746564004C756C26
:1028D0007A426F74204D696E692072656164792E49
:1028E000005072696E74696E672E2E2E00507269E8
:1028F0006E74207061757365640063616E63656CEE
:10290000005072696E742061626F727465640010A9
:1029100000C90210012C014001220170011801B010
:10292000010E01F00104015002FA00B002F0003083
:1029300003E600D003DC009004D2007005C800A0BC
:1029400006BE000008B400B009AA00D00BA00060C9
:102950000E960060118C000015820020197800C0CE
:102960001D6E00A0226400B0275A00902C50000079
:10297000314600E0343C0010383200903A280060C4
:102980003C1E00A03D1400803E0A00203F00004392
:10299000616E6E6F74206F70656E2073756264690E
:1029A00072200053442063617264206F6B0A006FD1
:1029B00070656E526F6F74206661696C65640A00A1
:1029C000766F6C756D652E696E6974206661696CD1
:1029D00065640A00534420696E6974206661696CFD
:1029E0000A004D3234004D3233202573005772698E
:1029F00074696E6720746F2066696C653A20002EDA
:102A00000A006F70656E206661696C65642C2046F3
:102A1000696C653A20002E0A006F70656E20666151
:102A2000696C65642C2046696C653A200046696CC7
:102A3000652073656C65637465640A002053697A68
:102A4000653A200046696C65206F70656E65643A72
:102A50002000667265736800646F696E67002066A7
:102A6000696C653A20004E6F772000454E44205334
:102A70005542524F5554494E450A002220706F73FB
:102A8000002220706172656E743A220053554252E2
:102A90004F5554494E452043414C4C207461726758
:102AA00065743A2200747279696E6720746F2063CE
:102AB000616C6C207375622D67636F646520666955
:102AC0006C6573207769746820746F6F206D616E18
:102AD00079206C6576656C732E204D4158206C65AD
:102AE00076656C2069733A310A002020506C616E63
:102AF0006E657242756666657242797465733A20D6
:102B0000002046726565204D656D6F72793A200030
:102B1000436F6D70696C65643A204F637420203791
:102B200020323032360A00207C20417574686F7282
:102B30003A2028416C657068204F626A656374733F
:102B400020496E632E2C204C756C7A426F7420479E
:102B50006974205265706F7369746F7279290A0005
:102B600000204C61737420557064617465643A2070
:102B700000322E302E302E3134340A004D61726C0A
:102B8000696E0020536F66747761726520526573B9
:102B900065740A00205761746368646F672052652A
:102BA0007365740A002042726F776E206F7574200F
:102BB00052657365740A002045787465726E616CA5
:102BC0002052657365740A00506F77657255700AFC
:102BD0000073746172740A006175746F25632E67E7
:102BE000006572726F722077726974696E67207403
:102BF0006F2066696C650A00446F6E6520736176AC
:102C0000696E672066696C652E0A004D3239004591
:102C10006E6473746F7073202563202563202563B1
:102C200020256300205A3A0020593A0020583A00E3
:102C3000656E6473746F7073206869743A2000471E
:102C400039310A4730205A323020463630300A4770
:102C500039300A4730205838302059313930204631
:102C6000333030300A4D313137205072696E742064
:102C700061626F727465642E0000000A0B02090C19
:102C80000D0E080703040100000000000000000012
:102C90000000000000000000000000000000000034
:102CA00000000000001211100000000000000000F1
:102CB0000000000000000000000000000000000014
:102CC0000000000000000000000000000000004DB7
:102CD0006F766520302E3032356D6D004D6F766524
:102CE00020302E316D6D004D6F766520316D6D0099
:102CF0004D6F76652031306D6D004D6F76652061CA
:102D000078697300486F74656E6420746F6F206318
:102D10006F6C6400457874727564657220004D6F45
:102D20007665205A004D6F76652059004D6F7665A7
:102D30002058004175746F6C6576656C206661691A
:102D40006C65640A004175746F6C6576656C20660D
:102D500061696C656400486F6D6520257325732576
:102D600073206669727374002066697273740A0056
:102D7000486F6D652000220A00556E6B6E6F776E8E
:102D800020636F6D6D616E643A20220000000000C8
:102D90000000000000000000000000000000000033
:102DA0000000000000000000000000000000000C17
:102DB000000000000000000C0000000000000012F5
:102DC00000000000000000230000000000000021BF
:102DD000000000000000004C800000000000005EC9
:102DE000800000000000009240000000000000A1F0
:102DF0004000000000000121200000000000027FD0
:102E0000900000000000020010000000000007FF1A
:102E1000F8000000000004000800000000000800A6
:102E20000400000000000800060000000000100080
:102E3000020000000000301E010000000000207FA2
:102E400081000000000041FFE0800000000043FC22
:102E5000F08000000000873B7840000000018EDB1E
:102E6000FC60000000010FEBCC20000000021FED11
:102E7000B610000000021FDEB6100000000439CDBD
:102E80007F080000000436E0FF08000000087EC054
:102E9000BB84000000187F005D86000000107FC02A
:102EA000ED82000000203CC07301000000203B3395
:102EB0007F01000000701BE77E03800000C81DEE4C
:102EC000DE04C00000880FDEDC04400001240FDFB8
:102ED0003C092000012607DBF8192000027203E7F5
:102EE000F0139000025101FFE02290000489007F5E
:102EF000802448000904801E004824000BFE400086
:102F000000DFF40010004000008002001FFFFFFF00
:102F1000FFFFFE00000000000000000000000000B5
:102F20000000000000000000000000001022103C23
:102F30003C0E1F0010221004221104001022100861
:102F400022110400102210083C110400102210105D
:102F50002211040010221020221104001E1C1E3C0D
:102F60003C0E040000000000000000000000000013
:102F70000000000000000000000000000000000051
:102F80000000000000000000000000000000000041
:102F90000000000000000000000000000000000031
:102FA0000000000000000000000000000000000021
:102FB0000000000000000000000000000000000011
:102FC0000000000000000000000020746F6F206C03
:102FD0006F6E6720657874727573696F6E2070729A
:102FE0006576656E7465640A0020636F6C642065A5
:102FF0007874727573696F6E2070726576656E7421
:1030000065640A00204500205A00205900204D39EF
:10301000322058002E0A006F70656E206661696C60
:1030200065642C2046696C653A200000002200256A
:103030000028002B002E00310034000201000005A2
:103040000108010B0100002100240027002A002DA7
:10305000003000330001010000040107010A0105EE
:10306000050505070508080808020202020A0A0801
:103070000804040404010101010101010103030327
:103080000303030303040707070C0C0C0C0C0C0CC4
:103090000C0202020206060606060606060B0B0BCB
:1030A0000B0B0B0B0B07070A0A0A0A0A0A05050590
:1030B0000404040808010210202008081020401011
:1030C00020408002010201080402010102040810EC
:1030D000204080804020100804020180040201800A
:1030E0004020100804020108040201010204081033
:1030F000204080010204081020408010080408804D
:103100001020400440801020400480486F74656E99
:103110006420544845524D414C2052554E41574130
:10312000590042454420544845524D414C20525587
:103130004E4157415900546865726D616C2052755B
:103140006E61776179002F2F616374696F6E3A0049
:1031500000060C00FE07022603BC017FFE08FE08E5
:10316000FE05080806000040F0C888889878100519
:103170000808060000C0F88888888888F8050505D2
:103180000600012030F830200508080600002070F5
:10319000F820202020E00509090600FF2070A8A8DB
:1031A000B888887020050606060001E08CEA8C8A43
:1031B0000A0509090600FFF8A88888888888A8F801
:1031C000050A0A0600FE205050505088A8A88870B2
:1031D00003030306000340A040FFFFFFFFFFFFFFC4
:1031E000FFFFFFFFFFFFFFFFFFFFFFFFFFFFFF00EE
:1031F00000000605FF01070706020080808080802E
:103200000080030303060105A0A0A0050606060032
:103210000050F85050F8500509090600FF2070A82A
:10322000A07028A87020050707060000C8C8102055
:1032300040989805070706000040A0A040A89068A5
:103240000103030602058080800309090601FF20AF
:1032500040408080804040200309090601FF8040F3
:103260004020202040408005070706000020A8706D
:103270002070A8200505050600012020F820200266
:1032800003030601FFC04080050101060003F802A8
:103290000202060100C0C005070706000008101062
:1032A00020404080050707060000708898A8C8885D
:1032B0007003070706010040C040404040E005079A
:1032C00007060000708808102040F8050707060070
:1032D00000F8081030088870050707060000103055
:1032E0005090F81010050707060000F880F0080855
:1032F0008870050707060000304080F08888700558
:103300000707060000F80810102020200507070610
:1033100000007088887088887005070706000070B4
:10332000888878081060020505060100C0C000C04A
:10333000C00206060601FFC0C000C04080030505AC
:103340000601012040804020050303060002F8002A
:10335000F8030505060101804020408005070706A7
:10336000000070881020200020050707060000706C
:1033700088B8A8B88070050707060000708888F82C
:10338000888888050707060000F04848704848F01C
:103390000507070600007088808080887005070791
:1033A000060000F04848484848F0050707060000B6
:1033B000F88080F08080F8050707060000F880801C
:1033C000F08080800507070600007088808098885C
:1033D00070050707060000888888F8888888030732
:1033E00007060100E04040404040E00507070600B6
:1033F0000038101010109060050707060000889034
:10340000A0C0A0908805070706000080808080800B
:1034100080F805070706000088D8A88888888805EE
:1034200007070600008888C8A89888880507070647
:10343000000070888888888870050707060000F0FB
:103440008888F080808005070706000070888888DB
:10345000A89068050707060000F08888F0A090880B
:103460000507070600007088807008887005070748
:10347000060000F820202020202005070706000075
:1034800088888888888870050707060000888888EB
:103490008850502005070706000088888888A8A85B
:1034A00050050707060000888850205088880507C7
:1034B0000706000088885020202020050707060006
:1034C00000F80810204080F80309090601FFE08099
:1034D000808080808080E0050707060000804040F3
:1034E000201010080309090601FFE02020202020F9
:1034F0002020E00503030600052050880501010691
:1035000000FEF803030306010580402005050506BB
:10351000000070087888780507070600008080F0B2
:10352000888888F005050506000070808088700591
:1035300007070600000808788888887805050506CA
:1035400000007088F08070050707060000304840D2
:10355000E04040400507070600FE7088888878082C
:10356000700507070600008080F0888888880307B8
:10357000070601004000C0404040E0040909060180
:10358000FE100030101010109060050707060000B4
:1035900080808890E09088030707060100C04040C3
:1035A000404040E0050505060000D0A8A8A8A805F1
:1035B0000505060000B0C8888888050505060000D6
:1035C00070888888700507070600FEF0888888F0F4
:1035D00080800507070600FE788888887808080537
:1035E0000505060000B0C8808080050505060000BE
:1035F00078807008F00507070600002020F82020DA
:1036000020180505050600008888889868050505C6
:103610000600008888885020050505060000888877
:10362000A8A8500505050600008850205088050709
:10363000070600FE888888502040800505050600A2
:1036400000F8102040F80309090601FF204040401F
:1036500080404040200109090602FF808080808070
:10366000808080800309090601FF8040404020409F
:1036700040408005030306000248A890FF010508AA
:1036800000FF060121023520FFFF07FF06FF0900AA
:1036900050221656808080800080153353A0A0A051
:1036A0000257575050F850F850500257572070A00A
:1036B0007028702013355580A040A0200247574045
:1036C000A0A040A0A0502513538080801226564011
:1036D00080808080401226568040404040800245D5
:1036E000559060F060900255552020F8202011334D
:1036F00053604080044151F011335340E040024692
:103700005610102040808012365640A0A0A0A04045
:1037100012365640C0404040E0024656609010606D
:1037200080F0024656F020601090600246562060FD
:10373000A0F02020024656F080E01090600246562D
:103740006080E0909060024656F0102020404002D9
:10375000465660906090906002465660909070105F
:1037600060122555C0C000C0C011365660600060B0
:103770004080123656204080804020034353F000A2
:10378000F012365680402020408012365640A0204D
:10379000400040015858304898A8A8904030024650
:1037A00056609090F09090024656E090E09090E045
:1037B000024656609080809060024656E09090905D
:1037C00090E0024656F080E08080F0024656F0809D
:1037D000E0808080024656609080B090600246563D
:1037E0009090F0909090123656E040404040E002B9
:1037F000465670202020A04002465690A0C0A0A0AF
:10380000900246568080808080F002465690F0F00C
:1038100090909002465690D0F0B0B090024656601C
:103820009090909060024656E09090E08080014732
:1038300057609090D0B06010024656E09090E090B3
:1038400090024656609040209060123656E040400C
:1038500040404002465690909090906002465690AC
:103860009090906060024656909090F0F0900246E2
:103870005690906060909002565688885020202084
:10388000024656F010204080F0123656E0808080CC
:1038900080E0024656808040201010123656E0200C
:1038A000202020E016325240A0014151F016225251
:1038B0008040024454709090700246568080E090A0
:1038C00090E0123454608080600246561010709070
:1038D000907002445460B0C060024656205040E0F0
:1038E000404001455560907010600246568080E06F
:1038F0009090901236564000C04040E0113757205B
:1039000000202020A040024656808090E090901237
:103910003656C040404040E0025454D0A8A8A80207
:103920004454E0909090024454609090600145555A
:10393000E090E08080014555709070101002445472
:10394000A0D0808012345460C020C002465640404F
:10395000E040502002445490909070123454A0A043
:10396000A04002545488A8A850024454906060902B
:103970000145559090709060024454F02040F00250
:103980004757304020C0204030221656808080802B
:103990008080024757C02040304020C0064252502D
:1039A000A0FFFFFFFFFFFFFFFFFFFFFFFFFFFFFF86
:1039B000FFFFFFFFFFFFFFFFFFFFFFFFFFFFFFFF17
:1039C000FFFF09005022165680008080808001464B
:1039D000562070A0A070200246562050E04050A013
:1039E00002555588705070880256568850F820F855
:1039F0002022175780808000808080024757708087
:103A0000E0907010E0173151A002565670A8C8C857
:103A1000A87014355560A06000E003435350A050D7
:103A2000123353E02020143151E002565670E8D88A
:103A3000E8D870173151E015335340A04012355586
:103A400040E04000E014355540A02040E0143555DA
:103A5000C020C020C0162252408001455590909051
:103A6000E08002565678E8E8682828241151801131
:103A70002252408014355540C04040E01435554036
:103A8000A04000E0034353A050A00247578080802D
:103A9000A060F0200247578080A0D010207002471D
:103AA0005780408060A0F02012365640004080A031
:103AB0004002475740206090F090900247572040C6
:103AC0006090F0909002475760906090F090900264
:103AD000475750A06090F090900247579000609038
:103AE000F0909002475760906090F0909002465698
:103AF00070A0A0F0A0B00147576090808090604017
:103B00000247574020F080E080F00247572040F005
:103B100080E080F00247576090F080E080F002473C
:103B2000579000F080E080F01237578040E040402E
:103B300040E01237572040E0404040E01237574005
:103B4000A0E0404040E0123757A000E0404040E095
:103B50000256567048E848487002475750A090D027
:103B6000B090900247574020609090906002475775
:103B700020406090909060024757609060909090D5
:103B80006002475750A060909090600247579000A5
:103B90006090909060123353A040A002465670B0DF
:103BA000B0D0D0E0024757402090909090600247FC
:103BB000572040909090906002475760909090906E
:103BC0009060024757900090909090600257571075
:103BD00020885020202002465680E09090E080020D
:103BE00046566090A0A090A00247574020007090D9
:103BF0009070024757204000709090700247572005
:103C000050007090907002475750A00070909070D4
:103C10000246565000709090700247576090607056
:103C2000909070025454F068B078113555608080DF
:103C3000604002475740200060B0C06002475720F4
:103C4000400060B0C06002475760900060B0C06044
:103C5000024656500060B0C060123757804000C026
:103C60004040E0123757204000C04040E012375734
:103C700040A000C04040E0123656A000C04040E0E6
:103C8000024757A040A01070906002475750A00014
:103C9000E09090900247574020006090906002476B
:103CA00057204000609090600247576090006090FD
:103CB000906002475750A000609090600246569076
:103CC00000609090601235554000E000400244547E
:103CD00070B0D0E0024757402000909090700247AB
:103CE000572040009090907002475760900090904D
:103CF0009070024656900090909070014858204075
:103D00000090907090600147578080E090E0808044
:103D10000147579000909070906001050700FE05E4
:103D200000FB01F220FFFE05FE05FE020040021529
:103D3000258080800080053242A0A002556550F8A1
:103D400050F8500146562070C030E0200255659072
:103D500010204048025565608068906805122280F6
:103D600080022535408080804002253580404040DB
:103D700080043343A040A003334340E0400122329B
:103D80004080043141E00211218002556508102075
:103D900040800245556090909060022535C04040BB
:103DA0004040024555E0106080F0024555E010604B
:103DB00010E00245552060A0F020024555F080E05B
:103DC00010E00245556080E09060024555F01020FB
:103DD000404002455560906090600245556090708B
:103DE000106003132380008002142480008080026E
:103DF00035452040804020033343E000E002354554
:103E00008040204080024555E0106000400255652A
:103E10007088B8A870024555609090F090024555A2
:103E2000E090E090E002354560808080600245557A
:103E3000E0909090E0023545E080E080E00235457A
:103E4000E080E080800245557080B090700245555A
:103E50009090F09090023545E0404040E00245559A
:103E6000301010906002455590A0C0A090023545DA
:103E700080808080E002556588D8A88888024555F2
:103E800090D0B0909002455560909090600245555A
:103E9000E09090E08001465660909090601002455E
:103EA00055E09090E09002455570806010E002353A
:103EB00045E040404040024555909090906002455A
:103EC000559090A0A04002556588A8A8A85002452A
:103ED000559090609090024555909070106002351A
:103EE00045E0204080E0022535C0808080C002553A
:103EF000658040201008022535C0404040C0053292
:103F00004240A0024151F0052232804002445470E8
:103F100090907002455580E09090E00234446080BB
:103F20008060024555107090907002445460B0C09B
:103F3000600235452040E040400046567090907049
:103F4000106002455580E090909002152580008019
:103F50008080002737400040404040800245558027
:103F600090A0E0900215258080808080025464F04B
:103F7000A8A8A8024454E090909002445460909005
:103F800060004656E09090E0808000465670909029
:103F9000701010023444A0C0808002445470C030BD
:103FA000E002354540E0404020024454909090703B
:103FB0000244549090A040025464A8A85050023487
:103FC00044A04040A000465690909070106002447B
:103FD00054F02040F00235456040804060021525D5
:103FE0008080808080023545C0402040C00542521C
:103FF00050A0FFFFFFFFFFFFFFFFFFFFFFFFFFFFDF
:10400000FFFFFFFFFFFFFFFFFFFFFFFFFFFFFFFFC0
:10401000FFFFFF020040FFFFFFFFFFFFFFFFFFFF6B
:10402000FFFFFFFFFFFFFFFFFFFFFFFFFFFFFFFFA0
:10403000FFFFFFFFFFFFFFFFFFFFFFFFFFFFFFFF90
:10404000FFFFFFFFFFFFFFFFFFFFFFFFFFFFFFFF80
:10405000FFFFFFFFFFFFFFFFFFFFFFFFFFFFFFFF70
:10406000FFFFFFFFFFFFFFFFFFFFFFFFFFFFFFFF60
:10407000FFFFFFFFFF01060D00FE09016602D620CB
:10408000FFFE0BFE0AFE0D00602219698080808011
:104090008080800080183363A0A0A0035767505031
:1040A000F850F850500259692078A0A0702828F0E4
:1040B0002002596948A85010204050A89002586822
:1040C00040A0A040A0989068281363808080113B96
:1040D0006B2040408080808080404020113B6B807E
:1040E0004040202020202040408006556520A870B8
:1040F000A8200455652020F82020113363604080FB
:10410000065161F811336340E04002596908081014
:104110001020404080800259692050888888888813
:1041200050200259692060A02020202020F8025948
:10413000697088880810204080F8025969F80810D2
:10414000207008088870025969101030505090F89B
:104150001010025969F88080B0C8080888700259A8
:104160006970888080F088888870025969F8081022
:1041700010202040404002596970888888708888E3
:1041800088700259697088888878080888701138A2
:104190006840E040000040E04011386840E04000E6
:1041A00000604080025969081020408040201008BB
:1041B000045464F80000F802596980402010081087
:1041C0002040800259697088880810202000200251
:1041D000596970888898A8A8B080780259692050D9
:1041E000888888F8888888025969F0484848704863
:1041F0004848F00259697088808080808088700209
:104200005969F048484848484848F0025969F880D8
:104210008080F0808080F8025969F8808080F0808A
:1042200080808002596970888080809888887002B8
:10423000596988888888F888888888123969E040B0
:10424000404040404040E0025969381010101010C2
:10425000109060025969888890A0C0A09088880258
:1042600059698080808080808080F80259698888C0
:10427000D8A8A88888888802596988C8C8A8A89832
:104280009888880259697088888888888888700228
:104290005969F0888888F080808080015A6A708827
:1042A0008888888888A87008025969F0888888F00A
:1042B000A09088880259697088808070080888708A
:1042C000025969F8202020202020202002596988E6
:1042D0008888888888888870025969888888885082
:1042E0005050202002596988888888A8A8A8A8501A
:1042F000025969888850502050508888025969882E
:104300008850502020202020025969F808101020E1
:10431000404080F8113B6BE080808080808080800E
:1043200080E0025969808040402010100808113B4D
:104330006BE0202020202020202020E00853632054
:104340005088015161F82A22628040025666700846
:1043500078889868025969808080F088888888F019
:10436000025666708880808870025969080808784B
:1043700088888888780256667088F8808870025924
:104380006930484040F0404040400058687088889C
:104390008878088870025969808080B0C8888888C9
:1043A000881238684000C040404040E0004A6A102F
:1043B0000030101010109090600259698080809039
:1043C000A0C0A09088123969C040404040404040A1
:1043D000E0025666D0A8A8A8A888025666B0C88889
:1043E000888888025666708888888870005868F0C7
:1043F000888888F080808000586878888888780865
:104400000808025666B0C8808080800256667088B0
:10441000601088700258684040F0404040483002C8
:1044200056668888888898680256668888885050BA
:10443000200256668888A8A8A85002566688502090
:1044400020508800586888888898680888700256C4
:1044500066F810204080F8015B6B1820202020C0F7
:104460002020202018221969808080808080808010
:1044700080015B6BC0202020201820202020C00855
:10448000536348A890FFFFFFFFFFFFFFFFFFFFFF01
:10449000FFFFFFFFFFFFFFFFFFFFFFFFFFFFFFFF2C
:1044A000FFFFFFFFFFFF0D00602219698000808081
:1044B00080808080800358682070A8A0A0A8702009
:1044C00002596930484040E0404048B00356668891
:1044D000705050708802596988885050F820F82030
:1044E00020221969808080800080808080124A6A42
:1044F000609080609090601090601A3262A0A0037B
:1045000059697088A8D8C8D8A888700457677008F7
:1045100078887800F80356662850A0A050280453E5
:1045200063F80808163161E00359697088E8D8D843
:10453000E8D888700A5161F817446460909060036D
:1045400057672020F8202000F807356540A020405C
:10455000E007356540A04020C02A22624080005814
:10456000688888888898E8808002596978E8E8E84F
:10457000E868282828262161C0202262408007356B
:104580006540C04040E0045767708888887000F834
:10459000035666A050282850A0025A6A40C04040E6
:1045A000E00818283808025A6A40C04040E0102845
:1045B000081038025A6A40A04020A048182838083D
:1045C000025969200020204080888870025A6A4081
:1045D000200020508888F88888025A6A102000201D
:1045E000508888F88888025A6A30480020508888A5
:1045F000F88888025A6A28500020508888F88888ED
:10460000025A6A50500020508888F88888025A6AF6
:1046100020502020508888F8888802596958A0A026
:10462000A0B0E0A0A0B8005B6B7088808080808024
:1046300088702040025A6A402000F88080F0808014
:10464000F8025A6A102000F88080F08080F8025A40
:104650006A304800F88080F08080F8025A6A505032
:1046600000F88080F08080F8123A6A804000E040D4
:1046700040404040E0123A6A204000E04040404064
:1046800040E0124A6A609000E04040404040E01242
:104690003A6AA0A000E04040404040E0025969F082
:1046A000484848E8484848F0025A6A285000888834
:1046B000C8A8988888025A6A40200070888888882C
:1046C0008870025A6A102000708888888888700272
:1046D0005A6A30480070888888888870025A6A2828
:1046E000500070888888888870025A6A505000701C
:1046F0008888888888700355658850205088015BB9
:104700006B08709898A8A8A8C8C87080025A6A4018
:10471000200088888888888870025A6A102000885B
:10472000888888888870025A6A3048008888888813
:10473000888870025A6A50500088888888888870F3
:10474000025A6A10200088885020202020025969CF
:1047500080F0888888F0808080025969609090A0FD
:10476000A0908888B0025969402000700878889825
:1047700068025969102000700878889868025969A1
:10478000304800700878889868025969285000708D
:10479000087888986802596950500070087888989D
:1047A00068025A6A30483000700878889868025663
:1047B00066702870A0A85000586870888080887043
:1047C00020400259694020007088F88088700259A2
:1047D000691020007088F88088700259693048009C
:1047E0007088F88088700259695050007088F8808D
:1047F0008870123969804000C040404040E0123962
:1048000069204000C040404040E01249696090008B
:10481000C040404040E0123969A0A000C040404084
:1048200040E0025A6A5020601070888888887002C0
:104830005969285000B0C888888888025969402082
:1048400000708888888870025969102000708888F4
:10485000888870025969304800708888888870029A
:1048600059692850007088888888700259695050AA
:1048700000708888888870035767202000F800201F
:1048800020015868087098A8A8C87080025969402B
:1048900020008888888898680259691020008888D4
:1048A000888898680259693048008888888898689C
:1048B000025969505000888888889868005B6B109E
:1048C00020008888889868088870005A6A8080B0BC
:1048D000C88888C8B08080005B6B5050008888888A
:1048E00098680888700000224300003E4300001FC3
:1048F00043000040C00000E0C0000000C0290A00E2
:104900002062797465733B20637263200053657481
:1049100074696E67732053746F7265642028004554
:104920004550524F4D206461746173697A6520650A
:1049300072726F722E0A00290A0020627974657300
:104940003B2063726320002073746F726564207370
:10495000657474696E6773207265747269657665D3
:1049600064202800202863616C63756C6174656441
:1049700029210A0020213D2000454550524F4D205D
:10498000435243206D69736D61746368202D202844
:1049900073746F7265642920002053697A653A2028
:1049A00000496E6465783A2000204D61726C696E32
:1049B0003D563637290A00454550524F4D20766501
:1049C0007273696F6E206D69736D617463682028FE
:1049D000454550524F4D3D00454550524F4D2049A1
:1049E0006E697469616C697A65640A004861726411
:1049F000636F6465642044656661756C74205365FB
:104A00007474696E6773204C6F616465640A002872
:104A10002300002823000064000000E803000000D9
:104A20000096430000964300000041000020420031
:104A300000C9420000C9420000C844004050443A46
:104A40000A0020204D3630332000205300205A0029
:104A500020590020580020204D3432352046004295
:104A600061636B6C61736820636F6D70656E7361F9
:104A700074696F6E3A0A002055004C0046696C61FB
:104A80006D656E74206C6F61642F756E6C6F616400
:104A9000206C656E677468733A0A00204500205ADE
:104AA0000020204D393037205800537465707065F0
:104AB00072206D6F746F722063757272656E74739D
:104AC0003A0A0020204D393030204B004C696E6589
:104AD000617220416476616E63653A0A0020204D60
:104AE000383531205A005A2D50726F6265204F665A
:104AF000667365740020440020490020204D333047
:104B00003420500020440020490020204D33303113
:104B10002050005049442073657474696E67733A7D
:104B20000A0020460020420020480020204D313459
:104B3000352053004D6174657269616C2068656150
:104B400074757020706172616D65746572733A0A74
:104B500000204A0020204732392057204900205A9F
:104B60000020204D3432302053004175746F2042B4
:104B70006564204C6576656C696E673A0A0020456D
:104B800000205A00205900205800205400205300D3
:104B900020204D32303520420020453C6D61785F49
:104BA000655F6A65726B3E0020583C6D61785F7886
:104BB0005F6A65726B3E20593C6D61785F795F6A10
:104BC00065726B3E205A3C6D61785F7A5F6A6572F0
:104BD0006B3E00416476616E6365643A20423C6DD1
:104BE000696E5F7365676D656E745F74696D655F2F
:104BF00075733E20533C6D696E5F666565647261D6
:104C000074653E20543C6D696E5F74726176656CAC
:104C10005F66656564726174653E002054002052D1
:104C20000020204D323034205000416363656C65B4
:104C3000726174696F6E2028756E6974732F733298
:104C4000293A20503C7072696E745F616363656CD1
:104C50003E20523C726574726163745F6163636588
:104C60006C3E20543C74726176656C5F6163636571
:104C70006C3E0A00204500205A0020590020204D9B
:104C80003230312058004D6178696D756D20416377
:104C900063656C65726174696F6E2028756E6974E6
:104CA000732F7332293A0A00204500205A002059F8
:104CB0000020204D3230332058004D6178696D75E9
:104CC0006D206665656472617465732028756E6910
:104CD00074732F73293A0A005374657073207065DA
:104CE0007220756E69743A0A0020204D31343920E3
:104CF00043203B20556E69747320696E2043656CB8
:104D0000736975730A0020286D6D290020204732D1
:104D100031202020203B20556E69747320696E205D
:104D20006D6D00486F6D696E67206661696C6564C2
:104D3000006F70656E005452494747455245440024
:104D40003A20007A5F6D696E00795F6D6178007955
:104D50005F6D696E00785F6D617800785F6D696E78
:104D6000005265706F7274696E6720656E6473744B
:104D70006F70207374617475730A00205A3A0020B2
:104D8000593A0020436F756E7420583A0020453A16
:104D900000205A3A0020593A00583A0020746F6FA8
:104DA000206C6F6E6720657874727573696F6E2002
:104DB00070726576656E7465640A0020636F6C645A
:104DC00020657874727573696F6E20707265766590
:104DD0006E7465640A00000040C000003E4300009D
:104DE00000C00000F0410000F041000000415761A8
:104DF000726E696E673A20486F6D696E6720427502
:104E00006D702044697669736F72203C20310A000E
:104E10000202040000A0400000A04000000040008A
:104E20000025430000454300002143FF01FF24F417
:104E3000D43050C38E20C2A24017828B7011127AD8
:104E4000910D816CD90AA861E108C75866076151C4
:104E500043061E4B5D05C145A7041A411104093DD7
:104E60009803713931034036DB0265339102D43047
:104E70005402802E1D02632CEE01752AC501B02854
:104E8000A001102781018F2564012B244B01E02212
:104E90003401AC211F018D200D01801FFC00841EF8
:104EA000ED00971DDF00B81CD200E61BC600201BDA
:104EB000BC00641AB200B219A8000A19A0006A184E
:104EC0009900D117910040178B00B5168400311658
:104ED0007E00B31579003A157300C7146F0058149B
:104EE0006A00EE1366008813630025135E00C71284
:104EF0005B006C12570015125400C1115100701163
:104F00004F0021114B00D61049008D10470046106C
:104F1000440002104200C00F4000800F3E00420FCC
:104F20003C00060F3B00CB0E3800930E37005C0EA2
:104F30003500270E3400F30D3200C10D3100900D05
:104F40003000600D2E00320D2D00050D2C00D90C07
:104F50002B00AE0C2900850C29005C0C2700350CB9
:104F600027000E0C2600E80B2400C40B2400A00B25
:104F700023007D0B23005A0B2100390B2100180B55
:104F80002000F80A1F00D90A1E00BB0A1E009D0A55
:104F90001D00800A1D00630A1C00470A1B002C0A22
:104FA0001B00110A1A00F7091A00DD091900C409CB
:104FB0001900AB091900920917007B091800630951
:104FC00017004C09160036091600200916000A09B8
:104FD0001500F5081500E0081400CC081400B80806
:104FE0001400A4081400900813007D0812006B0838
:104FF0001300580812004608120034081100230854
:1050000011001208110001081100F0071000E0075C
:105010001000D0071000C0071000B0070F00A10754
:10502000100091070E0083070F0074070F0065073B
:105030000E0057070E0049070E003B070D002E0714
:105040000E0020070D0013070D0006070D00F906DE
:105050000C00ED060D00E0060C00D4060C00C8069E
:105060000C00BC060C00B0060C00A4060B00990650
:105070000C008D060B0082060B0077060B006C06F9
:105080000B0061060A0057060B004C060A00420698
:105090000A0038060A002E060A0024060A001A062C
:1050A0000A001006090007060A00FD050900F405BC
:1050B0000900EB050900E2050900D9050900D00542
:1050C0000900C7050900BE050900B5050800AD05C2
:1050D0000800A50509009C050800940508008C053A
:1050E0000800840508007C050800740508006C05AC
:1050F0000700650508005D050700560508004E0518
:10510000070047050700400508003805070031057E
:1051100007002A050700230507001C0506001605E1
:1051200007000F0507000805060002050700FB043D
:105130000600F5040700EE040600E8040600E20499
:105140000700DB040600D5040600CF040600C904EE
:105150000600C3040600BD040600B7040600B1043F
:105160000500AC040600A6040600A00405009B048C
:10517000060095040500900406008A0405008504D5
:105180000500800406007A0405007504050070041B
:1051900005006B04050066040500610405005C045D
:1051A000050057040500520405004D04050048049D
:1051B0000500430405003E0404003A0405003504DC
:1051C0000500300404002C04050027040400230417
:1051D00005001E0404001A0404001604050011044E
:1051E00004000D0404000904050004040400000484
:1051F0000400FC030400F8030400F4030400F003BB
:105200000400EC030400E8030400E4030400E003EA
:105210000400DC030400D8030400D4030400D0031A
:105220000400CC030400C8030300C503030024F4F6
:1052300004D9201BC40C5C0E9804C4095F026507E6
:105240007101F405F900FB04B30048048700C103B1
:1052500069005803550003034500BE023A0084026A
:10526000310053022A002902250004022000E40133
:105270001C00C8011900AF01170098011400840137
:105280001300710110006101100051010E00430173
:105290000D0036010B002B010B0020010B00150146
:1052A00009000C01090003010800FB000800F300DD
:1052B0000800EB000700E4000600DE000600D8004E
:1052C0000600D2000600CC000500C7000500C200A1
:1052D0000500BD000400B9000400B5000400B100E1
:1052E0000400AD000400A9000400A5000300A20012
:1052F00003009F0004009B0003009800030095003A
:10530000020093000300900003008D0002008B0058
:105310000300880002008600020084000300810070
:1053200002007F0002007D0002007B000200790085
:105330000200770001007600020074000200720093
:105340000100710002006F0002006D0001006C009E
:1053500002006A00010069000200670001006600A7
:1053600001006500010064000200620001006100AC
:105370000100600001005F0002005D0001005C00B0
:1053800001005B0001005A000100590001005800B3
:1053900001005700010056000100550001005400B3
:1053A00001005300000053000100520001005100B1
:1053B0000100500001004F0001004E0000004E00AF
:1053C00001004D0001004C0001004B0000004B00AB
:1053D00001004A00010049000100480000004800A7
:1053E00001004700010046000000460001004500A2
:1053F000000045000100440001004300000043009C
:105400000100420000004200010041000000410094
:105410000100400001003F0000003F0001003E008D
:1054200000003E0001003D0000003D0001003C0086
:1054300000003C0000003C0001003B0000003B007D
:1054400001003A0000003A00010039000000390074
:10545000010038000000380000003800010037006B
:105460000000370001003600000036000000360062
:105470000100350000003500000035000100340057
:10548000000034000000340001003300000033004D
:105490000000330001003200000032000000320042
:1054A0000100310000003100000031000100300037
:1054B000000030000000300001002F0000002F002D
:1054C00000002F0000002F0001002E0000002E0021
:1054D00000002E0001002D0000002D0000002D0016
:1054E00000002D0001002C0000002C0000002C000A
:1054F00000002C0001002B0000002B0000002B00FE
:1055000000002B0001002A0000002A0000002A00F1
:1055100000002A00010029000000290000002900E5
:1055200000002900000029000100280000002800D8
:1055300000002800000028000000280001002700CB
:1055400000002700000027000000270000002700BF
:1055500001002600000026000000260000002600B2
:1055600000002600010025000000250000002500A5
:105570000000250000002500000025000100240097
:10558000000024000000240000002400000024008B
:10559000010023000000230000002300000023007E
:1055A000000023000000230000002300010022006F
:1055B0000000220000002200000022000000220063
:1055C0000000220001002100000021000000210055
:1055D0000000210000002100000021000000210047
:1055E000010020000000200000002000000020003A
:1055F000000020000000200000002000000020002B
:1056000001001F0000001F0000001F0000001F001D
:1056100000001F0000001F0000001F0001001E000E
:1056200000001E0000001E0000001E000000C2312D
:1056300000001C260000F4190000D80F0000EB0841
:105640000000C004000075020000400100004D6928
:1056500063726F737465707320756E617661696CC7
:1056600061626C650A0045303A20005A3A200059C0
:105670003A20004D53312C4D53322C4D5333205092
:10568000696E730A583A2000626564002C207379B1
:105690007374656D2073746F707065642120486544
:1056A000617465725F49443A200042656420686510
:1056B0006174696E67206661696C65640048656144
:1056C00074696E67206661696C65640042454420B8
:1056D000544845524D414C2052554E415741590076
:1056E000546865726D616C2052756E6177617900E6
:1056F000486F74656E642048656174696E672066E2
:1057000061696C65640048656174696E67206661F3
:10571000696C656400486F74656E64205448455236
:105720004D414C2052554E415741590054686572C5
:105730006D616C2052756E61776179001000AD0368
:1057400030016A0150022B0170030A019004F50038
:10575000B005E500D006D800F007CE001009C5005E
:10576000300ABE00500BB700700CB100900DAB00BA
:10577000B00EA600D00FA200F0109D0010129900EC
:10578000301395005014920070158E0090168B0007
:10579000B0178700D0188400F0198100101B7E001C
:1057A000301C7B00501D7900701E7600901F730026
:1057B000B0207000D0216E00F0226B001024690030
:1057C00030256600502663007027610090285E0037
:1057D000B0295C00D02A5900F02B5600102D54003F
:1057E000302E5100502F4E0070304B009031480049
:1057F000B0324500D0334200F0343E0010363B005A
:10580000303737005038330070392E00903A290075
:10581000B03B2300D03C1B00F03D1100103F0100C5
:10582000F03F0000486F74656E64204572723A2044
:105830004D415854454D50004572723A204D4158E3
:1058400054454D5020424544004D415854454D501B
:105850002074726967676572656400486F74656E6D
:1058600064204572723A204D494E54454D500045D2
:1058700072723A204D494E54454D502042454400E5
:105880004D494E54454D5020747269676765726585
:1058900064004D383420582059205A204500202FCC
:1058A000002042403A0020403A0020573A007C3C19
:1058B0003E5E2B3D3F2F5B5D3B2C2A225C00BC00F3
:1058C000500111241FBECFEFD1E2DEBFCDBF00E0FB
:1058D0000CBF13E0A0E0B2E0E6E1F3EA02E00BBFA8
:1058E00002C007900D92A43FB107D9F727E1A4EFBA
:1058F000B3E001C01D92AA3AB207E1F71CE2C0E68C
:10590000DCE200E006C021970109802FFE010F9420
:10591000DA4DCF35D10780E00807A9F70F94C93DCC
:105920000D9479510C940000089590E080E0089562
:1059300090914507E92FF0E0E858FC4E80839F5F87
:10594000953040F49093450780912A098F5F8093AA
:105950002A09089510924507F7CF4F925F926F92F0
:105960007F928F929F92AF92BF92CF92DF92EF92EF
:10597000FF92CF934B015C0169017A0120E030E096
:1059800040E152E4C701B6010F94EA4D2B013C01FE
:1059900022ED30E040EE50EC0F944A5087FD50C0AD
:1059A00027E030E04EE353E4C301B2010F945049C5
:1059B00018160CF445C020E030E04CE352E4C50179
:1059C000B4010F94E94D2B013C0123EA31E040E49E
:1059D00050EC0F944A5087FD33C027E030E042E29C
:1059E00053E4C301B2010F94504918164CF126EE4E
:1059F0003FEF47E452E4C501B4010F944A5087FDDC
:105A00001FC027E030E041E153E4C501B4010F9429
:105A100050491816ACF027E93FEF4FE151E4C701B8
:105A2000B6010F944A5087FD0BC0C1E027E030E07B
:105A300041E153E4C701B6010F94504918160CF424
:105A4000C0E08C2FCF91FF90EF90DF90CF90BF9070
:105A5000AF909F908F907F906F905F904F90089540
:105A6000DC0112964D915D916D917C911597ED91B0
:105A7000FC91408351836283738308959C018CE081
:105A8000E7E8F2E0D90101900D928A95E1F798E0FC
:105A9000E3E9F2E0D901A05CBF4F01900D929A9525
:105AA000E1F708952FEB280F2A3108F042C0E22FCA
:105AB000F0E08091A0049091A104A091A204B09183
:105AC000A30404C0B695A795979587952A95D2F714
:105AD00080FD02C081700895EA57FB4FE081EE23FC
:105AE00029F18091D0099091D109E80FF92FF11D8A
:105AF000808190ED980F9A3030F08E3251F4818190
:105B000080538A3098F4F0937604E093750481E032
:105B100008958D3211F08B3249F4818190ED980F08
:105B20009A3088F38E3211F48281EACFF0E0E0E01F
:105B3000EACF80E008950E94522D882341F081E051
:105B40002091750430917604232B09F480E00895A8
:105B50002F923F924F925F926F927F928F929F927D
:105B6000AF92BF92CF92DF92EF92FF920F931F936B
:105B7000CF93DF93CDB7DEB72E970FB6F894DEBF85
:105B80000FBECDBFF82EE62E042F122F282F30E0A7
:105B90003A872987862F90E09C878B87220F331FB7
:105BA000A985BA852A0F3B1F3E872D87FC01E20F8E
:105BB000F31FEE0FFF1FEE0FFF1FE55AF94E608136
:105BC0007181828193819B01AC010F94DC50882309
:105BD00009F440C1802F8F0D612F6E0D282F30E00A
:105BE000F901EE0FFF1FE20FF31FAB85BC85AE0F6F
:105BF000BF1FAA0FBB1FAA0FBB1FA55AB94EAC905F
:105C00001196BC9011971296CC9012971396DC9037
:105C1000080F802F90E0AC01440F551F480F591F0B
:105C2000AB85BC85A40FB51FAA0FBB1FAA0FBB1F56
:105C3000A55AB94EEC901196FC90119712960C91C2
:105C4000129713969C90862F90E0AD85BE85A80F85
:105C5000B91FAA0FBB1FAA0FBB1FA55AB94E8C9024
:105C600011967C90119712966C90129713965C90F7
:105C7000610F70E02D853E85260F371F220F331FE1
:105C8000220F331F255A394E3E872D87D9014C905C
:105C900011963C90119712961C91129713962C9086
:105CA000E80FF91FEE0FFF1FEE0FFF1FE55AF94E29
:105CB000B081B98321812A8332813B8383818C83A4
:105CC000FA01E60FF71FEE0FFF1FEE0FFF1FE55A59
:105CD000F94E90819D83A181AE83B281BF832381E0
:105CE00028879701402F592DB701802F992D0F94A8
:105CF000DC50882321F0E12CF12C00E0912C95015F
:105D0000A601B501C6010F94DC50882319F0570194
:105D1000C02ED92C242D332D412F522D642D732DBF
:105D2000812F922D0F94DC50882321F0412C312CAF
:105D300010E0212C282D372D462D552D682D772D3F
:105D4000862D952D0F94DC50882321F0842C732C04
:105D5000612E522C2D813E814F8158856D817E812F
:105D60008F8198850F94DC50882321F01D821E823C
:105D70001F82188629813A814B815C8169817A81F1
:105D80008B819C810F94DC50882341F03D813983C5
:105D90008E818A839F819B83A885AC83E985FA8560
:105DA000EE0FFF1F29853A85E20FF31F8B859C8537
:105DB000E80FF91FEE0FFF1FEE0FFF1FE55AF94E18
:105DC000FA87E9879501A601B501C6010F94EA4D4E
:105DD0009701402F592D0F94E94D6B017C01282D1F
:105DE000372D462D552D682D772D862D952D0F9409
:105DF000EA4D242D332D412F522D0F94E94D9B0157
:105E0000AC01C701B6010F94EA4D6B017C012981F9
:105E10003A814B815C8169817A818B819C810F946D
:105E2000EA4D2D813E814F8158850F94E94D9B01AC
:105E3000AC01C701B6010F94EA4D20E030E040E428
:105E400050E40F94E44EA985BA856D937D938D93AC
:105E50009C9313972E960FB6F894DEBF0FBECDBF5E
:105E6000DF91CF911F910F91FF90EF90DF90CF9036
:105E7000BF90AF909F908F907F906F905F904F906A
:105E80003F902F900895DF92EF92FF920F931F9310
:105E9000CF93DF93EC01D62E1CAD0BAD7C0184E0DB
:105EA000E80EF11CE98DFA8DC7011995412F480FB5
:105EB0002D2D602FC7010E94D5F39BAD890F8BAFAD
:105EC00081E090E0DF91CF911F910F91FF90EF90D3
:105ED000DF9008958F929F92AF92BF92CF92DF9200
:105EE000EF92FF920F931F93CF93DF93EC018B01FF
:105EF0007A018A859B858617970731F08881998179
:105F00000E94AFF21B870A87888599850196F9F46C
:105F10006A818E81680F97014C81888199810E94E6
:105F200068F42E813F81820F932F911D9F838E8372
:105F300090E080E0DF91CF911F910F91FF90EF9063
:105F4000DF90CF90BF90AF909F908F900895CE80BC
:105F5000DF80F701008110E0002309F1A880B980FB
:105F6000602FC5010E9407F3F501118911954701C2
:105F7000FFEF8F1A9F0AF40181914F01F5018823E9
:105F800041F09089190F082F682FC5010E9407F36F
:105F9000F2CF003279F083899189890F180FC10EF1
:105FA000D11C288539852C153D0508F0B1CF81E03D
:105FB00090E0C0CF8089F2CF8091750490917604F3
:105FC000009731F04AE050E070E060E00D944F46F9
:105FD00060E070E0CB010895CF93DF93EB010E9466
:105FE0009B2D882319F00E94DC2FEB01CE01DF915D
:105FF000CF9108950E94DC2F97FD0CC00E94DC2FEA
:106000006F3F71058105910509F034F40E94DC2F82
:10601000862F089580E008958FEF0895CF93C62FBF
:106020000E949B2D882319F0CF910C94FA2F8C2F6E
:10603000CF9108958091750490917604892B41F059
:106040000E94FA2F91E0811101C090E0892F0895FC
:1060500091E0FCCFCF93DF93C82FD62F0E949B2DCA
:10606000882321F0DF91CF910C941A308C2F0E945D
:10607000522D811101C08D2FDF91CF9108950E9483
:10608000DC2FCB010895CF93DF93EB010E949B2D72
:10609000882321F0DF91CF910C943F30CE01DF9126
:1060A000CF910895CF92DF92EF92FF920F931F93BB
:1060B000CF93DF938B01CFE2D2E020914302309166
:1060C00044024091450250914602FC016081718179
:1060D000828193810F94E44E2C853D854E855F85AA
:1060E0000F94EA4D6C877D878E879F87C12CD12CBA
:1060F00076012BE332E047E352E063E372E0CE0146
:106100000E9415E0DF91CF911F910F91FF90EF90CA
:10611000DF90CF900D94C5180F931F93CF93DF930B
:1061200083E50E949B2D882311F10E94FA2F823073
:1061300021F18330B9F18130D1F407EA12E0C0E0F7
:10614000F80181918F010E949B2D882339F00E94D4
:10615000FA2F4FEF682F8C2F0E94DFE0CF5FC43003
:1061600079F782E40E949B2D81110E94FA2FDF9122
:10617000CF911F910F910D94090E07EA12E0C0E034
:10618000F80181918F010E949B2D882339F00E9494
:10619000FA2F482F6FEF8C2F0E94DFE0CF5FC430C3
:1061A00079F7DFCFC7EAD2E00BEA12E089910E94CB
:1061B0009B2D81110E94FA2F0C171D07B9F7D1CF23
:1061C000CF92DF92EF92FF920F931F93CF93909114
:1061D0001102913009F461C0662351F010926404F9
:1061E0001092600410926104109262041092630491
:1061F000C82F0E94C2EDC0906004D0906104E0906E
:106200006204F09063049B01AC012C193D094E0916
:106210005F0969017A01F7FC40C020916404C7FD61
:1062200015C04C2F0C2E000C550B4C5F5F4FE22F0E
:10623000022E000CFF0B4E175F077CF144EFC42EBB
:10624000DD24D394E12CF12C2C1734F438EEC32E3A
:1062500033E0D32EE12CF12CC60ED71EE81EF91E1A
:10626000C0926004D0926104E0926204F0926304F0
:10627000022F017010E084E2809FB001819F700DB9
:10628000701B112460597C4F82E390E00E940F88BC
:10629000809164048F5F80936404CF911F910F916C
:1062A000FF90EF90DF90CF900895CF92DF92EF9222
:1062B000FF920F931F93CF93DF936B017A01EC0151
:1062C000C65EDB4F28813CE0389F8001399F100D6E
:1062D000112427FF24C0FB011182108288818F5F67
:1062E000888388819801280F311D87FD3A95C9015F
:1062F0002091F312F6012817190629F024F088815D
:106300008C300CF43CC080819181049680349C498F
:1063100008F475C0F60180819181049672C088816D
:106320009801280F311D87FD3A95C9012091F3127C
:106330002817190699F294F28881A801480F511D77
:1063400087FD5A95FA01EE0FFF1FE40FF51FE55583
:10635000FD4E808186FFC2CF8881F801E80FF11DD4
:1063600087FDFA95CF01EE0FFF1FE80FF91FE555E6
:10637000FD4E808160E08F730E948BECAFCF8081F7
:1063800091812881A801420F511D27FD5A959A013C
:10639000FA01EE0FFF1FE20FF31FE555FD4E2181BD
:1063A0003281820F931FF701918380838881980146
:1063B000280F311D87FD3A95F901EE0FFF1FE20FFF
:1063C000F31FE555FD4E808186FF20C08881080FB0
:1063D000111D87FD1A95F801EE0FFF1FE00FF11F49
:1063E000E555FD4E808161E08F73DF91CF911F9164
:1063F0000F91FF90EF90DF90CF900C948BEC80E4A6
:106400009CE9F701918380838FEF8883DF91CF919F
:106410001F910F91FF90EF90DF90CF9008958091A2
:10642000750490917604009731F04AE050E070E0F6
:1064300060E00D947D4760E070E0CB0108950F931C
:106440001F93CF9380917504909176040097E9F0A3
:10645000FC018F01C1912C2F2F7D81F0C53411F0EB
:10646000C536B9F7F801108270E060E00F94F1448E
:10647000F801C083CF911F910F91089570E060E003
:10648000CF911F910F910D94F14460E070E0CB012A
:10649000F1CFCF92DF92EF92FF926A017B010E94CF
:1064A0009B2D882331F0FF90EF90DF90CF900C94DC
:1064B0001F32C701B601FF90EF90DF90CF90089593
:1064C000CF92DF92EF92FF920F931F93CF93DF93C0
:1064D00087EAC82E82E0D82E9AEBE92E99E0F92EB1
:1064E0000FE212E0D0E0C0E0F60181916F010E945E
:1064F0009B2D882309F447C00E941F32FE01E458F7
:10650000FB4F2081211104C020918404222339F003
:10651000F80120813181428153810F94EA4DF701C6
:1065200060837183828393832196F4E0EF0EF11CE4
:106530000C5F1F4FC430D105B9F640E050E0BA01FE
:1065400086E40E94493220E030E0A9010F944A50CD
:10655000181684F40E941F3220E030E040E752E435
:106560000F94E44E60932B0270932C0280932D02C3
:1065700090932E02DF91CF911F910F91FF90EF909A
:10658000DF90CF900895F80180819181A281B3813D
:10659000F70180839183A283B383C6CF5A9887FD86
:1065A00044C05B9800000000000000005A9A5A980E
:1065B00086FD47C05B9800000000000000005A9A6A
:1065C0005A9885FD3CC05B98000000000000000068
:1065D0005A9A5A9884FD31C05B9800000000000070
:1065E00000005A9A5A9883FD26C05B98000000006C
:1065F000000000005A9A5A9882FD1BC05B98000068
:106600000000000000005A9A5A9881FD10C05B9863
:1066100000000000000000005A9A5A985B980000A1
:106620000000000000005A9A08955B9ABBCF5B9A65
:10663000EFCF5B9AE4CF5B9AD9CF5B9ACECF5B9AD0
:10664000C3CF5B9AB8CF0F934CE0849F402D1124A9
:1066500021E0240F209393058CE0840F8093A909F7
:1066600090E00296309172133817190621F01CF051
:1066700080E00F910895809174132817C8F781E086
:1066800080935E13662351F04D5F0BE020E860E0DD
:106690008EE393E10E9474F110925E138091A90938
:1066A00090917213891720F32091741390919305A0
:1066B0002917F0F2109275138093761381E0D9CFE9
:1066C00020919205022E000C330B8217130661F005
:1066D0008093920567E474E1813011F060E571E325
:1066E0008EE393E10C94AFF20895EF92FF920F9333
:1066F00082ECE82E83E1F82E03E127E047E064E234
:106700008EE393E10E9493F483E00E94603324E9D6
:1067100033E04BE265E28EE393E10E9468F42EE9F8
:1067200033E047E367E08EE393E10F91FF90EF9052
:106730000C9468F4CF93DF93FC0125AD211104C0C4
:1067400021E025AF0E94B4EFC0914013D0914113D6
:10675000E0916F13F091701382E01995E0916F133F
:10676000F091701381E0199530E020E044E1BE0122
:106770008EE393E10E94B0EF21E733E147E1BE01F0
:106780008EE393E10E94B0EFE0916F13F0917013EC
:1067900080E0DF91CF911994EF92FF920F931F93B6
:1067A000CF93DF93CDB7DEB72C970FB6F894DEBF4B
:1067B0000FBECDBF6F3F71058105910509F0C0F493
:1067C0008AE393E10E94432FE0914213F091431337
:1067D0003196849190E02C960FB6F894DEBF0FBEF0
:1067E000CDBFDF91CF911F910F91FF90EF90089552
:1067F000109175130091761320919A0521110FC005
:1068000042EA53E1602F812F0E9441F420E030E002
:10681000120F1093751300937613C901DCCFE0902B
:106820004213F09043132EE333E13A832983212F5F
:1068300030E03C832B83202F30E03E832D8318866D
:106840001F822FEF3FEF3A8729871C861B869E0108
:106850002F5F3F4FAB01BC01C7010E941ECAB701A9
:106860008EE393E10E94AFF22F813885D1CFEF9272
:10687000FF920F931F93CF93DF93CDB7DEB72C9783
:106880000FB6F894DEBF0FBECDBF10917513009107
:10689000761320919A0521111AC042E853E1602F26
:1068A000812F0E9441F480E090E0180F109375133F
:1068B000009376132C960FB6F894DEBF0FBECDBFB3
:1068C000DF91CF911F910F91FF90EF900895E0908D
:1068D0004213F09043132EE333E13A832983212FAF
:1068E00030E03C832B83202F30E03E832D831886BD
:1068F0001F827A8769871C861B869E012F5F3F4F08
:1069000040E351E8BC01C7010E94DECAB7018EE333
:1069100093E10E94AFF28F819885C7CF6FEF7FEF31
:106920000C943734EF92FF920F931F93CF93DF9322
:10693000CDB7DEB72C970FB6F894DEBF0FBECDBF34
:10694000109175130091761320919A0521111AC0A8
:1069500042E653E1602F812F0E9441F480E090E0F5
:10696000180F10937513009376132C960FB6F894A6
:10697000DEBF0FBECDBFDF91CF911F910F91FF9072
:10698000EF900895E0904213F09043132EE333E12B
:106990003A832983212F30E03C832B83202F30E062
:1069A0003E832D8318861F827A8769871C861B8603
:1069B0009E012F5F3F4F43E351E8BC01C7010E9496
:1069C000DECAB7018EE393E10E94AFF28F81988512
:1069D000C7CF6FEF7FEF0C949234AF92BF92CF92FC
:1069E000DF92EF92FF920F931F93CF93DF935C019F
:1069F0006B010E9466C5E82EC6010E943BBFF12CC8
:106A000003E110E0081B1109C5E20E151F050CF487
:106A1000CFE18C2F90E09C012E5F3F4F409172138D
:106A20004217130609F094F509972091741328175B
:106A3000190664F110927513C0937613C5010E9474
:106A40008E34D1E0C114D104B1F06AE370E080E08B
:106A500090E00E94CC330E151F05D4F4C45F8091E2
:106A60007213C81740F0209174134C2F4950550BE6
:106A7000241715067CF4DF91CF911F910F91FF90A1
:106A8000EF90DF90CF90BF90AF900895D0E0DACF35
:106A9000DD2389F3802F880F080F000F00937513F3
:106AA000C093761360E270E080E090E00E94CC3307
:106AB000C601DF91CF911F910F91FF90EF90DF9072
:106AC000CF90BF90AF900C94E934CF92DF92EF92C9
:106AD000FF920F93CF93DF93982F862F6A0179014E
:106AE000692F0E942333882309F448C0C70100237B
:106AF00009F10E9466C5C82F83E190E08C1B9109C3
:106B0000D82FDD0FD80FDD0F6D2F70E0C6010E946A
:106B10003734D81B6AE370E080E090E00E94CC3309
:106B2000D73058F060E270E080E090E00E94CC3313
:106B3000D81BF6CF0E943BBFDECF8091A9099C2FC6
:106B4000990F990FC91BCC0FC058C0937513809330
:106B50007613C701002349F0DF91CF910F91FF9089
:106B6000EF90DF90CF900C948E34DF91CF910F9106
:106B7000FF90EF90DF90CF900C94E934DF91CF91AC
:106B80000F91FF90EF90DF90CF900895CF92DF921A
:106B9000EF92FF926C01990FEE08FF084AE0C701DF
:106BA000B601F7FE0DC06DE28AE393E10E94432F28
:106BB00066277727CB016C197D098E099F094AE06A
:106BC000FF90EF90DF90CF900C94D5E590919714C3
:106BD00093FB882780F993FF06C081E090915D12B6
:106BE000911101C080E008954F925F926F927F9261
:106BF0008F929F92AF92BF92CF92DF92EF92FF92CD
:106C00000F931F93CF931092A5041092A4042FE327
:106C10002093A8041092A7041092A6041092A00436
:106C20001092A1041092A2041092A3049C01F901F5
:106C300090812F5F3F4F9032D1F39E34C9F4818110
:106C400090ED980F9A3020F08D3211F08B3281F454
:106C500032969F012F5F3F4F808180538A3008F426
:106C60006FC09F012F5F3F4F8081803209F46AC05F
:106C7000F093D109E093D0098F010F5F1F4FC081BE
:106C80006AE270E0C8010F943F51009731F0FC01B7
:106C9000319780818032E1F31182CD3421F0C43507
:106CA00011F0C734E9F5F80180810F5F1F4F803282
:106CB000D1F380538A30A0F5C093A80490E080E01F
:106CC000AAE0AF014F5F5F4F2081022E000C330B13
:106CD00020533109A89FB001A99F700D1124C9014B
:106CE000860F971FFA01208120532A3050F390938A
:106CF000A7048093A604DF0131962C912032D9F3AA
:106D0000CD3461F58E31910539F0F4F48731910578
:106D100019F08C31910511F5B093A504A093A4044A
:106D2000CF911F910F91FF90EF90DF90CF90BF9088
:106D3000AF909F908F907F906F905F904F9008954D
:106D4000F90187CFF9018DCF853791053CF0873761
:106D5000910514F3803A23E09207F1F21091D009E3
:106D6000C12CD12C760150E040E0812C912C5401B3
:106D7000839401C0DF01FD0131962C91222309F497
:106D800081C02132E1F4CD34D1F480329105B9F4DF
:106D9000C092A004D092A104E092A204F092A304B5
:106DA000F093A504E093A40463E270E0CF010F9494
:106DB0003F51009709F4B4CFDC011C92B1CF2154AC
:106DC0002A3108F05AC0DF013D91303291F060ED78
:106DD000630F6A30E8F03E3271F4318130533A305B
:106DE000B8F04115510519F4AF014150510930E097
:106DF00013C0FD01E8CF3D3211F03B3291F73181F4
:106E000060ED630F6A3020F03E3259F73281E6CFF1
:106E10003E2F311B309759F3622F70E0240135016A
:106E200004C0440C551C661C771C2A95D2F7C42854
:106E3000D528E628F7286A577B4FDB013C93208151
:106E400021542A3108F496CFDF01FD012D91222330
:106E500009F490CF30ED320F3A30B8F333ED320F02
:106E6000323098F32B3289F39F012F5F3F4F6081BF
:106E7000603209F07FCFF901F7CF41155105F9F6DE
:106E8000AD01DDCF5093A5044093A404C092A004AB
:106E9000D092A104E092A204F092A30441CF80E139
:106EA000EFE2F2E0AAEBB9E001900D928A95E1F7EA
:106EB00008952F923F924F925F926F927F928F929E
:106EC0009F92AF92BF92CF92DF92EF92FF920F9379
:106ED0001F93CF93DF93CDB7DEB72F970FB6F894FC
:106EE000DEBF0FBECDBF282E8B014B879AE0492E07
:106EF00097ED592E93E2692E9CE3792E80E090E085
:106F0000A0E8BFE3222351F0412C512C80E8682EE9
:106F10008EE3782E80E090E0A0EAB1E489839A8342
:106F2000AB83BC8380E090E0A8E4B2E4211104C00C
:106F300080E090E0A0EAB0E48D839E83AF83B887C1
:106F40000E944F37812C912C540194E0299E10010E
:106F50001124D101A654B64FBA87A987C801110FD1
:106F6000AA0BBB0B8C879D87AE87BF87A985BA8587
:106F7000CD90DD90ED90FC902D813E814F81588524
:106F8000C501B4010F94504987FF42C06C857D85CF
:106F90008E859F850F945749A30192010F94B6499E
:106FA000A70196010F94EA4DE985FA856083718304
:106FB00082839383E090C209F090C3090091C409D1
:106FC0001091C5092091BE093091BF094091C009B7
:106FD0005091C1096091BA097091BB098091BC09B7
:106FE0009091BD09DE0111966D010F942C200F9434
:106FF000C51883B182958170BB85B81749F0A3018C
:107000009201C501B4010F94EA4D4B015C01AECF72
:10701000F101E654F64F60817181828193812F9650
:107020000FB6F894DEBF0FBECDBFDF91CF911F9199
:107030000F91FF90EF90DF90CF90BF90AF909F9017
:107040008F907F906F905F904F903F902F9008951A
:107050003F924F925F926F927F928F929F92AF92E8
:10706000BF92CF92DF92EF92FF920F931F93CF9335
:10707000DF9300D000D01F921F92CDB7DEB7D82E7D
:107080004D835E836F837887322E270138010E94FB
:107090004F3784E0D89EF0011124E654F64F8D81DD
:1070A0009E81AF81B88580839183A283B3839FEF54
:1070B000391651F0A4E03A9EF0011124E654F64F3F
:1070C0004082518262827382BFEFCB1651F084E01E
:1070D000C89EF0011124E654F64F80829182A2826C
:1070E000B3828090BA099090BB09A090BC09B0907F
:1070F000BD0920E030E042E253E4C501B4010F9441
:10710000504987FFA5C020E030E040E450ECC501C5
:10711000B4010F944A50181634F0812C912C30E4AD
:10712000A32E30ECB32E8092BA099092BB09A092A4
:10713000BC09B092BD094090BE095090BF09609053
:10714000C0097090C10920E030E04EE353E4C30170
:10715000B2010F94504987FF82C020E030E040EE3A
:1071600050ECC301B2010F944A50181634F0412C70
:10717000512C90EE692E90EC792E4092BE095092DF
:10718000BF096092C0097092C1098091C2099091B3
:10719000C309A091C409B091C5098D839E83AF83B3
:1071A000B88720E030E04FE153E4BC01CD010F94FB
:1071B000504987FF5BC020E030E040E050EC6D813B
:1071C0007E818F8198850F944A50181644F080E094
:1071D00090E0A0E0B0EC8D839E83AF83B8878D8173
:1071E0009E81AF81B8858093C2099093C309A09313
:1071F000C409B093C50980E090E0A8E4B2E48983B3
:107200009A83AB83BC83DE0111966D01ED80FE8015
:107210000F811885A3019201C501B4010F942C20A0
:1072200028960FB6F894DEBF0FBECDBFDF91CF9189
:107230001F910F91FF90EF90DF90CF90BF90AF9094
:107240009F908F907F906F905F904F903F900895A8
:10725000812C912C22E2A22E23E4B22E64CF412C69
:10726000512C8EE3682E83E4782E87CF80E090E067
:10727000AFE1B3E4B0CF8F929F92AF92BF92CF9223
:10728000DF92EF92FF920F931F93CF93DF93EC0166
:107290006A017B0120E030E040E45FE368857985A6
:1072A0008A859B850F94EA4DA70196010F94EA4DBC
:1072B000AB01BC01812C912C5401CC24CA948501D2
:1072C00074012FEF82E00E942838EC80FD800E814F
:1072D0001F81488159816A817B8121E080E00E9481
:1072E0002838DF91CF911F910F91FF90EF90DF90A1
:1072F000CF90BF90AF909F908F900895CF92DF92E4
:10730000EF92FF92CF93DF93EC016A017B0120E0C3
:107310000E941DE222E0B701A601CE010E941DE2FB
:1073200023E0B701A601CE010E941DE2B701A6012C
:10733000CE010E943B391CAA1DAA1EAA1FAA18AE84
:1073400019AE1AAE1BAE288539854A855B8560E08B
:1073500070E0CB010F94E94D6CAF7DAF8EAF9FAF66
:10736000DF91CF91FF90EF90DF90CF900895DF9263
:10737000EF92FF920F931F93CF93DF9300D000D033
:10738000CDB7DEB78C01D090DF098FEF8093DF0996
:107390008FE392E09A83898380913F02909140022B
:1073A000A0914102B09142028B839C83AD83BE8346
:1073B00010923F021092400210924102109242023B
:1073C000C8010E947E390F94C5188FE2E82E82E032
:1073D000F82EF80124AD35AD46AD57ADF701608507
:1073E0007185828593850F94EA4DF70160877187D7
:1073F00082879387F801108611861286138614AE51
:1074000015AE16AE17AE0F94BB21CE0101960E94A9
:10741000302DD092DF0926960FB6F894DEBF0FBE4E
:10742000CDBFDF91CF911F910F91FF90EF90DF9033
:1074300008952F923F924F925F926F927F928F9218
:107440009F92AF92BF92CF92DF92EF92FF920F93F3
:107450001F93CF93DF9300D000D0CDB7DEB73C01B0
:10746000D090DF091092DF090FE312E01A8309833D
:1074700080913F0290914002A0914102B09142025E
:107480008B839C83AD83BE8310923F021092400297
:107490001092410210924202C3010E947E39E3ED34
:1074A000F9E0D3019C964D915D916D917C919F97F0
:1074B000408351836283738398964D915D916D9162
:1074C0007C919B97448355836683778390964D91F7
:1074D0005D916D917C919397408751876287738707
:1074E000CE0101960E94302D8FEF8093DF091A8321
:1074F000098380913F0290914002A0914102B09196
:1075000042028B839C83AD83BE8310923F02109214
:10751000400210924102109242028FE2682E82E0F5
:10752000782E20E030E040E450E4F301608571857E
:10753000828593850F94EA4D4B015C0120E030E099
:1075400040E450E4D30114966D917D918D919C910E
:1075500017970F94EA4D1B012C0120E030E040E426
:1075600050E4F30160817181828193810F94EA4D2F
:10757000AB01BC0192E0C92E8201710121E080E0E3
:107580000E94283820E030E040E450E4D30118960F
:107590006D917D918D919C911B970F94E94D4B01BD
:1075A0005C0120E030E040E450E4F3016481758147
:1075B000868197810F94E94D1B012C0120E030E07A
:1075C00040E450E4D3016D917D918D919C910F9495
:1075D000E94DAB01BC018201710121E080E00E9414
:1075E0002838CE0101960E94302DD092DF092696D0
:1075F0000FB6F894DEBF0FBECDBFDF91CF911F91C4
:107600000F91FF90EF90DF90CF90BF90AF909F9041
:107610008F907F906F905F904F903F902F90089544
:107620004F925F926F927F928F929F92AF92BF9292
:10763000CF92DF92EF92FF920F931F93CF93DF933E
:10764000EC016091401670914116072E000C880BDA
:10765000990B0F9457499B01AC01688179818A810C
:107660009B810F94E94D6B017C01609142167091F2
:107670004316072E000C880B990B0F9457499B015A
:10768000AC016C817D818E819F810F94E94D4B010E
:107690005C01A7019601609106027091070280913A
:1076A0000802909109020F945049882309F459C0A7
:1076B000C0920602D0920702E0920802F0920902FC
:1076C000209158043091590440915A0450915B0420
:1076D000C701B6010F94B6492B013C010F948C4FA2
:1076E0006B017C0120E030E0A9010F94504987FD37
:1076F00079C020E030E040E050E4C701B6010F94CB
:107700004A5018162CF4C12CD12CE12CC0E4FC2ECC
:10771000A7019601C301B2010F94E94D2B013C0171
:1077200020E030E0A9010F94504987FD5FC04092EE
:107730005404509255046092560470925704C70145
:10774000B6010F94564F60935304062E000C770B2E
:107750006F5F7F4F6230710514F062E070E06093FC
:10776000520410910102D0915304A501940160913B
:1077700002027091030280910402909105020F941D
:10778000504981113CC01D1393C0209134043091A5
:10779000350440913604509137046091540470913F
:1077A000550480915604909157040F94B649209146
:1077B00038043091390440913A0450913B040F94BD
:1077C000EA4DDF91CF911F910F91FF90EF90DF90E5
:1077D000CF90BF90AF909F908F907F906F905F9071
:1077E0004F900895C12CD12C760192CF1092540461
:1077F000109255041092560410925704A0CF809214
:10780000020290920302A0920402B092050220911B
:107810005C0430915D0440915E0450915F04C501A9
:10782000B4010F94B6494B015C010F948C4F6B016E
:107830007C0120E030E0A9010F94504987FD01C18F
:1078400020E030E040E050E4C701B6010F944A5018
:1078500018162CF4C12CD12CE12CB0E4FB2EA7017E
:107860009601C501B4010F94E94D4B015C0120E084
:1078700030E0A9010F94504987FDE7C080924E0483
:1078800090924F04A0925004B0925104C701B601E7
:107890000F94564F60934D04062E000C770B6F5FCC
:1078A0007F4F6230710514F062E070E060934C0429
:1078B000C0914D041D1305C0809100028C1709F47E
:1078C00075C0D0930102C09300028D2FDD0F990B7C
:1078D0000C2E000CDD0BAC01440F551F840F951FBF
:1078E000FC01EC0FFD1FEE0FFF1FEE0FFF1FE55A0F
:1078F000F94E208131814281538120934804309395
:10790000490440934A0450934B04E0914C040E2FD9
:10791000EE0F110BDC01A00FB11FAA0FBB1FAA0FA6
:10792000BB1FA55AB94E6D917D918D919C910F947D
:10793000E94D60934404709345048093460490930A
:10794000470480915204282F880F330BC901880FF8
:10795000991F820F931FC80FD91FCC0FDD1FCC0FAB
:10796000DD1FC55AD94E288139814A815B81209318
:107970004004309341044093420450934304FC017B
:10798000E00FF11FEE0FFF1FEE0FFF1FE55AF94E3C
:1079900060817181828193810F94E94D60933C04F1
:1079A00070933D0480933E0490933F0480904E0476
:1079B00090904F04A0905004B09051042091440442
:1079C000309145044091460450914704C501B401EB
:1079D0000F94B649209148043091490440914A04DB
:1079E00050914B040F94EA4D6B017C01C092380416
:1079F000D0923904E0923A04F0923B0420913C0486
:107A000030913D0440913E0450913F04C501B401C2
:107A10000F94B649209140043091410440914204B2
:107A2000509143040F94EA4DA70196010F94E94D3C
:107A30006093340470933504809336049093370434
:107A4000A4CEC12CD12C76010ACF10924E041092F4
:107A50004F04109250041092510418CFCF93DF932B
:107A6000CDB7DEB72C970FB6F894DEBF0FBECDBFF3
:107A7000882331F02091451630914616232B19F1B9
:107A80009091D2099817F9F00F94C5188CE0EBE9A2
:107A9000F2E0DE01119601900D928A95E1F7CE0198
:107AA00001960E94103B8091D2098823A9F047E3F8
:107AB00052E063E372E08FE292E00F94EA171092D3
:107AC000D2090F94BB212C960FB6F894DEBF0FBEDF
:107AD000CDBFDF91CF91089581E08093D2098FE2ED
:107AE00092E00F94B817EDCF4F925F926F927F9212
:107AF0009F92AF92BF92CF92DF92EF92FF920F933D
:107B00001F93CF93DF93CDB7DEB7A0970FB6F8944E
:107B1000DEBF0FBECDBF0E9459E18111D9C070E018
:107B200060E080E50E94EC2F182F6CE070E083E5A8
:107B30000E94EC2F5C0163E070E084E50E94EC2F72
:107B400040E050E060ED70E482E50E9449322B0194
:107B50003C019090D20980E00E942E3D113009F442
:107B600091C0123009F0CAC080E090E0A4E3B2E412
:107B700089839A83AB83BC8380E090E0ACE2B3E47A
:107B80008D839E83AF83B88780E090E0A0E0BFEB59
:107B900089879A87AB87BC87AA2009F473C01D86A2
:107BA0001E861F86188ACE010D966C01E12CF12CE1
:107BB00000E01FEB20E030E04CE253E460E070E0D6
:107BC00084E392E40F942C20B12C10E000E01D8699
:107BD0001E861F86188AB801012E000C880B990B8F
:107BE0000F9457492CE739ED40E25FE30F94B64913
:107BF0006B017C010F94DF4E9B01AC01C301B2010C
:107C00000F94B64920E030E04CE253E40F94EA4D83
:107C1000698F7A8F8B8F9C8FC701B6010F948A5022
:107C20009B01AC01C301B2010F94B64920E030E0E2
:107C300044E352E40F94EA4D6D8F7E8F8F8F98A3AB
:107C4000AE01435F5F4FBE01675E7F4FCE014D9631
:107C50000F94ED200F5F1F4F0A30110509F0B7CFC9
:107C6000B394BA1408F4B1CF1D861E861F86188AF5
:107C7000AE01435F5F4FBE016B5F7F4FCE01019648
:107C80000F94ED2020E030E040EA51E460913702AB
:107C9000709138028091390290913A020F945049C4
:107CA00087FF13C01D861E861F86188A80E090E01D
:107CB000A0EAB1E489839A83AB83BC83BE01635F8E
:107CC0007F4FCE0101960F940F21892D0E942E3DEA
:107CD000A0960FB6F894DEBF0FBECDBFDF91CF9157
:107CE0001F910F91FF90EF90DF90CF90BF90AF90DA
:107CF0009F907F906F905F904F90089580E090E00C
:107D0000A6EEB2E489839A83AB83BC8340E050E063
:107D10006CE273E44D835E836F83788780E090E04C
:107D2000A0E0BFEB89879A87AB87BC8700E010E0B3
:107D300024E332E40D871E872F87388B498B5A8BBB
:107D40006B8B7C8B8D8B9E8BAF8BB88F198E1A8E25
:107D50001B8E1C8ECE0149966C01E12CF12C00E0AB
:107D60001FEB9A01AB0160E070E084E392E40F94B2
:107D70002C20B594A794E894A7F8BB2410E01A151A
:107D80001B040CF07FCF198E1A8E1B8E1C8EAE0139
:107D9000475E5F4FBE016B5F7F4FCE0101960F9430
:107DA000ED20198E1A8E1B8E1C8EAE01475E5F4F22
:107DB000BE016F5E7F4FCE010D960F94ED201F5FC9
:107DC000DECF80E00E942E3D10924816109247169A
:107DD00010924616109245161092431610924216B3
:107DE0001092411610924016EBE5F6E12FE736E1CE
:107DF00080E090E0A0ECBFE780839183A283B3830F
:107E000084839583A683B78380879187A287B3876E
:107E10003C962E173F0781F70895CF92DF92EF929D
:107E2000FF920F931F93CF93DF93CDB7DEB72C97BD
:107E30000FB6F894DEBF0FBECDBF6B017C01142FCF
:107E4000AC019B016091351270913612809137120E
:107E5000909138120F945049882309F494C00091EE
:107E6000D20980E00E942E3D20E030E0A901C70148
:107E7000B6010F944A5018161CF0C12CD12C760173
:107E8000C0923512D0923612E0923712F092381228
:107E90002DEB37E346E855EBC701B6010F944A5086
:107EA00087FD0BC02DEB37E346E855E3C701B6016C
:107EB0000F94504918160CF062C0A701960160E0BB
:107EC00070E080E89FE30F94E44E60937F16709318
:107ED0008016809381169093821680EF9FEFA9E71A
:107EE000B4EC8093831690938416A0938516B09378
:107EF0008616002309F447C080912F02909130022A
:107F0000A0913102B091320289839A83AB83BC8302
:107F10008091330290913402A0913502B0913602E3
:107F20008D839E83AF83B88780913702909138020A
:107F3000A0913902B0913A0289879A87AB87BC87B2
:107F400081E00E942E3D1123F1F04CE050E06FE201
:107F500072E0CE0101960F940451892BA1F02C966A
:107F60000FB6F894DEBF0FBECDBFDF91CF911F914A
:107F70000F91FF90EF90DF90CF900D94D52F60E0A0
:107F800070E0CB01A2CF2C960FB6F894DEBF0FBEE7
:107F9000CDBFDF91CF911F910F91FF90EF90DF90B8
:107FA000CF900895CF92DF92EF92FF9260914516A5
:107FB00070914616072E000C880B990B0F945749A9
:107FC0006B017C012DEB37E346E855EB0F944A50EB
:107FD00087FD0BC02DEB37E346E855E3C701B6013B
:107FE0000F94504918160CF043C0A701960160E0A9
:107FF00070E080E89FE30F94E44E60935804709320
:10800000590480935A0490935B04609147167091D1
:108010004816072E000C880B990B0F9457496B01DB
:108020007C012DEB37E346E855EB0F944A5087FD72
:108030000AC02DEB37E346E855E3C701B6010F94BC
:1080400050491816CCF4A701960160E070E080E872
:108050009FE30F94E44E60935C0470935D048093FF
:108060005E0490935F04FF90EF90DF90CF900895AF
:1080700060E070E0CB01C1CF60E070E0CB01EBCFFE
:10808000282FE82FF0E09091B909892F90E0B0E017
:10809000A0E004C0B695A795979587952A95D2F745
:1080A00080FF14C08091960590919705860F971FC9
:1080B0009093970580939605EE0FFF1FEB56F94EB0
:1080C00080819181680F791F718360830895CF92B9
:1080D000DF92EF92FF926B017C0183E3C816D1041B
:1080E000E104F10470F082E3C81AD108E108F10854
:1080F00062E370E080E090E00E948FED0F943A0A16
:10810000ECCFC701B6010E948FEDFF90EF90DF909A
:10811000CF900D943A0A80911C04811107C00F94EE
:108120005D3C882319F081E080931C04089510922F
:10813000080A109298050895CF93C82F809344079A
:108140000F946122CC2369F024982C9A65E070E0AA
:1081500080E090E00E948FED0F94C518149ACF91A3
:108160000895249A2C981498FACF1F93CF93DF93F5
:10817000EC0181E00E949C4083E290E00197F1F7DE
:10818000CC30D10509F43DC04CF5CA30D10509F415
:1081900049C0CB30D10509F43BC0DD27FE01E758CB
:1081A000F34D8491FE01EB54FF4C1491C15ADF4C06
:1081B000FE01C491CC2379F081110E9424ECEC2FB4
:1081C000F0E0EE0FFF1FEF59F64FA591B491EC913F
:1081D000E123C1E009F4C0E0C1700BC0C831D10592
:1081E000E1F0CE31D105C9F6C6B1C095CC1FCC2780
:1081F000CC1F80E00E949C408C2FDF91CF911F917B
:108200000895C3B1C6FBCC27C0F981E0C827F1CFE0
:10821000C3B1C5FBCC27C0F9F8CFC0B1C2FBCC2796
:10822000C0F9F3CFC3B1C295C170E3CFDC01EC91CB
:108230008E2F90E0FC01EE0FFF1FE80FF91FE555B0
:10824000FD4E80818F7B80830895009781F410928A
:10825000900082E08093910010929500109294001B
:10826000C19A809171008260809371000895019796
:1082700061F41092A00082E08093A1001092A5000A
:108280001092A40089BB8093720008957F928F9210
:108290009F92AF92BF92CF92DF92EF92FF920F9395
:1082A0001F93CF93DF93EC017B018881883108F025
:1082B000C3C090E0FC01EE0FFF1FE80FF91FE5556A
:1082C000FD4E80818F730E94E6CB19821A828881CD
:1082D0002CE0622F0F94A64D829FB001112430E054
:1082E00020E0AB01420F531FFA01EE0FFF1FE40F16
:1082F000F51FE555FD4E908196FD08C02F5F3F4F5D
:108300002C30310571F790E00E9425417880072DCF
:1083100010E06801CC0CDD1CF601E00FF11FE55503
:10832000FD4E80818064808377FC86C080E2E81601
:1083300082E0F8060CF03FC08A8128E532E0281B75
:10834000310987FD3395220F331F220F331F032E70
:10835000000C440B550B898178E8872E912C881AE4
:10836000910887FD9394880C991C880C991C092C02
:10837000000CAA08BB0860E070E0CB01F7FC0AC063
:10838000B701653B710514F064EB70E0072E000C3B
:10839000880B990B281939094A095B090F94334D49
:1083A00024EB30E040E050E00F94654D820E931EC8
:1083B000A41EB51E740187E18715D8F0298188E8CD
:1083C00090E0821B910927FD9395880F991F880FD4
:1083D000991FE816F90604F502972FB7F894E601FD
:1083E000C00FD11FC555DD4E880F991F9A83898311
:1083F0002FBF62E370E080E090E0DF91CF911F91AA
:108400000F91FF90EF90DF90CF90BF90AF909F9033
:108410008F907F900C9467402A8188E592E0821BC0
:10842000910927FD9395880F991F880F991FE816CA
:10843000F90694F6C701D0CFDF91CF911F910F912C
:10844000FF90EF90DF90CF90BF90AF909F908F9074
:108450007F900895CF93DF93EB01682F70E084EF56
:1084600092E10E944641688179818A819B816737C8
:1084700021E072078105910520F467E771E080E053
:1084800090E00E94674083B182958170DF91CF9127
:1084900008958F929F92AF92BF92CF92DF92EF9208
:1084A000FF92CF93DF9300D01F92CDB7DEB7B82EE7
:1084B00084EF91E0A0E0B0E089839A83AB83BC8332
:1084C000BE016F5F7F4F80EA0E942A429EEEC92E56
:1084D00092E0D92EE12CF12CC982DA82EB82FC8267
:1084E000BE016F5F7F4F8AE50E942A4280913F164E
:1084F0008823D9F1BB20C9F1C982DA82EB82FC82E0
:10850000BE016F5F7F4F8AE00E942A4286E9882E73
:10851000912CA12CB12C89829A82AB82BC82BE01A3
:108520006F5F7F4F86E90E942A4289829A82AB82DE
:10853000BC82BE016F5F7F4F82E80E942A4289821F
:108540009A82AB82BC82BE016F5F7F4F86E90E9438
:108550002A42C982DA82EB82FC82BE016F5F7F4FC2
:108560008AE50E942A4210923F160F900F900F90BA
:108570000F90DF91CF91FF90EF90DF90CF90BF9061
:10858000AF909F908F9008951F920F920FB60F9209
:1085900011240BB60F922F933F934F935F936F93DA
:1085A0007F938F939F93AF93BF93EF93FF9348EA8B
:1085B00050E064EA70E081E090E00E945531FF9164
:1085C000EF91BF91AF919F918F917F916F915F914B
:1085D0004F913F912F910F900BBE0F900FBE0F90B8
:1085E0001F9018951F920F920FB60F9211240BB681
:1085F0000F922F933F934F935F936F937F938F933C
:108600009F93AF93BF93EF93FF9348E950E064E9E2
:1086100070E090E080E00E945531FF91EF91BF91B2
:10862000AF919F918F917F916F915F914F913F910A
:108630002F910F900BBE0F900FBE0F901F901895AB
:108640008F929F92AF92BF92CF92DF92EF92FF9262
:108650000F93CF93DF931F92CDB7DEB75C017B0101
:1086600049016B01C40ED51EF501808191810F94E3
:108670001D4D8983002311F0F7018083BE016F5FD8
:108680007F4FC4010E9432CDF50180819181019616
:1086900091838083FFEFEF1AFF0AEC14FD0421F7AA
:1086A00080E00F90DF91CF910F91FF90EF90DF90DE
:1086B000CF90BF90AF909F908F900895CF93DF930E
:1086C000CDB7DEB760970FB6F894DEBF0FBECDBF53
:1086D0009C01E62F660FFF0BE758F34DE491E7503E
:1086E000EC3008F0C4C0F0E08827E658FC4B8F4F10
:1086F0000D94DA4DB2438643D943D743B443104473
:108700000E44DB43374435443344124481E0FE01D8
:1087100035969AE0DF011D929A95E9F740EB50E01B
:108720005A83498341EB50E05C834B8343EB50E039
:1087300058874F8344EB50E05A87498792E09F87E0
:10874000888B80E13497D90101900D928A95E1F7E9
:10875000C90160960FB6F894DEBF0FBECDBFDF91A2
:10876000CF91089580E0D3CF81E08F5F40E950E062
:10877000F9015183408341E950E05383428342E948
:1087800050E05583448348E950E0578346834AE9E3
:1087900050E0518740874CE950E05387428746E9D3
:1087A00050E05587448793E096878787D1CF80E054
:1087B000DCCF80E0DBCF81E08F5F40EA50E0D90181
:1087C00011965C934E9341EA50E013965C934E935E
:1087D000129742EA50E015965C934E93149748EA3C
:1087E00050E017965C934E9316974AEA50E019961C
:1087F0005C934E9318974CEA50E01B965C934E9313
:108800001A9746EA50E01D965C934E931C9794E0AD
:108810001E969C931E971F968C939ACF80E0CCCF88
:1088200080E0CBCF81E08F5F40E251E0F9015183DE
:10883000408341E251E05383428342E251E0558359
:10884000448348E251E0578346834AE251E051872E
:1088500040874CE251E05387428746E251E055871A
:10886000448795E0A1CF80E0DECF80E0DDCF80E1DE
:10887000D9011D928A95E9F76BCF9091C10095FDC2
:108880000CC09091C00095FF08C08093C6008091F5
:10889000C00080648093C00008952091F8032F5F8A
:1088A0002F710FB607FC27C09091F903921328C0CF
:1088B0009091C00095FF1EC09091F9034091F8037C
:1088C000941306C09091C1009F7D9093C10012C087
:1088D000E92FF0E0E850FC4F32819F5F9F713093A9
:1088E000C6009093F9033091C00030643093C0000B
:1088F000491741F3D9CF9091F903921301C0FBCFEF
:10890000E091F803F0E0E850FC4F82832093F803F5
:108910008091C10080628093C1000895CF93DF935E
:10892000EC01FE0184912196882319F00E943D44B8
:10893000F8CFDF91CF9108958091A004827149F41E
:108940008091A2048C7829F48091A304837009F4A7
:1089500075C082E40E94522D882351F00E940F328C
:1089600060939C1170939D1180939E1190939F1121
:1089700083E50E94522D882351F00E941F3260939C
:10898000CC117093CD118093CE119093CF1184E5CB
:108990000E94522D882351F00E941F326093D01103
:1089A0007093D1118093D2119093D31188E50E94D6
:1089B000522D882351F00E941F326093F409709366
:1089C000F5098093F6099093F70989E50E94522DE5
:1089D000882351F00E941F326093F8097093F909BF
:1089E0008093FA099093FB098AE50E94522D88230F
:1089F000B1F00E941F326093FC097093FD098093CF
:108A0000FE099093FF092DEC3CEC4CEC5DE30F94D8
:108A10005049181624F08FE299E00E948E4485E4B4
:108A20000E94522D882351F00E941F326093000A49
:108A30007093010A8093020A9093030A08950F939A
:108A40001F93CF93DF938B010E948E44E80189919D
:108A5000882319F00E943D44FACFDF91CF911F91F6
:108A60000F9108958BE096E00C948E444F925F92A4
:108A70006F927F928F929F92AF92BF92CF92DF922E
:108A8000EF92FF920F931F93CF93DF931F92CDB777
:108A9000DEB78091971482FF21C180912A0981114C
:108AA00002C010929105EE24E394409193145091EA
:108AB0009414609195147091961480918F149091F4
:108AC0009014A0919114B0919214481759076A0715
:108AD0007B0708F4E12C10E000E0AA24A39480E6D0
:108AE000982E9CE2C92E91E1D92E29E6822E809102
:108AF0002A09853008F0F2C0E110F0C0E09091053D
:108B0000E110ECC08091621290916312A091641206
:108B1000B09165128093931490939414A09395143C
:108B2000B093961441E050E0BE016F5F7F4F8AE53D
:108B300092E10F942A030197D9F5898190E0F82EEC
:108B400040909314509094146090951470909614E3
:108B500040918F14509190146091911470919214DF
:108B6000BB24B394441655066606770608F4B12C68
:108B70004416550666067706F0F4019609F46AC0B5
:108B80008AE0F81609F46CC02DE0F21609F468C00A
:108B900083E2F81619F02AE3F2127BC08091900567
:108BA000811177C023E2F2125BC0A092910558C0F8
:108BB0008FEF9FEFC4CF0F94C5188AE592E10F9411
:108BC000E10280918E14882379F1815080938E1474
:108BD000889DC001112441E061E08D52994F0E94AF
:108BE000E4F8E0918E1484E0E89FF0011124E15351
:108BF000F94F408151816281738140939314509366
:108C0000941460939514709396148AE592E10F94EE
:108C1000FE000E9456F58091971482FD59C08FE3A3
:108C200091E10E948E44BECF0E9445F50F94431AF5
:108C30000F9402290F947C286D33710581059105ED
:108C400020F0D0924707C0924607109299050E94E3
:108C50008488E1CF0E94324580E391E10E948E44F6
:108C6000109290050115110531F40F943A0AEB2C7E
:108C700010E000E03CCF80914507989E000D111D4B
:108C80001124F801E85BF84F108280E00E94982CD4
:108C9000EECF0F35110508F02ACF8BE3F81203C091
:108CA000A092900524CF80919005811120CF8091D2
:108CB0004507F801989EE00DF11D1124E85BF84F7F
:108CC000F082E12C0F5F1F4F12CF10929005CDCF95
:108CD00023E2F212FACF10E000E067CF0F90DF91AD
:108CE000CF911F910F91FF90EF90DF90CF90BF90A9
:108CF000AF909F908F907F906F905F904F9008956E
:108D000085E096E00C948E44CF93C82F82E0C11189
:108D100084E040E060E00E94A8B50E94804680EBBD
:108D200096E0CC2311F082ED96E0CF910C948E4426
:108D30009091800F93FD0FC09091190A91110BC073
:108D400040914B1250914C122091470230914802B1
:108D5000421753074CF040E0682F8BE00E94A8B503
:108D600061E080E00D94652E0E9480468FE996E0D8
:108D70000E948E4480E008958F929F92AF92BF929E
:108D8000CF92DF92EF92FF920F931F93CF93DF93D7
:108D900000D000D01F921F92CDB7DEB76C015B01EF
:108DA0007A01022F85E297E00E940FCA8091800F1E
:108DB00083FD1CC020E030E0A901F70160817181D2
:108DC000828193810F945049882381F01091190A70
:108DD00011110CC020914B1230914C12809147021E
:108DE00090914802281739070CF45CC09091CE0688
:108DF00081E0890F8093CE068091971482FD77C021
:108E00000F94ED2880E1EFE2F2E0A5E6B4E00190F6
:108E10000D928A95E1F70F94C51820E030E0A90182
:108E2000F60160817181828193810F94504988237A
:108E300019F18091190A811111C060914712709146
:108E400048128091491290914A120F94564F2091E6
:108E50004702309148026217730774F080E090E097
:108E6000A0E2B1E489839A83AB83BC83BE016F5FC8
:108E70007F4FC6010E9452300E9459E1811104C007
:108E8000B50182E00E94138720E030E0A901F701DC
:108E900060817181828193810F94504981112EC02C
:108EA00011E011C00E9480468BE397E00E948E443F
:108EB000002349F0109295050E94118C60E08CE22D
:108EC00097E00E944888812F28960FB6F894DEBF5D
:108ED0000FBECDBFDF91CF911F910F91FF90EF900B
:108EE000DF90CF90BF90AF909F908F9008958B7F31
:108EF000809397149E5F9093CE0682CF81E00E946C
:108F00009846182F811107C0002351F21092950541
:108F10000E94118CC5CF002329F040E061E083E07E
:108F20000E94A8B580E090E0A0E8BFE389839A831F
:108F3000AB83BC8380E090E0A0ECB0E48D839E83A3
:108F4000AF83B887BE016F5F7F4FCE0105960E9449
:108F500052308090C4119090C511A090C611B0906D
:108F6000C71180E090E0A8ECB1E48093C411909325
:108F7000C511A093C611B093C71180E090E0A0EA9C
:108F8000B0E489839A83AB83BC83F70180819181AC
:108F9000A281B3818D839E83AF83B887BE016F5F4B
:108FA0007F4FCE0105960E9452308092C41190925C
:108FB000C511A092C611B092C711149A64E670E070
:108FC00080E090E00E9467407ECF0F943C070F94B2
:108FD000022980917F02882399F00E9432458EE811
:108FE00095E00E948E4460E084E895E00E94488805
:108FF0006EE571E080E090E00E94674010927F0291
:109000000895CF92DF92EF92FF921F93CF93DF9359
:1090100000D01F92CDB7DEB78EEEC82E82E0D82EDC
:10902000E12CF12CC982DA82EB82FC82BE016F5FF7
:109030007F4F8AE50E942A4281110EC010E0812FE5
:109040000F900F900F900F90DF91CF911F91FF9095
:10905000EF90DF90CF90089584EF91E0A0E0B0E032
:1090600089839A83AB83BC83BE016F5F7F4F80EAA5
:109070000E942A42C982DA82EB82FC82BE016F5FC3
:109080007F4F8AE50E942A42182F8823B9F20E9456
:10909000324585E696E00E948E440E94E547CFCF98
:1090A000CF92DF92EF92FF92CF93DF9300D01F9287
:1090B000CDB7DEB78EEEC82E82E0D82EE12CF12C93
:1090C000C982DA82EB82FC82BE016F5F7F4F8AE049
:1090D0000E942A42882309F44DC084EF91E0A0E069
:1090E000B0E089839A83AB83BC83BE016F5F7F4FFF
:1090F00080EA0E942A42C982DA82EB82FC82BE01A7
:109100006F5F7F4F8AE50E942A42C982DA82EB8232
:10911000FC82BE016F5F7F4F8AE00E942A42C982B3
:10912000DA82EB82FC82BE016F5F7F4F8AE50E948C
:109130002A42C982DA82EB82FC82BE016F5F7F4FD6
:109140008AE00E942A42F82E8823A1F00E9432452C
:109150008BE296E00E948E440E94E5478F2D0F908F
:109160000F900F900F90DF91CF91FF90EF90DF90D5
:10917000CF90089587E791E0A0E0B0E089839A83DB
:10918000AB83BC83BE016F5F7F4F8CE30E942A429A
:10919000F12CE4CF1F93CF93DF93EC010F943C07A6
:1091A0000E94324584E695E00E948E44209711F497
:1091B000CBE5D5E00E94F98861E0CE010E944888A5
:1091C0000E94118CC0913F13C695C6958AE393E126
:1091D0000E949A33DC2FDD0F1D2F1C0F83E00E94AD
:1091E000603310927513C09376138BED91E10E945A
:1091F000E93410927513D093761383E495E00E94BE
:109200008E34109275131093761386E395E00E94C6
:109210008E348EE393E10E947DF28111DFCF82E5EF
:1092200095E00E940FCA89EE93E030E6019729F09D
:10923000232F2A950000E9F7F9CFF89489EE93E0FF
:1092400038EE019729F0232F2A950000E9F7F9CF8E
:109250000F943C07359902C0A895FCCF359B02C0FE
:10926000A895FCCFF0E0E0E0DF91CF911F91199439
:109270007F928F929F92AF92BF92CF92DF92EF92A6
:10928000FF920F931F93CF93DF931F92CDB7DEB75B
:109290007C0159018B016B01C40ED51E0C151D05F7
:1092A000C9F1F70180809180F80171908F01798276
:1092B000C4010F941D4D781601F1672DC4010F9460
:1092C000254DC4010F941D4D99818917B1F00E945D
:1092D000804681E894E00E948E4481E00F90DF9107
:1092E000CF911F910F91FF90EF90DF90CF90BF90A3
:1092F000AF909F908F907F900895BE016F5F7F4FDA
:10930000C5010E9432CDF701808191810196918340
:109310008083C4CF80E0E2CFCF92DF92EF92FF92C2
:109320000F931F93CF93DF93CDB7DEB7A0970FB600
:10933000F894DEBF0FBECDBF6115710581059105A3
:1093400079F100E0C42ED12CF12CE12CA70196017B
:109350000F94434D11E0100FE1E0F0E0EC0FFD1F22
:10936000E00FF11D07FDFA956083B901CA01012FD5
:10937000611571058105910549F7115010F1E1E082
:10938000F0E0EC0FFD1FE10FF11D17FDFA95908144
:1093900087E39A3008F480E3890F0E943D44EDCFC3
:1093A00080E3A0960FB6F894DEBF0FBECDBFDF916D
:1093B000CF911F910F91FF90EF90DF90CF900C9481
:1093C0003D44A0960FB6F894DEBF0FBECDBFDF912F
:1093D000CF911F910F91FF90EF90DF90CF90089564
:1093E000CF92DF92EF92FF926A017B010E948E443E
:1093F0004AE0C701B601FF90EF90DF90CF900C9448
:109400008C49CF93DF93EB010E948E44BE0190E024
:1094100080E04AE0DF91CF910C948C49CF92DF92AB
:10942000EF92FF926B017C01F7FE0BC08DE20E9470
:109430003D44F094E094D094C094C11CD11CE11C34
:10944000F11C4AE0C701B601FF90EF90DF90CF908A
:109450000C948C49CF93DF93E0912809F0E0E85811
:10946000FC4E8081882309F447C084EF9FE00E946E
:109470008E44C091280980E6C89FE0011124C85B92
:10948000D84F88818E3479F480E20E943D448991DE
:109490000E943D44899190ED980F9A30C8F38D3227
:1094A000B9F38B32A9F381EF9FE00E948E44809143
:1094B000FA129091FB12891B8F706FE070E0681BAD
:1094C0007109072E000C880B990B0E940E4A8EEE34
:1094D0009FE00E948E4480912A0965E070E0681B3D
:1094E0007109072E000C880B990B0E940E4A8AE026
:1094F000DF91CF910C943D44DF91CF910895CF93AC
:10950000DF93EB010E948E44BE01DD0F880B990BA7
:10951000DF91CF910C940E4ACF9384E50E949B2D4E
:10952000C0E08823F9F00E94FA2FC82F1816D4F44F
:109530000E9480468DE40E943D446091A604709193
:10954000A704072E000C880B990B0E940E4A6C2F63
:10955000CC0F770B8FE799E00E947F4A8AE00E9448
:109560003D44CFEF8C2FCF9108958F929F92AF9271
:10957000BF92CF92DF92EF92FF92CF936B017C016B
:10958000B42E20E030E0A9010F94504987FF07C0B6
:109590008DE20E943D44F7FAF094F7F8F094C0E0B1
:1095A00060E070E080E09FE3CB1541F02DEC3CECF7
:1095B0004CEC5DE30F94B649CF5FF6CF9B01AC0155
:1095C000C701B6010F94EA4D6B017C010F945D4F0A
:1095D0004B015C014AE00E948C49CC2391F1C5010A
:1095E000B4010F9455499B01AC01C701B6010F941A
:1095F000E94D6B017C018EE20E943D44C15008F1AF
:1096000020E030E040E251E4C701B6010F94B649D2
:109610004B015C010F94564F6B01770FEE08FF086A
:10962000C701B6010E940E4AC701B6010F945749FF
:109630009B01AC01C501B4010F94E94D6B017C01A4
:10964000DDCFCF91FF90EF90DF90CF90BF90AF90A4
:109650009F908F9008957F928F929F92AF92BF922A
:10966000CF92DF92EF92FF920F931F93CF93DF93EE
:1096700082E196E00E948E44C12CD12C7601C7E095
:10968000C15021F080E20E943D44FACFC701B601EB
:109690000E940E4A8FEFC81AD80AE80AF80AE3E0D7
:1096A000CE16D104E104F10451F78AE00E943D4452
:1096B000CBE5D6E1C12CD12C760180E20E943D445D
:1096C000C701B6010E940E4A8E0183E0782E80E227
:1096D0000E943D44F80180809180A280B380A50162
:1096E0009401C501B4010F94DC508823B9F180E2E4
:1096F0000E943D448DE30E943D448DE30E943D4421
:109700008DE30E943D448DE30E943D448DE30E9421
:109710003D447A94045F1F4F7110D9CF8AE00E94B4
:109720003D44FFEFCF1ADF0AEF0AFF0A249683E0D9
:10973000C816D104E104F10409F0BFCF8AE0DF913B
:10974000CF911F910F91FF90EF90DF90CF90BF903E
:10975000AF909F908F907F900C943D4420E030E03C
:10976000A901C501B4010F944A5087FD03C08BE2E3
:109770000E943D4443E0C501B4010E94B54AC9CFEF
:10978000CF92DF92EF92FF926A017B010E948E449A
:1097900042E0C701B601FF90EF90DF90CF900C94AC
:1097A000B54A2F923F924F925F926F927F928F9223
:1097B0009F92AF92BF92CF92DF92EF92FF920F9360
:1097C0001F93CF93DF93CDB7DEB7C855D1090FB63E
:1097D000F894DEBF0FBECDBF70E060E085E40E946C
:1097E0004330182F81E0810F8230E8F088E393E165
:1097F000C85ADF4F0FB6F894DEBF0FBECDBFDF9162
:10980000CF911F910F91FF90EF90DF90CF90BF907D
:10981000AF909F908F907F906F905F904F903F9010
:109820002F900C948E4465E070E083E40E944330F6
:10983000B82E60E085E50E942A3065968FAF659767
:1098400040E050E06CE872E417FD04C040E050E0F6
:1098500066E173E483E50E9449320F94564F072E68
:10986000000C880B990B0F9457496D837E838F836F
:1098700069969FAF69970E94C2ED6A8B7B8B8C8B38
:109880009D8B1F3F09F0B4C420E030E047E053E473
:109890006D817E818F8169969FAD69970F944A5043
:1098A00018160CF0D7C18DE093E1A2CF20E030E094
:1098B00040E05EE329962CAF3DAF4EAF5FAF2997F6
:1098C0008AE999E9A9E1BFE32D968CAF9DAFAEAFD0
:1098D000BFAF2D972E961FAF2E97A2E1B2E16096F3
:1098E000BFAFAEAF6097EDE4F2E16296FFAFEEAFCF
:1098F000629702C2ADA1BEA12C9011963C90119727
:1099000012960C9112971396BC916896BFAF689708
:109910006FC26496EEADFFAD64978083C7C25BEE05
:10992000C52ED12CE12CF12C6AC324E130E040E0BB
:1099300050E02C873D874E875F8744E1C42ED12CB1
:10994000E12CF12C6AC3CC86DD86EE86FF8665C3EA
:109950006496EEADFFAD6497808333C4A1E0A98324
:10996000B8C2B1E0B983B5C2D501C40128AD39ADE3
:109970004AAD5BAD821B930BA40BB50BB7FD5BC06F
:109980002E968FAD2E970F94F62D8AE00E943D44BF
:10999000D501C4018053984FAF4FBF4F88AF99AFE7
:1099A000AAAFBBAF9CAD91117CC021962CAD3DAD53
:1099B0004EAD5FAD2197B101802F68969FAD68973E
:1099C0000F944A5018160CF054C020E030E040E0EC
:1099D00050E4B101802F68969FAD68970F94EA4DCF
:1099E00021966CAF7DAF8EAF9FAF21972FA538A981
:1099F00049A95AA9280D391D4A1D5B1D25962CAF72
:109A00003DAF4EAF5FAF25972CA93DA94EA95FA9E9
:109A10006D817E818F8169969FAD69970F94E94D25
:109A20009101402F68965FAD68970F945049881F49
:109A30008827881F8CAFD501C401880F991FAA1FE2
:109A4000BB1F4A895B896C897D898FA098A4A9A4D2
:109A5000BAA4480D591D6A1D7B1D841B950BA60BCE
:109A6000B70B81389F44A241B105C8F184EF91E161
:109A700047C2D501C40125962CAD3DAD4EAD5FADBD
:109A80002597821B930BA40BB50B62964EAD5FAD71
:109A9000629766E772E1B7FDCECF812F0F941D0864
:109AA000CACF20E030E040EA51E46D817E818F81B1
:109AB00069969FAD69970F94E94D9B01AC01B10187
:109AC000802F68969FAD68970F94504987FFB3CF5A
:109AD00060964EAD5FAD60976DE372E1DECF679645
:109AE0008EAC9FAC6797A888B9888A149B040CF049
:109AF000AEC09501233031050CF4A9C087E991E18E
:109B00000E948E441F3F09F08AC047E851E15A8302
:109B1000498385E791E10E948E4489819A810E9460
:109B20008E44B301A20183E991E10E94C04B8AE017
:109B30000E943D4485E791E10E948E4489819A818B
:109B40000E948E444D8D5E8D6F8D78A18FE891E1DE
:109B50000E94C04B8AE00E943D4485E791E10E944B
:109B60008E4489819A810E948E4449A15AA16BA199
:109B70007CA18BE891E10E94C04B8AE00E943D44A9
:109B800065968FAC6597882081F12CEA35EC47E229
:109B90005EE36D8D7E8D8F8D98A10F94B6496B011C
:109BA0007C012CEA35EC47E25EE369A17AA18BA146
:109BB0009CA10F94E44E1F3FB9F54092A616509217
:109BC000A7166092A8167092A916C092AA16D092F3
:109BD000AB16E092AC16F092AD166093AE16709391
:109BE000AF168093B0169093B116C85ADF4F0FB6D8
:109BF000F894DEBF0FBECDBFDF91CF911F910F91C3
:109C0000FF90EF90DF90CF90BF90AF909F908F909C
:109C10007F906F905F904F903F902F90089586E8CF
:109C200091E19A83898375CF27E11202F001112413
:109C3000ED5BFD4E4386548665867686C786D08A60
:109C4000E18AF28A638B748B858B968BCECF0E94D0
:109C50002D8CAFC089EF92E10E948E440F943C0797
:109C60008FE78093A5162CE330E080E090E0A0E041
:109C7000B1E48CAB9DABAEABBFABA8EEB3E00F9441
:109C8000974D6FA778AB89AB9AAB2A893B894C89F2
:109C90005D89260F371F481F591F25962CAF3DAFF2
:109CA0004EAF5FAF259781E0809325021F3F09F0FB
:109CB000FDCD8BEA9AEAAAEABEE329968CAF9DAF66
:109CC000AEAFBFAF29972DEC3CEC4CE45EE32D9694
:109CD0002CAF3DAF4EAF5FAF2D972E961FAE2E9798
:109CE00049E252E160965FAF4EAF609783E692E142
:109CF00062969FAF8EAF62972A893B894C895D89B6
:109D00002FA338A749A75AA728AF39AF4AAF5BAFEF
:109D10008FE790E0A0E0B0E08C879D87AE87BF879B
:109D200019A21AA21BA21CA21D8E1E8E1F8E18A283
:109D3000412C512C3201188690E49E8BACE1AF8B04
:109D4000B6E4B88F198E1A8E1B8E1C8E1CAE21960F
:109D50004CAE5DAE6EAE7FAE2197FFE7CF2ED12C1D
:109D6000E12CF12C1BA61CA61DA61EA6E1E0E98392
:109D7000198A188A212C312C00E068961FAE68974A
:109D8000F7E11F02C00111248D5B9D4E9C01265FEF
:109D90003F4F64963FAF2EAF6497AC014C5F5F4F6F
:109DA0005EA34DA38B2CBB0C990867969FAE8EAE1D
:109DB000679780912502882309F4A4C00E94C2ED10
:109DC0004B015C01209194162BAB222309F481C036
:109DD0000F9401081F3F09F08DCD20909F16309001
:109DE000A0160091A1163091A21668963FAF689711
:109DF000298D3A8D4B8D5C8DB101802F68969FAD7A
:109E000068970F944A5018163CF4298E3A8E0B8F9F
:109E10006896EFAD6897EC8F28853E894F89588DFD
:109E2000B101802F68969FAD68970F94504987FFC6
:109E300007C028863E8A0F8B6896FFAD6897F88F1B
:109E40002981222309F479C09101402F68965FADE2
:109E500068976D817E818F8169969FAD69970F9418
:109E6000504987FF7BCDB501A4018FA198A5A9A575
:109E7000BAA5481B590B6A0B7B0BDB01CA0188583A
:109E80009341A109B109B7FD6CCD8C859D85AE8547
:109E9000BF858C199D09AE09BF09B595A795979502
:109EA00087951F3F09F035CD8093A5164BA75CA77A
:109EB0006DA77EA7FD81F98F2E812A8F3F813B8F71
:109EC00069964FAD69974C8F8A8A9B8AAC8ABD8A06
:109ED000198220E030E040EA51E46D817E818F817B
:109EE00069969FAD69970F94EA4D9101402F68964E
:109EF0005FAD68970F94504987FF36CD85E892E1B2
:109F00000E948E44C85ADF4F0FB6F894DEBF0FBED2
:109F1000CDBFDF91CF911F910F91FF90EF90DF9018
:109F2000CF90BF90AF909F908F907F906F905F90F9
:109F30004F903F902F900D943C079101402F6896D1
:109F40005FAD68976D817E818F8169969FAD6997BE
:109F50000F944A5018160CF0BCCFD501C4012A89C1
:109F60003B894C895D89821B930BA40BB50BAC011B
:109F7000BD01485853416109710977FDAACF48894D
:109F80005989452B09F40CC12BA53CA54DA55EA50F
:109F9000280F391F4A1F5B1F29833A834B835C8339
:109FA0002BA53CA54DA55EA5281B390B4A0B5B0BC9
:109FB000C701B6010F94334D29813A814B815C81F1
:109FC0000F94654DCC84DD84EE84FF84C20ED31ED5
:109FD000E41EF51E34E1C316D104E104F1040CF4CF
:109FE000A4CC4CEEC416D104E104F1040CF097CCDF
:109FF00050E8C516D104E104F1040CF4A4CCCC86DD
:10A00000DD86EE86FF868EEF90E0A0E0B0E08C1952
:10A010009D09AE09BF096C017D0181EF92E10E94AB
:10A020008E446C857D858E859F850E940E4A8CEEC0
:10A0300092E10E948E44C701B6010E940E4A4885F3
:10A040005E896F89788D85EE92E10E94C04B498DC3
:10A050005A8D6B8D7C8D8EED92E10E94C04B4889AC
:10A060005989433051050CF49BC0C701B6010F94C8
:10A07000574920E030E040E850E40F94B6492B0106
:10A080003C0128853E894F89588D698D7A8D8B8D4D
:10A090009C8D0F94E94D2BED3FE049E450E40F9483
:10A0A000B64920E030E040E05FE30F94B6499B0101
:10A0B000AC01C301B2010F94E44E688779878A87A7
:10A0C0009B8769817A818B819C810F9457492FE608
:10A0D00032E143E85AE30F94B64969837A838B836C
:10A0E0009C832D962CAD3DAD4EAD5FAD2D97688513
:10A0F00079858A859B850F94B6492B013C01AC017B
:10A100009B0169817A818B819C810F94B649299644
:10A110002CAD3DAD4EAD5FAD29970F94B64969A307
:10A120007AA38BA39CA3A3019201C301B2010F9454
:10A13000EA4D29813A814B815C810F94E44E6D8F09
:10A140007E8F8F8F98A3488559856A857B8588ED9A
:10A1500092E10E94C04B49815A816B817C8182EDE2
:10A1600092E10E94C04B82EC92E10E948E44B301C6
:10A17000A2018CEB92E10E94C04B4D8D5E8D6F8DE4
:10A1800078A186EB92E10E94C04B49A15AA16BA134
:10A190007CA180EB92E10E94C04B8AE00E943D448A
:10A1A0008C859D85AE85BF858C0D9D1DAE1DBF1D0B
:10A1B000B595A795979587951F3F09F0C9CB8093D3
:10A1C000A516288939892F5F3F4F398B288B3D8110
:10A1D00038874E814E8B5F815F8B69968FAD699713
:10A1E000888F8FA298A6A9A6BAA69BA9998371CE9B
:10A1F000E12E012E000CFF08F70183E0EE0FFF1F98
:10A200008A95E1F7E35EFD4F668177816F507109B2
:10A21000072E000C880B990B0F9457499B01AC013A
:10A220006D817E818F8169969FAD69970F944A50A9
:10A2300018160CF438CB89EF92E10E948E440F94EB
:10A240003C0787E18E9DF0018F9DF00D1124ED5BA1
:10A25000FD4E8FE7828724E130E080E090E0A0E5CA
:10A26000B1E407CDCF92DF92EF92FF920F931F934D
:10A27000CF93DF93C7EAD2E06E0101E010E0FF2444
:10A28000F394F60181916F010E94522D8823C1F051
:10A290000F94C51880917504909176047801EE0CA6
:10A2A000FF1CEE0CFF1C892B09F453C00E941F32C7
:10A2B000F701E153F64F6083718382839383F12C1E
:10A2C0000F5F1F4F04301105E1F686E40E94522D06
:10A2D000882329F10F94C5180E941F326B017C015D
:10A2E00020E030E040E85FE30F944A5018160CF489
:10A2F0004BC020E030E0A901C701B6010F945049DE
:10A3000087FD49C020E030E04FE753E4C701B601C4
:10A310000F94B6490F945D4F6093DF09F12C83E5EC
:10A320000E94522D8823D9F10F94C5180E941F3224
:10A3300060933F02709340028093410290934202E7
:10A34000DF91CF911F910F91FF90EF90DF90CF9011
:10A350000895F801EB54F64F6081662389F070E0B0
:10A3600090E080E00F9457499B01AC01F701EA555A
:10A37000F64F60817181828193810F94E44E98CF72
:10A3800060E070E0CB0194CFC12CD12C30E8E32EFB
:10A390003FE3F32EB7CFC12CD12C7601B3CFFF20F2
:10A3A00079F28AE199E00E948E448091DF0981115F
:10A3B00004C087E199E00E948E448EE099E00E94FB
:10A3C0008E448091DF09F4E68F9FC00111248158EB
:10A3D0009F4F6FEF70E00F94C64D70E090E080E00B
:10A3E0000F94554920E030E048EC52E40F94E44EDD
:10A3F000AB01BC018AEE98E00E94C04B8DEC98E066
:10A400000E948E448BEA98E00E948E4403ED19E08E
:10A4100080E20E943D4489910E943D44F80161918F
:10A420007191819191918F0142E00E94B54A8AE039
:10A430000E943D44F2E0CA3ADF0751F740913F02E3
:10A4400050914002609141027091420287E898E089
:10A450000E94C04B8AE00E943D4485E698E00E943D
:10A460008E448091B609811117C08091B70981117E
:10A4700013C08091B80981110FC081E598E00E9456
:10A480008E448AE0DF91CF911F910F91FF90EF9062
:10A49000DF90CF900C943D4406EB19E0C1E0D0E092
:10A4A000F80181918F01882341F180E20E943D44AF
:10A4B000FE01EA55FD4F80810E943D44F80131972D
:10A4C00060816623F9F0CE01880F991F880F991FCC
:10A4D0009C012A55364F790170E090E080E00F949E
:10A4E00057499B01AC01F7016081718182819381A1
:10A4F0000F94E44E42E00E94B54A2196C430D10543
:10A5000079F6BFCF60E070E0CB01F4CF8DE00E9420
:10A510003D448AE00C943D44E9EAF4E08081818383
:10A5200087EF9FE00E948E446091D6117091D71101
:10A530008091D8119091D9116F5F7F4F8F4F9F4FAE
:10A540000E940E4A0E9486520C942A4A0F931F932F
:10A55000CF938C01C62F83EC9FE00E948E44C801EC
:10A560000E948E448AE30E943D446C2F70E090E08C
:10A5700080E00E940E4ACF911F910F910C94865259
:10A580002F923F924F925F926F927F928F929F9203
:10A59000AF92BF92CF92DF92EF92FF920F931F93F1
:10A5A000CF93DF93CDB7DEB762970FB6F894DEBFD7
:10A5B0000FBECDBF83E50E94522D1091D209882392
:10A5C00041F00E941A30182F811103C080E00E94D0
:10A5D0002E3D80912F0290913002A0913102B091D6
:10A5E000320289839A83AB83BC838091330290913A
:10A5F0003402A0913502B09136028D839E83AF83E1
:10A60000B8878091370290913802A0913902B091B9
:10A610003A0289879A87AB87BC8786E50E94522DCC
:10A62000682E8091451690914616892B09F4BAC080
:10A6300083E40E94522D882309F41FC10E941F3217
:10A640001B012C01712CA12C28EC298B32EC3A8BAC
:10A65000B12CC12C88EC8F87E2E4E88BF3E0FD8716
:10A660002D8521502D872F3FE1F133E03E87822F4A
:10A6700090E04C01880C991C880E991E8E858150A3
:10A680008E878F3F69F3F401E80FF11DEE0FFF1F76
:10A69000EE0FFF1FE55AF94ED080E180F280038172
:10A6A0002B2D3C2D4F8558896D2D7E2D8F2D902F74
:10A6B0000F94504987FF04C0BD2CCE2CFF86088B19
:10A6C000272D3A2D49895A896D2D7E2D8F2D902F5A
:10A6D0000F944A50181694F67D2CAE2CF98A0A8BEA
:10A6E000CDCF272D3A2D49895A896B2D7C2D8F8509
:10A6F00098890F94EA4D20E030E040E05FE30F944A
:10A70000B649A20191010F94EA4D4B015C012DEB7A
:10A7100037E346E855EB0F944A5087FD0BC02DEB0D
:10A7200037E346E855E3C501B4010F9450491816C4
:10A730000CF0A3C080E00E942E3D03E08CE0D82EF8
:10A74000015008F49AC0D09EC0011124FC01E55AC2
:10A75000F94E7F01A50194016085718582859385FD
:10A760000F94E94DF7016087718782879387A50170
:10A77000940164817581868197810F94E94DF70179
:10A780006483758386839783A501940160817181B9
:10A79000828193810F94E94DF701608371838283F5
:10A7A0009383CECF111103C0662009F470C00E94BC
:10A7B00080468FEB97E00E948E44112351F08091E8
:10A7C000D209811106C00E94324580EA97E00E94BA
:10A7D0008E440E94804682E997E00E948E448091D8
:10A7E000D209811162C085E49EE00E948E448AE015
:10A7F0000E943D440E94804685E897E00E948E4476
:10A80000C0903512D0903612E0903712F090381286
:10A8100020E030E0A901C701B6010F944A50181694
:10A820000CF046C042E0C701B6010E94B54A0E9442
:10A8300086524CE050E06FE272E0CE0101960F9438
:10A840000451892BD1F162960FB6F894DEBF0FBE8A
:10A85000CDBFDF91CF911F910F91FF90EF90DF90CF
:10A86000CF90BF90AF909F908F907F906F905F90B0
:10A870004F903F902F900D94D52F662041F08091FE
:10A88000451690914616892B11F00E942B4B8AE5B4
:10A890000E94522D882329F00E941F3240E00E941E
:10A8A0000D3F812F0E942E3D88CF89E49EE09DCFF1
:10A8B00080E897E00E948E44BCCF62960FB6F89471
:10A8C000DEBF0FBECDBFDF91CF911F910F91FF90E3
:10A8D000EF90DF90CF90BF90AF909F908F907F9040
:10A8E0006F905F904F903F902F900895CF93DF939C
:10A8F000EC018991882319F00E943D44FACFDF9141
:10A90000CF910C9486528091A9049091AA042FEFC4
:10A910003FEF981751F0E92FF0E0E755FB4F228108
:10A9200030E09F5F9F779093AA04C9010895CF926A
:10A93000DF92EF92FF920F931F93CF93DF9300E686
:10A9400080912A09853008F02DC18091A904909149
:10A95000AA04891B8F7709F425C10E948354AC0196
:10A9600097FDEECF2091D4113091D5118A3019F096
:10A970008D3009F0E4C010928F052115310519F4CE
:10A980000F943A0ADDCF215D3A4FF90110821092FF
:10A99000D5111092D411CFE2D5E0FE018191803221
:10A9A00009F443C08E3409F0B6C067E271E1CE010C
:10A9B0000F94CD487C01892B41F06EE470E0CE010C
:10A9C00004960F943F51009709F4CE014AE050E0FD
:10A9D00070E060E001960F944F46AB01BC014093DC
:10A9E0002B0550932C0560932D0570932E058091B7
:10A9F000D6119091D711A091D811B091D91101968B
:10AA0000A11DB11D481759076A077B0781F0EF2880
:10AA100071F484EF90E1DF91CF911F910F91FF903E
:10AA2000EF90DF90CF900C9411CDEF01B6CF6AE29A
:10AA300070E0CE010F946E519C01009701F1982FA8
:10AA40009C1B10E0992339F09150FE01E90FF11D94
:10AA500080811827F7CF4AE050E070E060E0C9013C
:10AA600001960F944F46C12ED12CF12CE12C6C1580
:10AA70007D058E059F0531F085ED90E1CCCF8BEA09
:10AA800090E1C9CF80912B0590912C05A0912D05C7
:10AA9000B0912E058093D6119093D711A093D81121
:10AAA000B093D91180917F0281111CC067E470E0DE
:10AAB000CE010F943F510097A9F04AE050E070E0BA
:10AAC00060E001960F944F46643071058105910551
:10AAD00048F48AE090E10E948E4460E080E090E1DA
:10AAE0000E94488880912F058B3309F429CF8091EB
:10AAF0002A09853008F024CF80914507809FC00146
:10AB000011246FE275E0885B984F0F944A5181E001
:10AB10000E94982C15CF8091971480FFC3CF6BE0D3
:10AB20007CE2CE010F94CD48009731F0FC01838187
:10AB300080538A3008F0B6CF81E890E16CCF2F3592
:10AB400031050CF0FDCE8C35C1F40E94835497FD85
:10AB5000F7CE20918F052111F3CE2091D4113091A1
:10AB6000D511A9014F5F5F4F5093D5114093D41178
:10AB7000215D3A4FF9018083E3CE8B3321F481E0EC
:10AB800080938F05DDCE80918F058111D9CEC901CB
:10AB900001969093D5118093D411215D3A4FF9011C
:10ABA0004083CECEDF91CF911F910F91FF90EF9018
:10ABB000DF90CF9008954F925F926F927F928F9225
:10ABC0009F92AF92BF92CF92DF92EF92FF920F933C
:10ABD0001F93CF93DF93CDB7DEB760970FB6F8948E
:10ABE000DEBF0FBECDBF182F0E942D8C0E94C2ED7C
:10ABF0006B017C0100910A020023F1F08091850431
:10AC00008823D1F040911D0450911E0460911F04CF
:10AC10007091200446015701841A950AA60AB70AC2
:10AC2000B501A40177FD1AC0833009F4E6C00CF029
:10AC3000D5C081300CF0DAC0202F30E0A8EEB3E0B0
:10AC40000F94974DC60ED71EE81EF91EC0921D0424
:10AC5000D0921E04E0921F04F092200480912A09F1
:10AC6000853020F40E9497540E9436450E94C2ED20
:10AC70006B017C018091800490918104A0918204F9
:10AC8000B09183040097A105B10539F14091B21646
:10AC90005091B3166091B4167091B516840F951F3C
:10ACA000A61FB71FA7019601281B390B4A0B5B0B88
:10ACB000DA01C901B7FD11C00E9432456091D00987
:10ACC0007091D1098CEF94E00E941F458AE00E94A8
:10ACD0003D4490E080E00E94CA4880910B02909130
:10ACE0000C02A0910D02B0910E020097A105B105D2
:10ACF00089F03091FA122091FB12321709F482C0C8
:10AD00000E94C2ED6093B2167093B3168093B4168E
:10AD10009093B51680913104909132043599ACC06E
:10AD20000196909332048093310480913104909184
:10AD300032048E3E924054F00E9432458CED94E0F5
:10AD40000E948E4490E080E00E94CA480E94C2EDBA
:10AD500000912504109126042091270430912804A5
:10AD60004B015C01801A910AA20AB30A9501840181
:10AD700037FD9DC08B019C010C53164F2F4F3F4F49
:10AD8000009325041093260420932704309328046D
:10AD9000079B0AC0069B08C0059B06C02091A5160C
:10ADA000211102C0049908C0609321047093220409
:10ADB0008093230490932404009121041091220491
:10ADC000209123043091240401151105210531053A
:10ADD00009F058C08091020160E062C0843009F03F
:10ADE0002BCF0E9480468BE994E004C00E948046ED
:10ADF0008AEC94E00E948E441FCF0E94804683EB31
:10AE000094E0F8CF2091CE06211133C0111131C04A
:10AE10004091B2165091B3166091B4167091B51668
:10AE2000840F951FA61FB71F46015701881A990A5C
:10AE3000AA0ABB0AD501C401B7FD1BC08091330427
:10AE4000811168CF81E080933304179A8091B9090A
:10AE50008E7F8093B909169A8091B9098D7F80936E
:10AE6000B909159A8091B9098B7F8093B909149A11
:10AE700051CF109233044ECF181619060CF055CF4F
:10AE800001974FCF601B710B820B930B60567A4E6C
:10AE90008109910997FF9ECF80910201809568E713
:10AEA00088708093000170E086E00E94B9EC809188
:10AEB0002D0490912E04A0912F04B0913004A7018D
:10AEC0009601281B390B4A0B5B0BDA01C901B7FD50
:10AED00079C09091FA128091FB121091080A98178C
:10AEE00091F0E091FB1236E5E39FF0011124E15966
:10AEF000F54F10818091FB129091FA12981719F07A
:10AF00008F5F8F70F9CF112309F443C00E94C2ED07
:10AF10008090290490902A04A0902B04B0902C04D7
:10AF200081149104A104B10471F46C597F4F8F4FC7
:10AF30009F4F6093290470932A0480932B0490936D
:10AF40002C041FEF06C0681979098A099B0997FD2F
:10AF5000F8CF212F30E050E040E021503109410985
:10AF60005109A9EBB0E00F94844D2EEF30E040E0A2
:10AF700050E00F94654D49015A0186E4880E911CFA
:10AF8000A11CB11CEFEF8E16910409F067C061E0BF
:10AF900009C01092290410922A0410922B041092D6
:10AFA0002C0460E088E00E948BECF4E6CF0ED11C0C
:10AFB000E11CF11CC0922D04D0922E04E0922F04CB
:10AFC000F09230040F943A0A0E94A98780917B0482
:10AFD000882309F497C00E94C2ED00917704109174
:10AFE00078042091790430917A04601B710B820BF4
:10AFF000930B97FD87C00E94C2ED6B017C012091ED
:10B000007B0430E0A8EEB3E00F94974DC60ED71E38
:10B01000E81EF91EC0927704D0927804E092790479
:10B02000F0927A0480E00F94F62D8AE060960FB6D5
:10B03000F894DEBF0FBECDBFDF91CF911F910F916E
:10B04000FF90EF90DF90CF90BF90AF909F908F9048
:10B050007F906F905F904F900C943D4468E0CE01DC
:10B0600001960E945E43AF85AA2309F49ECFE98131
:10B07000FA816081288930E083E090E0AC01421BD6
:10B08000530B440F551F042E01C0880F0A94EAF792
:10B090008095862362E070E001C0660F4A95EAF76A
:10B0A000862B80838FEF90E0A23021F0ED85FE8526
:10B0B000808191812D5F3F4F220F331F41E050E08F
:10B0C0004C0F5D1F240F351FF901008111816FEFB7
:10B0D00070E00F94B24D90E080E00F9455492B0141
:10B0E0003C01B40190E080E00F9455499B01AC0114
:10B0F000C301B2010F94B6490F94564FF801718302
:10B10000608353CF60960FB6F894DEBF0FBECDBFFD
:10B11000DF91CF911F910F91FF90EF90DF90CF9033
:10B12000BF90AF909F908F907F906F905F904F9067
:10B1300008952F923F924F925F926F927F928F92DB
:10B140009F92AF92BF92CF92DF92EF92FF920F93B6
:10B150001F93CF93DF93CDB7DEB763970FB6F89405
:10B16000DEBF0FBECDBF8091800F83FD54C183E54C
:10B170000E949B2D8887882309F448C10E941F32B2
:10B180000F94564F6C3871050CF05EC17093A41685
:10B190006093A3160E9453FD6091A3167091A416AC
:10B1A000072E000C880B990B0F94574920919F167E
:10B1B0003091A0164091A1165091A2160F944A50BA
:10B1C00018160CF444C187E591E160E00E944888BC
:10B1D00081E0809325021A821B821C821D821986BF
:10B1E0001A861B861C8619821E862CE32F873CE15B
:10B1F000388B46E4498B312C212C50E85A8B8FEB4D
:10B200008B8B91E09D87812C912C54016091A3162A
:10B210007091A416072E000C880B990B0F945749B8
:10B220007B018C01232D322D4A895B890F94504973
:10B230008823B9F020919F163091A0164091A11655
:10B240005091A216A885B701C801A11103C10F949E
:10B250005049881F8827881F89833E2C2F2C0A8BF2
:10B260001B8B0E94C2ED6B017C01DC01CB012985A7
:10B270003A854B855C85821B930BA40BB50BB7FD00
:10B280002EC0D701C60188519C4FAF4FBF4F898751
:10B290009A87AB87BC8780E00F94F62D83E591E118
:10B2A0000E948E4481149104A104B10409F4FAC0EF
:10B2B000C501B40168517C4F8F4F9F4F6C197D09B8
:10B2C0008E099F0928EE33E040E050E00F94434D93
:10B2D000CA01B9010E940E4A8AE00E943D4480E002
:10B2E0000E94DB550E94C2ED6093B2167093B316B4
:10B2F0008093B4169093B51690919F169E83A0915B
:10B30000A016AF830091A1161091A216292F3A2FF3
:10B31000A801632D722D8A899B890F94E94D2B0119
:10B320003C0120E030E0A9010F944A5087FF04C09F
:10B3300077FA709477F8709420E030E040EA50E4B7
:10B34000C301B20181149104A104B10409F0AEC09B
:10B350000F94504987FF0BC0BD8546015701BB23A1
:10B3600031F028EE820E23E0921EA11CB11C39811F
:10B370003323A9F18A819B81AC81BD81892B8A2BE2
:10B380008B2B61F0D701C6012A813B814C815D8105
:10B39000821B930BA40BB50BB7FD21C02E813F81FF
:10B3A000A8016E857F85888999890F94E94D20E0F1
:10B3B00030E040EC5FE30F94504987FD4FC0D70168
:10B3C000C601805A9541AF4FBF4F8A839B83AC83A0
:10B3D000BD839E819E87AF81AF87088B198B80913B
:10B3E00025028823D9F181149104A104B10461F0EC
:10B3F000B8EECB1AB3E0DB0AE108F108C818D908A7
:10B40000EA08FB08F7FE2AC01D8600CF82E50E94ED
:10B410009B2D8111B3CE63960FB6F894DEBF0FBE9D
:10B42000CDBFDF91CF911F910F91FF90EF90DF90F3
:10B43000CF90BF90AF909F908F907F906F905F90D4
:10B440004F903F902F9008956CE870E09FCE86E675
:10B4500091E1BBCE0F94504987FF1EC08091250219
:10B460008823C9F263960FB6F894DEBF0FBECDBF36
:10B47000DF91CF911F910F91FF90EF90DF90CF90D0
:10B48000BF90AF909F908F907F906F905F904F9004
:10B490003F902F900C9484883E2C2F2C0A8B1B8B72
:10B4A0001982DFCE8FE30E943D4416CF0F944A509D
:10B4B00018160CF05CCF4601570159CFCF93DF939C
:10B4C000EC018881882349F18A3039F18D3029F1E6
:10B4D0008B33F9F080912A098530D8F480914507A3
:10B4E00020E6829FC0011124BE01885B984F0F9413
:10B4F0004A5180E00E94982C0E948046BE0181EE55
:10B500009FE00E941F458EED9FE0DF91CF910C944C
:10B510008E4480E00E94DB55D4CFDF91CF91089517
:10B520002F923F924F925F926F927F928F929F9253
:10B53000AF92BF92CF92DF92EF92FF920F931F9341
:10B54000CF93DF93CDB7DEB7C854D1090FB6F894C7
:10B55000DEBF0FBECDBF382E0E94603282E50E9452
:10B560009B2D882309F44AC10E941F326B017C0184
:10B5700020E030E0A9010F945049882309F42EC13E
:10B5800040902F0250903002609031027090320251
:10B5900020913302309134024091350250913602AD
:10B5A0002D8B3E8B4F8B588F8091BA099091BB09A0
:10B5B000A091BC09B091BD098D8F9E8FAF8FB8A3AC
:10B5C0002091BE093091BF094091C0095091C10935
:10B5D0002DA33EA34FA358A79C01AD01C301B20107
:10B5E0000F94504981110DC02DA13EA14FA158A526
:10B5F0006D897E898F89988D0F945049882309F42D
:10B60000EDC020E030E0A901C701B6010F94504918
:10B61000881F8827881F8311E8C080E090E0A0E899
:10B62000BFE389A79AA7ABA7BCA7A30192016D8D21
:10B630007E8D8F8D98A10F94E94D69A37AA38BA37A
:10B640009CA32D893E894F89588D6DA17EA18FA124
:10B6500098A50F94E94D698F7A8F8B8F9C8F29A1C4
:10B660003AA14BA15CA1CA01B9010F94B6494B01A3
:10B670005C01298D3A8D4B8D5C8DCA01B9010F9407
:10B68000B6499B01AC01C501B4010F94EA4D0F947A
:10B6900098504B015C01AC019B0160E070E080E8D8
:10B6A0009FE30F94E44E6DA77EA78FA798AB20E091
:10B6B00030E040E05FE3C501B4010F94B6494B01AF
:10B6C0005C01A7019601C701B6010F94B6496B0151
:10B6D0007C01A5019401C501B4010F94B6499B01F9
:10B6E000AC01C701B6010F94E94D0F94985029A5FC
:10B6F0003AA54BA55CA50F94B6494B015C01698D39
:10B700007A8D8B8D9C8D90582DA53EA54FA558A95F
:10B710000F94B649A50194010F94B6496B017C01C1
:10B720002D8D3E8D4F8D58A1C301B2010F94EA4D6E
:10B7300020E030E040E05FE30F94B6499B01AC01AC
:10B74000C701B6010F94EA4DA30192010F94E94D90
:10B750006B017C012DA13EA14FA158A56D897E8969
:10B760008F89988D0F94EA4D20E030E040E05FE350
:10B770000F94B6492B013C012DA53EA54FA558A914
:10B7800069A17AA18BA19CA10F94B649A50194014E
:10B790000F94B6499B01AC01C301B2010F94EA4D6D
:10B7A0002D893E894F89588D0F94E94D6D8B7E8B85
:10B7B0008F8B988F20E030E0A901C701B6010F946C
:10B7C00050498111E8C020E030E0A9016D897E89EF
:10B7D0008F89988D0F9450498111DDC00E943245A8
:10B7E00088EC9FE00E948E44AEC020E030E040E84C
:10B7F0005FEB29A73AA74BA75CA717CF89E40E9464
:10B800009B2DC12CD12C7601882321F00E941F3260
:10B810006B017C018AE40E949B2D882309F4ADC052
:10B820000E941F32C3CF20E030E0A901C501B4015E
:10B830000F944A5087FF22C2B7FAB094B7F8B09479
:10B840001DC2498D5A8DBA0190E080E00F94554990
:10B8500029A13AA14BA15CA10F94B6494B015C010F
:10B860000F94DF4E6B017C01C501B4010F948A5027
:10B870004B015C01A70196016D8D7E8D8F8D98A186
:10B880000F94B6492B013C012D893E894F89588D73
:10B89000C501B4010F94B649A30192010F94EA4D7A
:10B8A0002B013C01A50194016D8D7E8D8F8D98A19A
:10B8B0000F94B6494B015C012D893E894F89588D03
:10B8C000C701B6010F94B6499B01AC01C501B40193
:10B8D0000F94E94D6DA37EA38FA398A759E159A7B3
:10B8E000E0C280E1EAEBF9E0DE01119601900D92F1
:10B8F0008A95E1F7C12CD12C80E8E82E8FE3F82E51
:10B900008E010F5E1F4F9E01235F3F4FAE01475FC9
:10B910005F4FBE016B5F7F4FCE0101960E9415E025
:10B9200080E1FE013196AFE2B2E001900D928A957E
:10B93000E1F70E94C2ED6093B2167093B316809344
:10B94000B4169093B516C85BDF4F0FB6F894DEBF00
:10B950000FBECDBFDF91CF911F910F91FF90EF9060
:10B96000DF90CF90BF90AF909F908F907F906F901F
:10B970005F904F903F902F90089520E030E0A90114
:10B98000C701B6010F945049882309F427CF1D8AB7
:10B990001E8A1F8A188ED701C601B0588D8F9E8FC0
:10B9A000AF8FB8A32D893E894F89588D50582DA34C
:10B9B0003EA34FA358A7A7019601C701B6010F9454
:10B9C000B6494B015C012D893E894F89588DCA01CA
:10B9D000B9010F94B6499B01AC01C501B4010F94A4
:10B9E000EA4D0F94985069AF7AAF8BAF9CAF8091BE
:10B9F0002F0290913002A0913102B091320289A3BE
:10BA00009AA3ABA3BCA39C01AD01C701B6010F94DF
:10BA1000EA4D6DA77EA78FA798AB20913302309196
:10BA20003402409135025091360229A73AA74BA71C
:10BA30005CA72D893E894F89588D69A57AA58BA56C
:10BA40009CA50F94EA4D21966CAF7DAF8EAF9FAF52
:10BA500021978091BA099091BB09A091BC09B0913E
:10BA6000BD0989AB9AABABABBCAB2DA53EA54FA531
:10BA700058A9BC01CD010F94E94D6B017C012091C7
:10BA8000BE093091BF094091C0095091C1092DAB49
:10BA90003EAB4FAB58AF21962CAD3DAD4EAD5FAD3B
:10BAA00021976DA97EA98FA998AD0F94E94D4B01FF
:10BAB0005C018091370290913802A0913902B091D7
:10BAC0003A0225968CAF9DAFAEAFBFAF25979C01D4
:10BAD000AD016091C2097091C3098091C409909130
:10BAE000C5090F94E94D698F7A8F8B8F9C8FA701C1
:10BAF00096016D8D7E8D8F8D98A10F94B6492B0187
:10BB00003C01A50194016DA17EA18FA198A50F9480
:10BB1000B6499B01AC01C301B2010F94EA4D2B0160
:10BB20003C01A50194016D8D7E8D8F8D98A10F94A0
:10BB3000B6494B015C01A70196016DA17EA18FA1C1
:10BB400098A50F94B6499B01AC01C501B4010F94AF
:10BB5000E94DA30192010F94694E6B017C0120E035
:10BB600030E0A9010F94504987FF0AC02BED3FE058
:10BB700049EC50E4C701B6010F94EA4D6B017C011A
:10BB80002BED3FE049EC50E4C701B6010F94E44EC1
:10BB900020E030E040EC51E40F94B6490F94C84ED9
:10BBA0000F945D4F8B01672B11F401E010E03320FF
:10BBB00051F02BED3FE049EC50E4C701B6010F9482
:10BBC000E94D6B017C0120E030E0A901C701B6011D
:10BBD0000F945049811122C029A93AA94BA95CA907
:10BBE00069A17AA18BA19CA10F945049811116C023
:10BBF0002DA93EA94FA958AD69A57AA58BA59CA5ED
:10BC00000F94504981110AC008E110E02BEDC22EBB
:10BC10002FE0D22E29ECE22E20E4F22EA70196018D
:10BC200069AD7AAD8BAD9CAD0F94B6494B015C010B
:10BC300020E030E0A901698D7A8D8B8D9C8D0F9469
:10BC40005049882309F4EFCDA5019401C501B40141
:10BC50000F94B6494B015C01298D3A8D4B8D5C8D5B
:10BC6000CA01B9010F94B6499B01AC01C501B401E9
:10BC70000F94EA4D0F9498504B015C012FE632E18E
:10BC800043E85AE3C501B4010F94504987FD51CEF2
:10BC900040903B0250903C0260903D0270903E020A
:10BCA000C501B4010F948C4F0F945D4F1B016017B9
:10BCB000710708F41801B10190E080E00F94554934
:10BCC0004B015C01AC019B01C701B6010F94E44E2E
:10BCD00069A37AA38BA39CA3A5019401698D7A8D96
:10BCE0008B8D9C8D0F94E44E69AF7AAF8BAF9CAF78
:10BCF000A30192016091C6097091C7098091C8099A
:10BD00009091C9090F94E94DA50194010F94E44E57
:10BD100029966CAF7DAF8EAF9FAF299729A13AA12D
:10BD20004BA15CA1CA01B9010F94B64920E030E0F3
:10BD300040E05FE30F94B6499B01AC0160E070E026
:10BD400080E89FE30F94E94D69AB7AAB8BAB9CAB7A
:10BD500025962CAD3DAD4EAD5FAD259729873A8731
:10BD60004B875C874D865E866F86788A6091550228
:10BD700070915602072E000C880B990B0F945749AF
:10BD800020912B0230912C0240912D0250912E02D5
:10BD90000F94B6492AE037ED43E25CE30F94B649CD
:10BDA000698B7A8B8B8B9C8B0E94C2ED9B01AC01C3
:10BDB00028533F4F4F4F5F4F2DAB3EAB4FAB58AF6C
:10BDC0004D8C5E8C6F8C78A041E050E05A8F498F8B
:10BDD00059E159A7898D9A8D8215930508F081CD77
:10BDE0000F943A0A0E94C2ED2DA93EA94FA958AD61
:10BDF000621B730B840B950B97FD0FC00E94C2ED65
:10BE00009B01AC0128533F4F4F4F5F4F2DAB3EABD3
:10BE10004FAB58AF80E00E94DB5539A5315039A7B0
:10BE2000332309F40ECD9201A30169A17AA18BA15C
:10BE30009CA10F94B6496B017C012DA13EA14FA19D
:10BE400058A569A97AA98BA99CA90F94B6499B0109
:10BE5000AC01C701B6010F94EA4D6B017C01920160
:10BE6000A30169A97AA98BA99CA90F94B6494B0192
:10BE70005C012DA13EA14FA158A569A17AA18BA17A
:10BE80009CA10F94B6499B01AC01C501B4010F946C
:10BE9000E94D2B013C01C601D7018DA39EA3AFA3A1
:10BEA000B8A79201A3016DA57EA58FA598A90F94AF
:10BEB000EA4D69837A838B839C832DA13EA14FA198
:10BEC00058A521966CAD7DAD8EAD9FAD21970F9499
:10BED000EA4D6D837E838F83988729AD3AAD4BAD54
:10BEE0005CAD69857A858B859C850F94EA4D698761
:10BEF0007A878B879C8729962CAD3DAD4EAD5FAD83
:10BF000029976D857E858F8598890F94EA4D6D8779
:10BF10007E878F87988B80915402882321F0CE01F1
:10BF200001960F94951CC12CD12C90E8E92E9FE32B
:10BF3000F92E8E010F5E1F4F9E01235F3F4FAE0112
:10BF4000475F5F4FBE016B5F7F4FCE0101960E943E
:10BF500015E0882309F4C5CC898D9A8D01969A8FB6
:10BF6000898F38CF2F923F924F925F926F927F923C
:10BF70008F929F92AF92BF92CF92DF92EF92FF92F9
:10BF80000F931F93CF93DF93CDB7DEB7A6970FB66E
:10BF9000F894DEBF0FBECDBF81E00E949C400E949E
:10BFA00059E1811124C08091D20981111AC02091D8
:10BFB000D209298787E50E94522D811134C08AE475
:10BFC0000E94522D81110EC170E060E086E50E9452
:10BFD00043309C878B87059708F407C18AE098E077
:10BFE0002CC060E08FE40E942A30882301F380E0B7
:10BFF0000E949C40A6960FB6F894DEBF0FBECDBF40
:10C00000DF91CF911F910F91FF90EF90DF90CF9034
:10C01000BF90AF909F908F907F906F905F904F9068
:10C020003F902F9008958091451690914616892B48
:10C0300039F40E9432458FE398E00E948E44D7CFB6
:10C040008AE50E949B2D8823E9F00E941F326B0134
:10C050007C0120E030E040E251ECC701B6010F94D2
:10C060004A5087FD0AC020E030E040E251E4C701B9
:10C07000B6010F945049181674F40E94324582E3B9
:10C0800098E0DBCFC0903702D0903802E0903902C0
:10C09000F0903A02DECF40E050E060EC7FE788E5C8
:10C0A0000E9449324B015C0140E050E060EC7FE7C8
:10C0B00089E50E9449322B013C016FEF89E40E941F
:10C0C0000E30182F6FEF8AE40E940E30082FA50162
:10C0D0009401C501B4010F94DC50811152C0A30139
:10C0E0009201C301B2010F94DC5081114AC06091EA
:10C0F000401670914116072E000C880B990B0F9477
:10C1000057499B01AC01C501B4010F94E94D20E0F2
:10C1100030E0A9010F94EA4D20E030E0A9010F942E
:10C12000E44E0F94564F162F6091421670914316AD
:10C13000072E000C880B990B0F9457499B01AC01FB
:10C14000C301B2010F94E94D20E030E0A9010F9442
:10C15000EA4D20E030E0A9010F94E44E0F94564FD1
:10C16000062F812F012E000C990B97FD33C00397EA
:10C170009CF5802F002E000C990B97FD2FC0039784
:10C180007CF5133008F033CF043008F030CF80E076
:10C190000E942E3D812F110F990BFC01EE0FFF1F06
:10C1A000E80FF91FE00FF11D07FDFA95EE0FFF1FD5
:10C1B000EE0FFF1FE55AF94EC082D182E282F38270
:10C1C00089850E942E3D8985882309F410CF0F941C
:10C1D000D52F0DCF10E0CDCF12E0CBCF00E0D1CFE7
:10C1E00002E0CFCF0E94E13E02CF60E084E40E94F3
:10C1F0002A308D8740E050E0BA018AE50E9449323A
:10C200006F8F78A389A39AA340E050E86BEB75E4A5
:10C2100083E50E94493220E030E040E752E40F9489
:10C22000E44E609327027093280280932902909332
:10C230002A0288E40E94522D882309F485C00E94B6
:10C240001F320F94564F8B0177FF02C00F5F1F4FB5
:10C2500015950795119501951109035B1F4F58011D
:10C26000023311051CF4B2E3AB2EB12C6501C60EEE
:10C27000D71EA1E9CA16D1041CF0A1E9CA2ED12CFF
:10C280000A30110514F40AE010E07801E60EF71EFA
:10C29000B1E9EB16F1040CF088C0B801012E000CD6
:10C2A000880B990B0F9457496E877F87888B998BE2
:10C2B000B5010B2C000C880B990B0F9457496A8B16
:10C2C0007B8B8C8B9D8B2E853F85488959890E945D
:10C2D000AD2C882309F46DC0B7010F2C000C880B1E
:10C2E000990B0F9457492B013C01B6010D2C000C02
:10C2F000880B990B0F945749A30192010E94AD2C12
:10C30000882E882309F455C0EB85FC85EF2B71F04E
:10C3100088ED97E00E948E44FD85FF2321F08EEC8E
:10C3200097E00E948E448AE00E943D440F94C51815
:10C3300080E00E942E3D81E00F9479228823E1F174
:10C3400089850E942E3D53CE8CE40E949B2DF2E302
:10C35000AF2EB12C882329F00E941F320F94564F24
:10C360005B0182E50E949B2DE1E9CE2ED12C882332
:10C3700029F00E941F320F94564F6B0186E40E94F1
:10C380009B2D0AE010E0882329F00E941F320F94B1
:10C39000564F8B0182E40E949B2D882331F00E942E
:10C3A0001F320F94564F7B0178CF71E9E72EF12CA5
:10C3B00074CF8EEE97E041CECA18DB08D7FE03C0DB
:10C3C0002FEFC21AD20AD594C794B6010D2C000CD7
:10C3D000880B990B0F9457496F8B788F898F9A8FA1
:10C3E000E01AF10AF7FE03C08FEFE81AF80AF59495
:10C3F000E794B7010F2C000C880B990B0F94574949
:10C400006B8F7C8F8D8F9E8F0F940D2060914516C2
:10C4100070914616072E000C880B990B0F94574904
:10C420002F89388D498D5A8D0F945049811120C024
:10C430006091471670914816072E000C880B990BD7
:10C440000F9457492B8D3C8D4D8D5E8D0F94504927
:10C4500081110EC080914016909141168A159B055E
:10C4600039F480914216909143168017910799F004
:10C470000E94E13ED0924616C0924516F0924816B0
:10C48000E0924716B0924116A092401610934316C0
:10C4900000934216198660E085E40E942A308823C2
:10C4A00009F4A6C091E09E8BA82C312C212CC12C24
:10C4B000D12C760199249394B3E0BA87B12CC101B1
:10C4C000032C000CAA0BBB0B8BA39CA3ADA3BEA398
:10C4D0009A859B1509F4B7C06B2D0B2C000C770BBC
:10C4E000880B990B0F9457492F89388D498D5A8D98
:10C4F0000F94B6492A893B894C895D890F94EA4D8E
:10C500002B013C016BA17CA18DA19EA10F945749E9
:10C510002B8D3C8D4D8D5E8D0F94B6492E853F85BC
:10C52000488959890F94EA4D6B017C0120E030E085
:10C53000A901C301B2010F94504987FF77C060E0A1
:10C5400070E0CB01A30192010F94EA4D0F948C4F40
:10C5500069837A838B839C8320E030E0A901C70143
:10C56000B6010F94504987FF66C060E070E0CB01D0
:10C57000A70196010F94EA4D0F948C4F6D837E8333
:10C580008F8398872B854E89BE016B5F7F4FCE01CD
:10C5900001960E9452E36B017C01AC019B010F9458
:10C5A000DC5081114DC08B2D0B2C000C990B8C0194
:10C5B000000F111F080F191F020D131D000F111F6F
:10C5C000000F111F055A194EA70196016F8D78A112
:10C5D00089A19AA10F94EA4DD8016D937D938D9313
:10C5E0009C93139780E00E94DB55B90C198670CF9D
:10C5F000A2E0AE8B59CFA7019601C701B6010F94F7
:10C60000DC50811124C0E1E0AE2649F099249394D6
:10C61000F3E0FA87B12C8FEF281A380A50CF99240B
:10C620009A942FEF2A8742E0B42EF5CF60E070E0B5
:10C6300080E09FE387CF60E070E080E09FE398CFE9
:10C6400089850E942E3DB2E02B163104A1F680E0D0
:10C650000F947922882369F089850E942E3D0F94DA
:10C66000F41F8091D209882309F4B1CD0F94BB2126
:10C67000AECDA7019601C701B6010F94DC50811120
:10C68000EECFED8511E082E0F82EEE2329F10E9435
:10C690002B4B0E94D23FFD85F11119C08FE292E031
:10C6A0000E94103B9B01AC016091370270913802EF
:10C6B0008091390290913A020F94E94D60933702CC
:10C6C000709338028093390290933A0289862985C3
:10C6D0002093D209C4CF10E080E0EF2CE11A01E0F2
:10C6E000080FDF2CD01A21E041E06D2D812F0E9430
:10C6F000A82D21E04FEF6D2D8E2D0E94A82D2FEF3C
:10C7000041E0602F812F0E94A82D2FEF4FEF602F67
:10C710008E2D0E94A82D81E0023009F71111DBCF88
:10C72000B6CF8F929F92AF92BF92CF92DF92EF924D
:10C73000FF920F931F93CF93DF9300D01F92CDB73B
:10C74000DEB76C017B018A01B22EA09028121092F4
:10C750002412109225121092261210922712109273
:10C7600028120E94CEED20E030E0A901F80160819E
:10C770007181828193810F945049882319F1A1100E
:10C7800015C08091190A811111C0609147127091F2
:10C7900048128091491290914A120F94564F20915D
:10C7A0004702309148026217730764F081E00E94EB
:10C7B0009846811197C081E08093110210929505EF
:10C7C0000E94118C40E060E088E00E94A8B520E063
:10C7D00030E0A9016091710470917204809173043A
:10C7E000909174040F94504987FF0FC080E090E04F
:10C7F000A0E2B1E489839A83AB83BC83BE016F5FFF
:10C800007F4F81E794E00E94523080E090E0A8ECF6
:10C81000B2E489839A83AB83BC83AE014F5F5F4FE1
:10C8200069E674E085E694E00F94ED2080E090E006
:10C83000A0EAB0E489839A83AB83BC83BE016F5FB7
:10C840007F4F8DE694E00F940F21809171049091B9
:10C850007204A0917304B091740480933B0290938E
:10C860003C02A0933D02B0933E028093C609909390
:10C87000C709A093C809B093C90986EC99E00F9441
:10C88000D618109295050E94118C8CE497E00E94B6
:10C890000FCA8091CE0681508093CE06882339F04E
:10C8A0000E9456F58091CE0681508093CE068091ED
:10C8B0003E16823011F40F94C9280E9484880E9489
:10C8C000118C0F900F900F900F90DF91CF911F91CF
:10C8D0000F91FF90EF90DF90CF90BF90AF909F901F
:10C8E0008F900895AA2029F140E061E084E00E9441
:10C8F000A8B50E94804684E597E00E948E4461E0DE
:10C900008B2D0E94E030A090850483E08093850405
:10C9100081E080939B0580919B05882341F060E036
:10C920008B2D0E94E03081E00E94DB55F4CFA09275
:10C93000850440E061E085E00E94A8B520E030E099
:10C94000A901F60160817181828193810F94504920
:10C95000882371F080E090E0A0ECB0E489839A83B2
:10C96000AB83BC83BE016F5F7F4FC6010E94523014
:10C9700020E030E0A901F70160817181828193811B
:10C980000F945049882351F18090C4119090C511A3
:10C99000A090C611B090C71180E090E0A8ECB1E47F
:10C9A0008093C4119093C511A093C611B093C71181
:10C9B00080E090E0A0E8BFE389839A83AB83BC83E7
:10C9C000BE016F5F7F4FC7010E9452308092C41139
:10C9D0009092C511A092C611B092C711812C912CD2
:10C9E00080E8A82E8FE3B82E93E0E92E20E030E017
:10C9F000A901F80160817181828193810F944A506D
:10CA000018167CF440E060E086E00E94A8B58982B8
:10CA10009A82AB82BC82BE016F5F7F4FC8010E94C9
:10CA20005230F0908504E092850410929B0540E01E
:10CA300060E087E00E94A8B580919405811104C050
:10CA400081E00E94DB55F8CFF0928504813071F2CD
:10CA5000B9CE0F931F93CF93DF93D82FC62F0E9489
:10CA6000844661E08C2F0E94E0300E94C2ED60524B
:10CA70007C468B4F9F4F60932412709325128093B6
:10CA8000261290932712109228121091850483E0A9
:10CA90008093850481E080939B0501E080919B0554
:10CAA000882309F447C060E08C2F0E94E030809119
:10CAB00028128823D9F140E060E08AE00E94A8B5FE
:10CAC0000E9480468EEF96E00E948E4480919B05E6
:10CAD000882321F081E00E94DB55F8CF10922412C8
:10CAE00010922512109226121092271210922812DC
:10CAF0000E94CEED80E00E9498468D2F0E948446D1
:10CB00000E94C2ED60527C468B4F9F4F609324126F
:10CB10007093251280932612909327121092281258
:10CB200000939B0561E08C2F0E94E03081E00E9421
:10CB3000DB55B4CF10938504DF91CF911F910F91F6
:10CB40000895CF92DF92EF92FF92CF93DF93CDB70C
:10CB5000DEB76C970FB6F894DEBF0FBECDBF8CE486
:10CB60000E94522D882309F4B3C00E941F326B012A
:10CB70007C0120E030E0A9010F944A5087FF04C0F7
:10CB8000F7FAF094F7F8F094F7FAF094F7F8F094D5
:10CB9000C98EDA8EEB8EFC8E80E090E0A0E2B1E4EC
:10CBA00089839A83AB83BC8380E090E0A4E3B3E401
:10CBB0008D839E83AF83B88780E090E0A0EAB1E4E4
:10CBC00089879A87AB87BC8788E50E949B2D88233D
:10CBD00051F040E050E0BA0188E50E944932698393
:10CBE0007A838B839C8389E50E949B2D882351F057
:10CBF00040E050E0BA0189E50E9449326D837E83AE
:10CC00008F8398878AE50E949B2D882351F040E00E
:10CC100050E0BA018AE50E94493269877A878B879A
:10CC20009C87F0909714F2FAFF24F0F840E061E05E
:10CC300080E00E94A8B580E50E949B2DE82E1D860D
:10CC40001E861F86188A8091CE06811134C02E2D33
:10CC5000AE01435F5F4FBE016F5F7F4FCE014996CC
:10CC60000E94BC46882339F1FF2011F0EE2019F113
:10CC700060E080E00E94296580E090E0A0E0B0E400
:10CC80008D8B9E8BAF8BB88F198A1A8A1B8A1C8A50
:10CC90001D861E861F86188A8091CE06882359F02D
:10CCA00020E0AE014B5E5F4FBE016F5E7F4FCE0155
:10CCB0000D960E9491636C960FB6F894DEBF0FBE7E
:10CCC000CDBFDF91CF91FF90EF90DF90CF9008958F
:10CCD000C12CD12CE12C80E4F82E56CF1F920F925C
:10CCE0000FB60F9211240BB60F922F938F939F9331
:10CCF000EF93FF938091F9032091F803821306C00C
:10CD00008091C1008F7D8093C10012C0E82FF0E0B8
:10CD1000E850FC4F92818F5F8F719093C600809393
:10CD2000F9039091C00090649093C000281741F3DC
:10CD3000FF91EF919F918F912F910F900BBE0F90CC
:10CD40000FBE0F901F9018951F920F920FB60F9263
:10CD500011240BB60F920F931F932F933F934F9372
:10CD60005F936F937F938F939F93AF93BF93CF9373
:10CD7000DF93EF93FF930091AA04D091A90411E0EF
:10CD80001D0F1F77C091C6009091F7039C3008F0EB
:10CD900074C0E92F092E000CFF0B8827ED52F949CA
:10CDA0008F4F0D94DA4DDF660A6718672067276793
:10CDB0003D672B673D672F6733673D673767CD3426
:10CDC000A9F1CE3419F0C03269F503C081E0809337
:10CDD000F703011731F0ED2FF0E0E755FB4FC28369
:10CDE000D12FD093A904FF91EF91DF91CF91BF9103
:10CDF000AF919F918F917F916F915F914F913F91F3
:10CE00002F911F910F910F900BBE0F900FBE0F909F
:10CE10001F901895CA3340F4C033D8F6C032C9F217
:10CE2000CD32B9F28BE0D3CFCD34E1F782E0CFCF72
:10CE3000C13321F0C43339F688E0C9CF83E0C7CFCE
:10CE400084E0C03321F286E0C13309F2EBCF85E004
:10CE5000C83341F7BCCF87E0C23321F7B8CF89E0B0
:10CE6000C13301F7B4CF8AE0C033E1F6B0CFCA30A6
:10CE700009F0AFCF1092F703ACCFCA3009F0A9CFB9
:10CE800080917D138823B1F3973049F09A3059F09F
:10CE9000953081F71092250210929B05EBCF81E02F
:10CEA00080939316E7CF0F94941A0F94C5188EEFC2
:10CEB0000F942E210F94BB21DDCF8EBD0DB407FE44
:10CEC000FDCF08958FEF8EBD0DB407FEFDCF8EB55B
:10CED0000895909164009B7F90936400982F906ACE
:10CEE00096959CBD80FD03C091E0863009F490E0EA
:10CEF0009DBD08952F923F924F925F926F927F92C5
:10CF00008F929F92AF92BF92CF92DF92EF92FF9259
:10CF10000F931F93CF93DF93CDB7DEB7C15AD109DB
:10CF20000FB6F894DEBF0FBECDBFC056DF4F88836B
:10CF3000C05AD04020918504C156DF4F2883CF5975
:10CF4000D04081E0809385049091A8049D3409F439
:10CF500041C6943511F40C94517D973499F4209185
:10CF6000A6043091A7042B31310509F495C10CF0CA
:10CF700051C0243031054CF4223031050CF07DC114
:10CF800037FF61C10E944BE166C12C30310509F4C5
:10CF900080C12531310509F45EC12430310591F796
:10CFA00080E50E949B2DC12CD12C7601882321F095
:10CFB0000E940F326B017C0183E50E949B2D882328
:10CFC00061F00E941F3220E030E04AE754E40F9401
:10CFD000B6490F945D4F6B017C010F94C518809189
:10CFE000DB11811105C060E082E999E00E94488868
:10CFF0000E94C2EDC60ED71EE81EF91E0E94C2EDA9
:10D000006C197D098E099F0997FF25C180E00E9458
:10D01000DB55F4CF2A32310509F4FBC30CF0C5C04F
:10D020002D31310509F49FC30CF45DC12E3131055A
:10D0300009F0A8CF20E030E04CE352E460912F02E9
:10D040007091300280913102909132020F94EA4D3A
:10D05000AB01BC0188E50E9449322D966CAF7DAFD3
:10D060008EAF9FAF2D9720E030E040E152E4609119
:10D0700033027091340280913502909136020F9400
:10D08000E94DAB01BC0189E50E9449329B01AC012D
:10D0900029833A834B835C832D966CAD7DAD8EAD39
:10D0A0009FAD2D970E94AD2C882309F4D4C080E059
:10D0B0000E942E3D0F940D2061E085E40E942A30ED
:10D0C00021E0482FBE016F5F7F4FCE01875B9F4FEE
:10D0D0000E9452E36B017C01AC019B010F94DC5078
:10D0E00081115EC02D968CAC9DACAEACBFAC2D97C3
:10D0F00020E030E0A901C501B4010F94504927E1B7
:10D1000037EB41E558EB87FD04C027E137EB41E5FC
:10D1100058E3C501B4010F94EA4DAB01BC0182ECA8
:10D1200099E00E94C04B89809A80AB80BC8020E04F
:10D1300030E0A901C501B4010F94504927E137EB54
:10D1400041E558EB87FD04C027E137EB41E558E3A3
:10D15000C501B4010F94EA4DAB01BC018DEB99E020
:10D160000E94C04B20E030E0A901C701B6010F9436
:10D17000504927E137EB41E558EB87FD04C027E133
:10D1800037EB41E558E3C701B6010F94EA4DAB0117
:10D19000BC0188EB99E00E94C04B8AE00E943D44AC
:10D1A0000F94F41F0F94D52F56C02B35310509F479
:10D1B000DDC23CF42A35310509F0E4CE1092840436
:10D1C0004AC02C35310509F4D4C2293A314009F05E
:10D1D000D9CE81E00E949C40D0905402109254021B
:10D1E0007090D20980E00E942E3D0E9459E1811189
:10D1F000E8C4CE01875B9F4F0E943E2D85E50E94CB
:10D200009B2D812C912C30E8A32E3FE3B32E882355
:10D2100021F00E941F324B015C0182E40E94522DDA
:10D22000882309F4BBC3B501A401CE01875B9F4FDE
:10D230000E94193A872D0E942E3DD092540280E020
:10D240000E949C4008C080917F02882321F00E94A8
:10D2500060320F94271DC056DF4FB881C05AD040AE
:10D26000B11102C00E942A4AC156DF4FE881CF594E
:10D27000D040E09385040C948E7680917F028823C1
:10D2800051F381E02230310509F080E00E94905A8C
:10D29000E2CF0E94743DDFCF0E9459E18111DBCFC4
:10D2A00080E090E0A0E2B1E489839A83AB83BC8301
:10D2B00080E090E0A4E3B3E48D839E83AF83B887DE
:10D2C00080E090E0A0EAB1E489879A87AB87BC87C9
:10D2D00070E060E080E50E94EC2FBE016F5F7F4F41
:10D2E0000E941387B8CF81E00E949C408091CE09B4
:10D2F0008770873051F460E08FE40E942A308823E1
:10D3000021F080E00E949C40A6CF0F94C518209089
:10D31000D20980E00E942E3D0F940D2081E0809381
:10D3200041070F94612288E50E94522D182F89E54C
:10D330000E94522D082F8AE50E94522DF82E1013BC
:10D3400007C0012F181304C011E001E0FF24F3947B
:10D350000E944F3782E50E949B2D812C912CE0EAA0
:10D36000AE2EE0E4BE2E882359F00E941F324B01FE
:10D370005C0120E030E0A9010F945049882331F18D
:10D38000111103C0002309F421C18092C2099092B7
:10D39000C309A092C409B092C509A5019401609186
:10D3A0003702709138028091390290913A020F94BD
:10D3B000504987FF0BC019821A821B821C82BE0152
:10D3C0006F5F7F4F82EC99E00F940F21112309F4D6
:10D3D000F8C0002309F4F2C0109233021092340214
:10D3E000109235021092360210922F0210923002E3
:10D3F00010923102109232020F94BB21EBE2FEE454
:10D400008491CF55DF4F8883C15AD040EFE1FEE4CD
:10D4100085909590A590B490E3E2FEE445905590F8
:10D4200065907490A3019201C501B4010F944A5014
:10D4300018160CF058C1A5019401C301B2010F9454
:10D44000E44EC556DF4F688379838A839B83CB592B
:10D45000D040E6EEFDE485919591A591B491E82E3A
:10D46000D92ECA2E3B2EE2EEFDE485919591A59131
:10D47000B491C956DF4F88839983AA83BB83C75968
:10D48000D0409C01AD016E2D7D2D8C2D932D0F94E0
:10D490004A501816A4F4C956DF4FE880C759D04047
:10D4A000C856DF4FD880C859D040C756DF4FC88014
:10D4B000C959D040C656DF4F3880CA59D040C556EA
:10D4C000DF4F288139814A815B81CB59D040CA0125
:10D4D000B9010F94B64920E030E040E85FE30F94D3
:10D4E000EA4D0F9498502E2D3D2D4C2D532D0F9419
:10D4F000B649CF56DF4F688379838A839B83C159AE
:10D50000D040ECE2FEE4E49020E030E040EC5FE369
:10D51000C301B2010F94B6492B013C016E2DEE0CF4
:10D52000770B880B990B0F9457499B01AC01C301F2
:10D53000B2010F94B64969837A838B839C8320E080
:10D5400030E040EC5FE3C501B4010F94B6494B01F4
:10D550005C01CF55DF4FA881C15AD0406A2FAA0F76
:10D56000770B880B990B0F9457499B01AC01C501B0
:10D57000B4010F94B6492D966CAF7DAF8EAF9FAFBF
:10D580002D97AE014F565F4FBE016F5F7F4FCE01AB
:10D59000875B9F4F0F94ED200F94C12210923302AE
:10D5A00010923402109235021092360210922F021D
:10D5B00010923002109231021092320280E00F94E9
:10D5C0008C23002319F081E00F948C23FF20A1F01D
:10D5D00080E00E9449428091B9098370833009F448
:10D5E00087C060E08AEA99E00E9448880E948046ED
:10D5F0008BE999E00E948E440F94BB211092410761
:10D600000F946122812C912C70EAA72E70ECB72E1A
:10D61000111103C0812C912C5401412C512C60EA32
:10D62000662E60E4762E011103C0412C512C32018C
:10D63000F1100C946F7D20E030E0A901C501B40128
:10D640000F945049811109C020E030E0A901C301C5
:10D65000B2010F9450498823A1F1CF56DF4F1882B1
:10D6600019821A821B82C159D040A3019201609194
:10D6700033027091340280913502909136020F94FA
:10D68000E94D2D966CAF7DAF8EAF9FAF2D97A50165
:10D69000940160912F02709130028091310290913B
:10D6A00032020F94E94D69837A838B839C83AE01A8
:10D6B0004F565F4FBE01675B7F4FCE0101960F94BF
:10D6C000ED208091400780934107822D0E942E3DDE
:10D6D0000F94F41F83E0809349020F94D52F80E0CC
:10D6E0000E949C40B8CDA3019201C501B401A7CE10
:10D6F0000F94BB218091370290913802A09139029A
:10D70000B0913A028093C2099093C309A093C409CF
:10D71000B093C50980E090E0A0EFB1E48093BA092E
:10D720009093BB09A093BC09B093BD0980E090E041
:10D73000A2EEB2E48093BE099093BF09A093C00902
:10D74000B093C10919821A821B821C82AE014F5FFD
:10D750005F4F6EEB79E08AEB99E00F94ED2082E069
:10D760000F948C2349CF0E94B25F75CD80938404BF
:10D7700072CD47EA242E42E0342E5FE2E52E52E0DD
:10D78000F52ED12CC12C10E0F10181911F010E94D6
:10D790009B2D082F882349F10E941F322B013C0149
:10D7A000D7012D913D914D915C910F94E94D4B0125
:10D7B0005C012DEB37E346E855EB0F944A5087FDAB
:10D7C0000AC02DEB37E346E855E3C501B4010F94D9
:10D7D0005049181654F4133011F4C02E0D2DF701D2
:10D7E0004082518262827382D02E1F5FF4E0EF0E7E
:10D7F000F11C143049F6DD2029F00F94BB210F9461
:10D80000D52F29CDCC20D9F38BE392E00F94D618F5
:10D81000F6CF80917F02882309F41DCD89E40E9410
:10D820009B2D182FE12C882319F00E943F30E82E01
:10D830008AE40E949B2D082F882349F00E943F30E4
:10D84000F82E111107C042E04F1570F406C0F12CFC
:10D85000112351F022E02E1528F48AEC99E00E9461
:10D860008E44F9CC0111EFCF0E944F371123F1F014
:10D8700020914516309146164E2D4203B001439F2C
:10D88000700D11248091401690914116680F791FF8
:10D89000072E000C880B990B0F9457496093BA0917
:10D8A0007093BB098093BC099093BD090023F1F0EC
:10D8B00020914716309148164F2D4203B001439FE7
:10D8C000700D11248091421690914316680F791FB4
:10D8D000072E000C880B990B0F9457496093BE09D3
:10D8E0007093BF098093C0099093C10960E080E5FF
:10D8F0000E942A30882381F11123B1F020E030E02A
:10D900004CE352E46091BA097091BB098091BC0963
:10D910009091BD090F94E94D6093BA097093BB09CA
:10D920008093BC099093BD090023B1F020E030E062
:10D9300040E152E46091BE097091BF098091C00935
:10D940009091C1090F94EA4D6093BE097093BF098D
:10D950008093C0099093C10940E050E0BA0186E489
:10D960000E9449326B017C0120E030E0A9010F9454
:10D970004A50181684F420E030E040E752E4C70132
:10D98000B6010F94E44E60932B0270932C028093A7
:10D990002D0290932E020F94271D5DCC84E50E94EA
:10D9A000522D882381F08091750490917604892B03
:10D9B00011F00E943F30B501A401CE01875B9F4F5B
:10D9C0000E94B73937CC86E50E94522D882309F48E
:10D9D000A0C0B501A401CE01875B9F4F0E947E3994
:10D9E0008AE00E943D4484E09AE00E948E44699659
:10D9F0004CAD5DAD6EAD7FAD69978CEF99E00E9447
:10DA0000C04B8AE00E943D44A5964CAD5DAD6EAD25
:10DA10007FADA59783EF99E00E94C04B8AE00E94FA
:10DA20003D44A1964CAD5DAD6EAD7FADA19789EE45
:10DA300099E00E94C04B8AE00E943D448AE00E9427
:10DA40003D448FE09AE00E948E4465964CAD5DADFA
:10DA50006EAD7FAD65978CE09AE00E94C04B8AE086
:10DA60000E943D448AE00E943D4483E39AE00E9484
:10DA70008E44E9964CAD5DAD6EAD7FADE9978AE21F
:10DA80009AE00E94C04B8AE00E943D44E5964CAD6E
:10DA90005DAD6EAD7FADE59780E29AE00E94C04B30
:10DAA0008AE00E943D44AD964CAD5DAD6EAD7FAD5C
:10DAB000AD9788E19AE00E94C04B8AE00E943D4405
:10DAC0008AE00E943D448EE39AE00E948E448AE000
:10DAD0000E943D4484E50E943D4460E070E0CB013B
:10DAE0000E940E4A8FE59AE00E948E44CB57DF4F8A
:10DAF000488159816A817B81C558D0408CE59AE084
:10DB00000E94C04B8AE00E943D448AE00E943D444E
:10DB100091CBCE0101960E943E2D6090DF098FEFE0
:10DB20008093DF098FE392E0CF56DF4F998388839C
:10DB3000C159D04080913F0290914002A091410292
:10DB4000B0914202CD56DF4F88839983AA83BB836D
:10DB5000C359D04010923F021092400210924102ED
:10DB60001092420240E050E060EA70E4CE0101967B
:10DB70000F94733C40E050E060E87FE3CE010196F3
:10DB80000E94193A40E050E060E87FE3CE01019640
:10DB90000F94733C812C912C5401CC24CA948501A0
:10DBA00074012FEF40E050E066E173E480E00E94F2
:10DBB0002838CE018F569F4F0E94302D6092DF098A
:10DBC00039CB872D0E942E3DD092540280E00E94D6
:10DBD0009C4041CB0091A6041091A7040837110581
:10DBE00011F40C943F780CF054C20D34110509F473
:10DBF0009CC70CF044C10A31110509F4A2C50CF010
:10DC0000BFC00431110509F427C50CF092C00131E1
:10DC1000110509F416C50CF06EC00230110508F0AC
:10DC2000B1C9A090A404B090A50480E50E949B2DEA
:10DC3000182FC12CD12C7601882359F00E940F3265
:10DC40006B017C0111E0C114D104E104F10409F479
:10DC500010E083E50E949B2D882311F40C94907DA5
:10DC60000E941F3220E030E04AE754E40F94B649A6
:10DC70000F945D4F6B017C0111110C94947DC114C4
:10DC8000D104E104F10411F00C94947DA114B104C9
:10DC900011F40C94947DD5018C91882311F40C948B
:10DCA000947D0F94C518C5010E9405CC1091850480
:10DCB00083E08093850481E080939B05C114D104A7
:10DCC000E104F10409F4ADC40E94C2EDC60ED71EF2
:10DCD000E81EF91E0E94C2ED6C197D098E099F098C
:10DCE00097FFA7C480919B05882309F4A2C480E014
:10DCF0000E94DB55EFCF0231110509F043C983E5DE
:10DD00000E949B2D882311F40C94FC760E941F32F4
:10DD100020E030E04AE754E40F94B6490F945D4F99
:10DD200060930B0270930C0280930D0290930E028D
:10DD300092CA0731110509F4B9C484F405311105FB
:10DD400009F4B0C40631110509F01CC90E9445F55B
:10DD500080919714877F809397147DCA08311105AD
:10DD600009F4B8C40931110509F00CC98091971460
:10DD700082FF03C08B7F809397140E94A1656BCABA
:10DD80000F31110509F4C7C50CF04CC00C31110559
:10DD900009F449C50CF4F4C40D31110509F44DC55D
:10DDA0000E31110509F0EEC88091971483FF53CA14
:10DDB0000E9431E18091971483FF4DCA6091A404C1
:10DDC0007091A504CE01875B9F4F0E942DCC8C01E2
:10DDD000009709F440CA2B966EAD7FAD2B97198240
:10DDE0001C8222E0AC01CE0101960F940B0681113A
:10DDF0002BC5F12CCE0101960F94EA02B801FF2049
:10DE000009F439C586E09BE00E941F458AE00E9424
:10DE10003D44109293141092941410929514109201
:10DE2000961419CA0934110509F462C6ECF40032DB
:10DE3000110509F42AC50A32110509F0A3C883E5C2
:10DE40000E949B2D882309F406CA0E94FA2FF82EFF
:10DE500080E50E949B2D811108C681E0F11001C070
:10DE600080E00E949C40F7C90B34110509F459C6A3
:10DE70000C34110509F086C80F94ED28ECC90C3656
:10DE8000110509F4E8C90CF063C00535110511F45A
:10DE90000C94417734F50235110509F4A4C7C4F494
:10DEA0000135110509F06EC80F943C070F94022943
:10DEB0000F94431A0E94974068EE73E080E090E070
:10DEC0000E94674060E083ED9BE00E944888C3C9E0
:10DED0000335110509F48BC70435110509F40FCF7B
:10DEE00051C80936110509F403C7F4F40C351105BE
:10DEF00009F4E2C70836110509F044C88091800F83
:10DF000083FDA9C90E948C4A87FDA5C983E50E94AB
:10DF10009B2D882309F49FC90E941F320F94564FEE
:10DF2000CB010E94398997C90A36110509F437C710
:10DF30000B36110511F00C94C26760E080E50E9479
:10DF40000E30811188C91092080A1092980583C971
:10DF50000137110509F489C684F40E36110509F458
:10DF60002FC60CF4E6C50F36110509F43CC6003780
:10DF7000110509F470C90C94C2670537110511F435
:10DF80000C9403780CF073C00237110511F40C9453
:10DF9000FD770337110511F00C94C2678DE09DE009
:10DFA0000E948E4460E08DEF9CE00E94A65260E0EB
:10DFB00088EE9CE00E94A65261E081EE9CE00E9407
:10DFC000A65260E086ED9CE00E94A65261E086ECDD
:10DFD0009CE00E94A65260E08DEB9CE00E94A6525D
:10DFE00061E083EB9CE00E94A65261E089EA9CE03C
:10DFF0000E94A65261E081EA9CE00E94A65261E084
:10E0000083E99CE00E94A65261E085E89CE00E94C2
:10E01000A65260E086E79CE00E94A65260E088E697
:10E020009CE00E94A65260E082E59CE00E94A6521D
:10E0300061E081E49CE00E94A65260E082E39CE003
:10E040000E94A65260E08DE19CE00E94A65261E031
:10E050008AE09CE00E94A65260E08DEF9BE00E9467
:10E06000A65260E089EE9BE00E94A652F4C80637F3
:10E07000110509F4D0C70737110511F00C94C267D8
:10E0800081E00E949C400F94FB2180E00E949C4014
:10E09000E2C80E3581E0180711F40C941E7D0CF0D7
:10E0A000CEC1033D110511F40C9430790CF06FC012
:10E0B0000B39110509F44CC654F50D37110509F457
:10E0C0008EC664F40937110511F00C94C2671092E2
:10E0D0004107109240070F946122BDC80C3811050A
:10E0E00009F4E5C50139110511F00C94C26770E01F
:10E0F00060E083E50E9443308C01823008F4C7C79A
:10E100000E9432458DE09EE00E948E44A4C80B3CE4
:10E11000110511F40C9494786CF50E3B110509F47B
:10E12000E3C5093C110511F00C94C2670E948C4AAA
:10E1300087FD91C807EA12E06CE8E62E61E1F62E51
:10E14000D8018D918D010E94522D882349F00E94A3
:10E150001F320F945D4FF701608371838283938335
:10E16000F4E0EF0EF11C22E00B3A120749F70F948E
:10E17000531871C80C3C110511F40C94B7780D3C80
:10E18000110511F00C94C2670E949C4464C80232CD
:10E19000A1E01A0711F40C94AC7A0CF043C00D3DC9
:10E1A000110511F40C94A07994F40C3D110511F0B3
:10E1B0000C94C26783E50E949B2D882309F44BC809
:10E1C0000E943F30909356028093550244C8023E0D
:10E1D000110511F40C94EE790831114011F00C94F2
:10E1E000C26780E50E94522D882309F434C80E943A
:10E1F0003F308C01892B11F00C949F7A83E50E94AB
:10E20000522D882311F40C94347A0E943F308F3FB2
:10E21000980711F00C942D7A84EF92E10E94164138
:10E220000C942B690E32F1E01F0711F40C944F7B14
:10E230000CF086C00C3241E0140711F40C94317BD1
:10E240000D32114011F00C94C26760E085E40E9429
:10E250000E3081110C94477B80E50E94522D88235B
:10E2600051F00E941F3260934E1270934F128093B0
:10E2700050129093511289E40E94522D882381F00C
:10E280000E941F322CEA35EC47E25EE30F94B64958
:10E2900060935212709353128093541290935512BC
:10E2A00084E40E94522D882381F00E941F322CEAC0
:10E2B00035EC47E25EE30F94E44E609356127093A0
:10E2C000571280935812909359120E9480464091A1
:10E2D0004E1250914F1260915012709151128EEB6C
:10E2E0009EE00E94C04B2CEA35EC47E25EE3609171
:10E2F00052127091531280915412909155120F94B2
:10E30000E44EAB01BC018AEB9EE00E94C04B2CEABC
:10E3100035EC47E25EE3609156127091571280919E
:10E320005812909159120F94B649AB01BC0186EB7B
:10E330009EE00E94C04B8AE00E943D440C942B69F1
:10E340000F3291E0190711F40C94967B00331140C1
:10E3500011F00C94C26780E50E94522D882351F081
:10E360000E941F326093A6167093A7168093A8167A
:10E370009093A91689E40E94522D882381F00E946F
:10E380001F322CEA35EC47E25EE30F94B649609306
:10E39000AA167093AB168093AC169093AD1684E4D6
:10E3A0000E94522D882381F00E941F322CEA35EC06
:10E3B00047E25EE30F94E44E6093AE167093AF169F
:10E3C0008093B0169093B1160E9480464091A61695
:10E3D0005091A7166091A8167091A9168CED9EE039
:10E3E0000E94C04B2CEA35EC47E25EE36091AA162E
:10E3F0007091AB168091AC169091AD160F94E44ECF
:10E40000AB01BC0188ED9EE00E94C04B2CEA35ECCC
:10E4100047E25EE36091AE167091AF168091B01640
:10E420009091B1160F94B649AB01BC0184ED9EE00A
:10E430000E94C04B8AE00E943D440C942B69063F29
:10E44000B1E01B0711F40C94F17B0CF073C00A3996
:10E45000F1E01F0711F40C942B6914F5003941E029
:10E46000140711F40C949A7B4CF40F35114011F001
:10E470000C94C2670E948C300C942B690139A1E086
:10E480001A0711F40C949E7B0239114011F00C9480
:10E49000C26780E00F9479220F94D52F0C942B69DA
:10E4A000093AE1E01E0711F40C94E97BA4F5043A63
:10E4B00021E0120711F40C94A57B053A114011F0EC
:10E4C0000C94C2676FEF7FEF89E40E944330082FFE
:10E4D0006FEF7FEF8AE40E944330A82E8AE50E9406
:10E4E000522D182FB12C811104C081E50E94522DAC
:10E4F000B82E07FD08C0A7FC06C011110C94A97B1B
:10E50000B1100C94A97B0E9432458EE29FE00E94DC
:10E510008E440C942B69043F81E0180711F40C948D
:10E52000ED7B053F114011F00C94C2670F945D3CE8
:10E530000C942B690B35A2E01A0711F40C945B7C48
:10E54000C4F4083FE1E01E0711F40C94FD7B14F4C1
:10E550000C94F57B0C3022E0120711F40C94107C23
:10E560000835124011F00C94C2670E94B87D0C94DB
:10E570002B690B3883E0180711F40C94F37CBCF57D
:10E580000335A3E01A0711F40C941B7C04381340E4
:10E5900011F00C94C2678BE40E949B2D882311F428
:10E5A0000C94E07C0E941F326B017C0120E030E083
:10E5B000A9010F944A5087FF02C00C94DA7C20E036
:10E5C00030E040E251E4C701B6010F9450491816FB
:10E5D00014F40C94DA7C0F94C518C0921A0AD092E5
:10E5E0001B0AE0921C0AF0921D0A0C942B69003A57
:10E5F000E3E01E0709F47FC1073E134011F00C94BD
:10E60000C26781E080937F0210921E1260E083E572
:10E610000E942A3081110C942B690E948C520C9418
:10E620002B6980919B05882321F080E00E94DB55B7
:10E63000F8CF0E94848810929B05109385040C9457
:10E640002B6960E086E89AE00E944888179816983F
:10E65000159814980C942B698EE99AE00E948E44C8
:10E6600010923C0780E992E10F9492018BE1E0E97E
:10E67000F2E1DE01119601900D928A95E1F750E0EA
:10E6800040E0BE016F5F7F4F90E080E00E940BF79B
:10E69000CE0101960F94EA028FE89AE00E948E4420
:10E6A0000C942B690E94FAF50C942B698091A404B8
:10E6B0009091A504FC012191222331F02032D9F759
:10E6C000DF0111971C92F7CF40E061E00E94E4F86F
:10E6D0000C942B698091CE06882319F180E090E09C
:10E6E000A0EAB1E4CF56DF4F88839983AA83BB8326
:10E6F000C159D0402D961CAE1DAE1EAE1FAE2D973B
:10E7000019821A821B821C8220E0AE014F565F4F95
:10E71000BE01675B7F4FCE0101960E9491630C940E
:10E720002B690E94E635882321F00E9456F50F944C
:10E73000C92886E994E20E940FCA0E9484880C943A
:10E740002B698091971483FD02C00C942B6983E59B
:10E750000E949B2D882311F40C942B690E94DC2FBE
:10E76000AB01BC014093931450939414609395149F
:10E77000709396148AE592E10F94FE000C942B6935
:10E7800083E40E94522D882319F189EB9AE00E94BC
:10E790008E4480915D12882391F0BE016F5F7F4FA0
:10E7A0008AE592E10F94F0028E010F5F1F4FF8018E
:10E7B00081918F01882339F00E943D44F8CF8FEA80
:10E7C0009AE00E948E448AE00E943D440C942B699A
:10E7D0008091971482FF21C088EC9AE00E948E44B9
:10E7E0006091931470919414809195149091961463
:10E7F0004AE00E948C498FE20E943D4460918F1450
:10E800007091901480919114909192144AE00E941A
:10E810008C490E9486520C942B698AED9AE00E94E2
:10E820008E440C942B6940E060E08091A4049091A8
:10E83000A5040E94E4F80C942B69809197148E7FB4
:10E84000809397140C942B69CE0101960E94C8FA0C
:10E85000882309F4CECA61E0CE0101960F9492029A
:10E86000009709F4C6CA25EEDC012C931C820E9495
:10E87000DDFEF82EBFCA8EEE9AE00E941F458BEE99
:10E880009AE00E948E440C942B698091971482FD2B
:10E890000F94C5188091971483FD02C00C942B69C6
:10E8A00060E080E50E942A30182F482F61E08091B7
:10E8B000A4049091A5040E94E4F883E50E949B2D96
:10E8C000882381F00E94DC2FAB01BC01409393149C
:10E8D0005093941460939514709396148AE592E182
:10E8E0000F94FE000E9456F511110C942B690F94A1
:10E8F000C9280C942B692091A4043091A50490910F
:10E90000971492609093971440E060E0C9010E94D0
:10E91000E4F80C942B690F947C287B018C0120E88F
:10E9200031E541E050E00F94434DC9016DE671E0DF
:10E930000F94B24D4B015C01C801B70120E13EE0EC
:10E9400040E050E00F94434DCA01B90128E130E0A6
:10E9500040E050E00F94434D762E672EC62ED72E02
:10E960002CE3222E312C412C512CC801B701A201DD
:10E9700091010F94434DF62EE72ECA01B901A20171
:10E9800091010F94434DCB018E010F5F1F4F8114F6
:10E99000910431F1EF92FF927F936F936F927F9288
:10E9A000BF92AF929F928F928CE39BE09F938F9345
:10E9B0001F930F930F94E7480FB6F894DEBF0FBE76
:10E9C000CDBFC8010E9405CC0E948046B80180E5F9
:10E9D0009BE00E941F458AE00E943D440C942B69F5
:10E9E000A114B10489F0EF92FF927F936F936F921D
:10E9F0007F92BF92AF928CE29BE09F938F931F9385
:10EA00000F930F94E748D8CFCD2879F0EF92FF927B
:10EA10007F936F936F927F9280E29BE09F938F939F
:10EA20001F930F930F94E748C7CF892B69F0EF929C
:10EA3000FF927F936F9388E19BE09F938F931F9347
:10EA40000F930F94E748B8CFEF92FF9284E19BE0D9
:10EA50009F938F931F930F930F94E7480F900F90FE
:10EA60000F900F900F900F90ACCF6DE070E080E5AD
:10EA70000E9443308C0197FF02C00C942B69E82E52
:10EA800060E089E40E942A3081111EC09CE6C92EF4
:10EA90009BE0D92E41E050E0B601CE0101960F94E3
:10EAA00089488981E81208C00E9432458DE59BE0C3
:10EAB0000E948E440C942B69FFEFCF1ADF0A20E9E5
:10EAC000C2162BE0D20631F7802F0E94E6CB6F2DC5
:10EAD000802F0E948BEC6F2D70E0802F0E94B9EC8C
:10EAE00048E0E4120C942B69F092080A0C942B690C
:10EAF00080E50E94522D882311F40C942B6980919B
:10EB0000971482FF02C00C942B690E94FA2F90E0A8
:10EB10008536910514F084E690E0809399050C9475
:10EB20002B690F94C9280C942B690F9402290C941B
:10EB30002B698091800F83FF02C00C942B690E9487
:10EB40008C4A082F87FF02C00C942B6983E50E9432
:10EB50009B2D182F882319F10E941F320F94564FB6
:10EB6000CB010E94398960914B1270914C12072E93
:10EB7000000C880B990B0F94574920914712309144
:10EB800048124091491250914A120F944A50181657
:10EB90006CF482EA9BE060E00E9448880BC082E54A
:10EBA0000E949B2D8111D8CF0C942B6980E99BE0AA
:10EBB000112389F3612F802F0F94652E0C942B69FC
:10EBC0008EE40E949B2D882311F40C942B690E94E3
:10EBD000DC2F6093D6117093D7118093D811909346
:10EBE000D9110C942B6983E50E94522D882331F0B2
:10EBF00060E083E50E940E308093800F0E94804683
:10EC000082EC9BE00E948E448091800F882351F11A
:10EC100010E000E020E08091800F90E0B0E0A0E004
:10EC2000002E04C0B695A795979587950A94D2F7BC
:10EC300080FF12C0FF24F394F20E222319F08CE21D
:10EC40000E943D44F801EE0FFF1FE854F44F8591F8
:10EC500094910E948E442F2D0F5F1F4F0530110598
:10EC6000D1F6B1CD84EB9BE0ACCD83E50E949B2D2A
:10EC7000882369F00E94FA2F8D3320F480930A02D2
:10EC80000C942B698CE380930A020C942B690E94EC
:10EC9000804640910A0250E070E060E089EC9BE021
:10ECA0000E94F0498AE00E943D440C942B698091B7
:10ECB000800F83FF02C00C942B6983E50E949B2D7B
:10ECC000882311F40C942B690E941F320F94564F25
:10ECD0006C3871050CF48B011093A4160093A316E5
:10ECE0000E9453FD0C942B690E9499580C942B6937
:10ECF0000E948C4A182F87FD0AC080ED9BE00E947D
:10ED00008E44812F0F94F62D8AE00E943D44C15617
:10ED1000DF4F8881CF59D04080938504CF55DF4F96
:10ED20000FB6F894DEBF0FBECDBFDF91CF911F911C
:10ED30000F91FF90EF90DF90CF90BF90AF909F909A
:10ED40008F907F906F905F904F903F902F9008959D
:10ED500083E50E949B2D882311F40C942B690E945B
:10ED6000FA2F182F8D3308F01CE310937B040E94B8
:10ED7000C2ED6B017C01212F30E0A8EEB3E00F94CF
:10ED8000974DC60ED71EE81EF91EC0927704D0928A
:10ED90007804E0927904F0927A040C942B6960E094
:10EDA00080E50E940E3081110C942B6981E40E9451
:10EDB000522D6091080A70E0811102C06FEF70E07F
:10EDC00083E50E94EC2F8F3F910519F010F08FEF33
:10EDD00090E08093080A809398050C942B690E9418
:10EDE000A1650C942B6910927F040C942B6981E02F
:10EDF00080937F040C942B6988E50E94522D811129
:10EE000013C089E50E94522D81110EC08AE50E942F
:10EE1000522D811109C085E40E94522D811104C038
:10EE20000F94431A0C942B690F94C51888E50E941F
:10EE3000522D882331F0179A8091B9098E7F8093E3
:10EE4000B90989E50E94522D882331F0169A8091E4
:10EE5000B9098D7F8093B9098AE50E94522D8823D4
:10EE600031F0159A8091B9098B7F8093B90985E4B7
:10EE70000E94522D882311F40C942B69149A0C943F
:10EE80002B6983E50E94522D882311F40C942B6981
:10EE90000E941F3220E030E04AE754E40F94B64964
:10EEA0000F945D4F6093800470938104809382047B
:10EEB000909383040C942B690E948C4A87FF02C0B4
:10EEC0000C942B698091A00484FD09C08091A20458
:10EED00087FD05C08091A304837009F489C0B7EA57
:10EEE000CB2EB2E0DB2E1CE8E12E11E1F12E10E07A
:10EEF000D6018D916D010E949B2D882309F465C078
:10EF0000133009F06DC00E941F324B015C0120E0FC
:10EF100030E040EA51E40F94504987FF4EC0A5010C
:10EF200094016091AC117091AD118091AE119091EE
:10EF3000AF110F94E44E2B013C01AC019B01609199
:10EF4000000A7091010A8091020A9091030A0F94BD
:10EF5000B6496093000A7093010A8093020A909365
:10EF6000030AA30192016091BC117091BD118091BF
:10EF7000BE119091BF110F94B6496093BC1170936C
:10EF8000BD118093BE119093BF116091EC097091F7
:10EF9000ED098091EE099091EF090F945549A30175
:10EFA00092010F94B6490F945D4F6093EC097093F2
:10EFB000ED098093EE099093EF098092AC11909245
:10EFC000AD11A092AE11B092AF111F5FF4E0EF0E41
:10EFD000F11C143009F08CCF0F94A1180C942B69FC
:10EFE0000E941F32F701648B758B868B978BEDCF58
:10EFF00081E00E9448CD0C942B690F94C5180F94A2
:10F00000D52F0C942B698091A4049091A5040E94A3
:10F0100005CC0C942B690091A4041091A50483E005
:10F02000F12C40E08150E9F0D8019C91292F2B7FF1
:10F030002134C1F711962C912133A1F7913421F09D
:10F04000953421F441E002C0FF24F39498012E5F2F
:10F050003F4F89012F5F3F4FF80190819032C9F3F4
:10F06000E1CF41110E948046FF2021F089E09EE01F
:10F070000E948E44C8010E9476540C942B698093A0
:10F080004107809340070F9461220C942B6988E418
:10F090000E949B2D8823A9F00E943F30F801FF2792
:10F0A000EE0FFF1FE95AF94E833221E0920714F068
:10F0B00082E291E08837910514F488E790E091832B
:10F0C000808386E40E949B2D882379F00E943F3044
:10F0D00097FD28C08F3F910519F014F08FEF90E055
:10F0E000F801FF27EF5AF94E808382E40E949B2D9E
:10F0F000882311F40C942B690E943F30F801FF27FC
:10F10000EE0FFF1FED5AF94E8D38910514F08CE883
:10F1100090E08530910514F485E090E09183808340
:10F120000C942B6980E0DCCF0E948C4A87FF02C0E0
:10F130000C942B6957EAE52E52E0F52E10E000E022
:10F14000D7018D917D010E94522D882349F00E94A4
:10F150001F32F801E457FE4E64A375A386A397A35C
:10F160000C5F1F4F0031110559F70C942B698091EA
:10F17000A10487FD2DC08091A2048E7049F54091B5
:10F18000C0115091C1116091C2117091C31185E3FA
:10F190009EE00E94C04B4091C4115091C5116091F6
:10F1A000C6117091C71182E39EE00E94C04B40914E
:10F1B000C8115091C9116091CA117091CB118FE2A1
:10F1C0009EE00E94C04B8AE00E943D440C942B6953
:10F1D00083E50E949B2D882391F00E941F3260934B
:10F1E000C0117093C1118093C2119093C3116093A9
:10F1F000C8117093C9118093CA119093CB1180E507
:10F200000E949B2D882351F00E941F326093C011F1
:10F210007093C1118093C2119093C31182E50E9433
:10F220009B2D882351F00E941F326093C41170936C
:10F23000C5118093C6119093C71184E50E949B2D40
:10F24000882311F40C942B690E941F326093C8111B
:10F250007093C9118093CA119093CB110C942B69B0
:10F260000E9480468CE69EE00E948E4483E50E94C8
:10F27000522D882321F00E941A30809354028091ED
:10F280005402882309F459C089E49EE00E948E4408
:10F2900084E69EE00E948E444091570250915802AD
:10F2A0006091590270915A0282E69EE00E94C04B22
:10F2B00040915F0250916002609161027091620220
:10F2C0008FE59EE00E94C04B40916702509168021A
:10F2D0006091690270916A028CE59EE00E94C04BC9
:10F2E00084E59EE00E948E4440915B0250915C0256
:10F2F00060915D0270915E0282E59EE00E94C04BCB
:10F3000040916302509164026091650270916602BF
:10F310008FE49EE00E94C04B40916B0250916C02C2
:10F3200060916D0270916E028CE49EE00E94C04B71
:10F330008AE00E943D440C942B6985E49EE0A6CFB0
:10F340000E948C4AD82E87FF02C00C942B6983E55B
:10F350000E949B2DED2C0D2C000CFF088701000F47
:10F36000111F882309F10E943F30F801E05BFD4F37
:10F37000918380838701000F111F000F111F0D5B08
:10F380001D4FBC01990F880B990B0F9457492AE028
:10F3900037ED43E25CE30F94B649F8016083718373
:10F3A000828393830C942B690E94804685E40E949B
:10F3B0003D4480E38D0D0E943D44F801E05BFD4F2C
:10F3C000608171818CE79EE00E947F4A85E20E9405
:10F3D0003D448AE00E943D440C942B6980E50E94E4
:10F3E000522D882311F40C942B6970E060E080E5C5
:10F3F0000E944330E82E6FEF7FEF83E50E94433099
:10F400008C010196039710F00C942B69E7FE02C063
:10F410000C942B690F94C5180E2C000CFF080F3F9D
:10F42000100789F001301105A9F010E000E0C701D4
:10F430000E94B5408017110611F40C942B6980E0EE
:10F440000E94DB55F4CFC7010E94B54001E00827B8
:10F4500010E0EDCF01E010E0EACFBC0184EF92E1D3
:10F460000E9446410C942B690E94804670E060E047
:10F4700087E89EE00E947F4A8091F61208E5C02E40
:10F4800002E0D02EC81AD10887FDD394CC0CDD1C25
:10F49000CC0CDD1C0D2C000CEE08FF088091F51241
:10F4A00098E8892E912C881A910887FD9394880CEE
:10F4B000991C880C991C092C000CAA08BB08809187
:10F4C000F41290E08F3FC9F1FC01EE0FFF1FE80F2F
:10F4D000F91FE555FD4E81819281B3E0880F991F98
:10F4E000BA95E1F7B0E0A0E014E0B595A79597953F
:10F4F00087951A95D1F702969C012F5F3F4F032EF7
:10F50000000C440B550B281939094A095B09A4EB77
:10F51000B0E00F94844DA7019601281939094A09D2
:10F520005B090F94654DB90184E89EE00E947F4A13
:10F530008AE00E943D440C942B6980E0DDCF0E945C
:10F540003245B8018EE99EE00E947F4A8FE89EE036
:10F550000E948E440C942B6967EAC62E62E0D62E78
:10F560007CE8E72E71E1F72E10E0D6018D916D0158
:10F570000E949B2D882309F465C00E941F3220E061
:10F5800030E040E050EC0F945049812C912CA12C9C
:10F5900050ECB52E87FD13C00E941F3220E030E0F2
:10F5A00040E050E40F944A50812C912CA12C40E46F
:10F5B000B42E181624F00E941F324B015C01F70193
:10F5C0002489358946895789C501B4010F94B64904
:10F5D0000F94564F812F0E944040123051F580E524
:10F5E0000E94522D811137C0A50194016091CA0972
:10F5F0007091CB098091CC099091CD090F94EA4D7F
:10F600006093CA097093CB098093CC099093CD097C
:10F610000E9480464091CA095091CB096091CC0963
:10F620007091CD0985EA9EE00E94C04B8AE00E945D
:10F630003D441F5FF4E0EF0EF11C133009F095CF4D
:10F640000C942B691230A9F783E50E949B2D811140
:10F6500094CF0C942B690E941A308111C5CF0C9461
:10F660002B6964E071E083E50E94EC2F8C0168EE69
:10F6700073E080E50E94EC2F893823E1920710F0B7
:10F6800088E893E1B8010E940F880C942B690E94CE
:10F69000324582EC9EE00E948E440C942B6983E5F7
:10F6A0000E94522D182F882371F00E941F320F9450
:10F6B000564F709348026093470221E0672B09F090
:10F6C00020E02093190A80E50E94522D882361F0E2
:10F6D0002091470230914802232B11F00E941A30EA
:10F6E0008093190A0C942B6911110C942B690E94B8
:10F6F00080468CEF9EE00E948E448091190A8823F8
:10F7000091F084EE9EE00E948E44609147027091D9
:10F7100048028BEE9EE00E947F4A87EE9EE00E94A8
:10F720008E440C942B6980EE9EE0EDCF0E94D14B6D
:10F730000C942B690F94C5180C942B6981E00F94DD
:10F7400079220F94D52F0C942B690E94C0520C94EF
:10F750002B69033018F442E04A1540F40E94324508
:10F760008FE09FE00E948E440C942B690E941F3210
:10F77000002E000C110BAA2DAA0CBB0B7801EE0C6D
:10F78000FF1C20E030E0A901BB2079F0F701E00F79
:10F79000F11FEA0FFB1FEE0FFF1FEE0FFF1FE55AD1
:10F7A000F94E20813181428153810E0D1F1D0A0FB8
:10F7B0001B1F000F111F000F111F055A194E0F9428
:10F7C000EA4DD8016D937D938D939C9313970C9480
:10F7D0002B690E9432510C942B690F94BC240C9419
:10F7E0002B690F9406310C942B6961E083E50E942C
:10F7F0002A300F94A3320C942B6981E08093441635
:10F800000F941E3610924416882311F40C942B6921
:10F810000E9480468EE49FE00E948E440C942B69E7
:10F820008091971482FD02C00C942B6980628093B2
:10F8300097140C942B698AE50E949B2D882341F133
:10F840000E941F326B017C0120E030E040EA51EC65
:10F850000F944A5087FD14C020E030E040EA51E4A4
:10F86000C701B6010F945049181654F0C092CA0946
:10F87000D092CB09E092CC09F092CD090C942B697F
:10F880000E94324589E59FE00E948E440C942B69CA
:10F890000E9480464091CA095091CB096091CC09E1
:10F8A0007091CD0986E79FE00E94C04B8AE00E94DC
:10F8B0003D440C942B690E948C4A082F87FF02C09C
:10F8C0000C942B6985E50E94522D882351F10E94EA
:10F8D0001F324B015C01E02E002E000CFF0820E0DF
:10F8E00030E0A9010F944A5087FF04C0B7FAB094E2
:10F8F000B7F8B09420E030E048E453E4C501B40127
:10F900000F944A50970143E0220F331F4A95E1F7C5
:10F91000275B394E1816CCF1F90180829182A282C0
:10F92000B3828CE40E94522D882311F40C942B692D
:10F930000E941F326B017C01002E000C110B20E095
:10F9400030E0A9010F944A5087FF04C0F7FAF09401
:10F95000F7F8F09420E030E048E453E4C701B60142
:10F960000F944A50980193E0220F331F9A95E1F7C4
:10F97000275B394E18169CF0D9011496CD92DD9272
:10F98000ED92FC9217970C942B6980E090E0A8E42C
:10F99000B3E4F90180839183A283B383C2CF80E073
:10F9A00090E0A8E4B3E4F90184839583A683B78348
:10F9B0000C942B6987E89FE00E948E440C942B697D
:10F9C0000E94804640911A0A50911B0A60911C0ABD
:10F9D00070911D0A86EA9FE00E94C04B8AE00E9457
:10F9E0003D440C942B6988E50E949B2D882301F1EE
:10F9F0000E943F30BC0180E00F94760E8AE50E94A1
:10FA00009B2D882331F00E943F30BC0181E00F9490
:10FA1000760E85E40E949B2D882311F40C942B69AB
:10FA20000E943F30BC0182E00F94760E0C942B694B
:10FA300089E50E949B2D8111DBCFE0CF83E50E94F9
:10FA4000522D882351F010E00E94FA2F682F812F49
:10FA50000F945B0E1F5F1530B9F787EAE82E82E03E
:10FA6000F82E10E0D7018D917D010E94522D882340
:10FA700031F00E94FA2F682F812F0F945B0E1F5FC9
:10FA8000143081F782E40E94522D882331F00E94C5
:10FA9000FA2F682F84E00F945B0E0F94090E0C94DC
:10FAA0002B690091A6041091A704002311F40C9473
:10FAB0002B690E94804684E50E943D44B801772767
:10FAC000072E000C880B990B0E940E4A80E20E94C0
:10FAD0003D4481EB9FE00E948E440C942B692D964F
:10FAE0001CAE1DAE1EAE1FAE2D9720E030E040E0F4
:10FAF00050E4609137027091380280913902909100
:10FB00003A020F94EA4D69837A838B839C83BE010A
:10FB1000675B7F4FCE0101960F940F210C941B6BF6
:10FB2000112311F40C94466E0F94C51860E083E71E
:10FB30009AE00E9448880C94566ECF93DF93C09150
:10FB4000280980E6C89FE0011124C85BD84F809146
:10FB5000800F80FF05C00E948046CE010E9476542F
:10FB6000CE010E94F43580E0DF91CF910C947A674A
:10FB70004F925F926F927F928F929F92AF92BF92BD
:10FB8000CF92DF92EF92FF920F931F93CF93DF9369
:10FB9000CDB7DEB7A0970FB6F894DEBF0FBECDBFCE
:10FBA0004DB65EB680E090E0A0E2B1E489839A832E
:10FBB000AB83BC8380E090E0A4E3B3E48D839E83B9
:10FBC000AF83B88780E090E0A0EAB1E489879A87A4
:10FBD000AB87BC870E948C4A87FD0FC1482F61E02C
:10FBE00081E00E94A8B50E9459E1882309F44BC026
:10FBF0006090D0097090D1099BE7E92E99E0F92E29
:10FC00008DB69EB66AE070E0C7010F9492486C0111
:10FC10008C010E191F09892B21F4C7010F949D48EF
:10FC20008C01C80101962DB73EB7281B390B0FB6C2
:10FC3000F8943EBF0FBE2DBF8DB79EB701965C01F5
:10FC4000A801B7010F94BE48F501E00FF11F108223
:10FC5000C5010E94F43581E00E947A67C114D10485
:10FC600051F076019FEFE91AF90A0FB6F8949EBE9B
:10FC70000FBE8DBEC5CF0FB6F8949EBE0FBE8DBE13
:10FC8000C3010E94F43585E40E94522D882309F4B3
:10FC9000D0C00E941F326B017C0120E030E0A9013E
:10FCA0000F944A5087FF04C0F7FAF094F7F8F094E5
:10FCB000F7FAF094F7F8F094C98ADA8AEB8AFC8AAA
:10FCC0008AE50E949B2D882351F040E050E0BA0164
:10FCD0008AE50E94493269877A878B879C8788E505
:10FCE0000E949B2D882351F040E050E0BA0188E546
:10FCF0000E94493269837A838B839C8389E50E94C1
:10FD00009B2D882351F040E050E0BA0189E50E9424
:10FD100049326D837E838F83988785E50E94522DBB
:10FD2000882309F48CC00E941F326B017C0120E003
:10FD300030E0A901C701B6010F944A5087FF04C003
:10FD4000F7FAF094F7F8F094F7FAF094F7F8F094E3
:10FD5000CD8ADE8AEF8AF88E198E1A8E1B8E1C8E43
:10FD60008CE40E94522D882309F472C00E941F3235
:10FD70006B017C0120E030E0A901C701B6010F94BE
:10FD80004A5087FF04C0F7FAF094F7F8F094CD8E4C
:10FD9000DE8EEF8EF8A26AE070E082E40E944330CB
:10FDA000182F8091CE06811128C021E0AE014B5E54
:10FDB0005F4FBE016F5F7F4FCE0141960E94BC46F0
:10FDC0008823D9F0612F81E00E94296580E090E0CE
:10FDD000A0EAB1E48D879E87AF87B88B8091CE066D
:10FDE000882359F0212FAE01435F5F4FBE01635E50
:10FDF0007F4FCE0149960E9491630FB6F8945EBE84
:10FE00000FBE4DBEA0960FB6F894DEBF0FBECDBF9D
:10FE1000DF91CF911F910F91FF90EF90DF90CF90E6
:10FE2000BF90AF909F908F907F906F905F904F901A
:10FE30000895C12CD12CE12C80E4F82E39CFC0904C
:10FE40004916D0904A16E0904B16F0904C166FCFA2
:10FE5000C0904D16D0904E16E0904F16F090501670
:10FE600089CFFC01A081B1811C92A281B3818C91C8
:10FE70008F5F8C930280F381E02D90818CE0989FBE
:10FE8000800D1124EAE3F3E113AE84AF089580916D
:10FE900098058093080A089560915002709151026C
:10FEA000072E000C880B990B0F9457492AE037ED69
:10FEB00043E25CE30F94B6496093430270934402BB
:10FEC00080934502909346020895CF93DF93EC010F
:10FED000CB01BA010F9457490F945D4F6883DF91AE
:10FEE000CF910895CF93DF93EC01CB01BA010F942A
:10FEF00057490F945D4F6883DF91CF9108958091AA
:10FF0000FA129091FB12891B8F7071F490919714E3
:10FF100092FB882780F992FD08C081E090913E16FF
:10FF2000913019F080E0089581E00895CF93DF9338
:10FF3000EC01CB01BA010F94574920E030E048ECC6
:10FF400051E40F94B6490F945D4F688379838A8397
:10FF50009B83DF91CF910895CF93DF93EC01CB0189
:10FF6000BA010F94574920E030E048EC52E40F9476
:10FF7000B6490F945D4F688379838A839B83DF91B1
:10FF8000CF910895CF93DF93EC01CB01BA010F9489
:10FF900057492AE037ED43E25CE30F94B6496883A2
:10FFA00079838A839B83DF91CF910895CF93DF93E9
:10FFB000EC01CB01BA010F9457492AE037ED43E237
:10FFC0005CE30F94B649688379838A839B83DF91CE
:10FFD000CF910895CF93DF93EC01CB01BA010F9439
:10FFE00057492DEC3CEC4CEC5DE30F94B64968832B
:10FFF00079838A839B83DF91CF910895CF93DF9399
:020000021000EC
:10000000EC01CB01BA010F94574920E030E048ECF5
:1000100051E40F94B649688379838A839B83DF9187
:10002000CF910895CF93DF93EC01CB01BA010F94E8
:10003000574920E030E048EC52E40F94B649688319
:1000400079838A839B83DF91CF910895CF93DF9348
:10005000EC01CB01BA010F9457492FE632E143E896
:100060005AE30F94B649688379838A839B83DF912F
:10007000CF910895CF93DF93EC01CB01BA010F9498
:100080005749688379838A839B83DF91CF91089551
:10009000CF93DF93EC01CB01BA010F9457490F9432
:1000A000564F79836883DF91CF910895811118C0ED
:1000B0008FEF90915806890F837080935806E091D6
:1000C0005706EF5FE0935706F0E0EE0FFF1FED508D
:1000D000FA4F80915C06808380915A06818308954F
:1000E00081E0E7CFCF92DF92EF92FF921F93CF9301
:1000F000DF931091E105C1EBD5E0E0E090E0F0E0A6
:1001000080E049919F5F4111192F842B30E020E05E
:1001100050E070E060E06A017B01022E04C0F694BA
:10012000E794D794C7940A94D2F7C0FE08C0AF2FC3
:10013000B0E0AC54BA4FFE2EF22AFC92FF5F2F5F64
:100140003F4F2530310539F7E05F9330D1F61093FA
:10015000E10550E040E020E090E0B0E0A0E06C017C
:100160007D01042E04C0F694E794D794C7940A94B2
:10017000D2F7C0FC05C02E504F5F5F4F2A3B79F786
:100180002093E4052AE335E0422F3150203811F165
:10019000225F6C017D01032E04C0F694E794D7948E
:1001A000C7940A94D2F7C0FEEFCF4093E305809145
:1001B000E805823039F48091E505181674F484E07E
:1001C0008093E505DF91CF911F91FF90EF90DF9035
:1001D000CF9008952093E305EACF8CEFF1CF809183
:1001E000B706882319F082E08093B00584E08093FD
:1001F000490280914F09882349F09091B0058FEF13
:10020000890F8093B00581E019160CF080E0089505
:1002100080E095E29093A00580939F058CE491E0A7
:1002200090939E0580939D0580EC9EEF9093A20590
:100230008093A1059091AF0580E2890F863740F049
:1002400080EF890F20E431E03093A2052093A105CF
:100250001092A3058093A4058FEF80939C050895C9
:10026000FC0184910895FC0180810895CF92DF9272
:10027000EF92FF920F931F930E94C2ED00919B0695
:1002800010919C0620919D0630919E066B017C0189
:10029000C01AD10AE20AF30A9701860137FD11C09C
:1002A00020919A06209520939A066A547C4F8F4F8E
:1002B0009F4F60939B0670939C0680939D0690933E
:1002C0009E0681E090919A06911101C080E01F91F5
:1002D0000F91FF90EF90DF90CF900895CF92DF9233
:1002E000EF92FF92CF93C82F0E94C2ED6B017C0169
:1002F00024EA30E74DE75FE3609196067091970638
:1003000080919806909199060F94504987FD18C0E6
:100310008AEF90E0A0E0B0E08C0D9D1DAE1DBF1DEA
:100320008093B3069093B406A093B506B093B60637
:10033000C0931202CF91FF90EF90DF90CF9008957D
:1003400080E090E0DC01E8CF40E060E08BED9EEAE9
:100350000E9419CB81E080932C1210929705109285
:100360009605089540E060E080EE9EEA0E9419CB79
:1003700081E080932C1210929705109296050895B3
:1003800021E020932C126093960670939706809339
:1003900098069093990640E060E080913009909132
:1003A00031090C9419CB6DEC7CEC8CEC9CE30C9437
:1003B000C0816DEC7CEC8CEC9DE30C94C08160E022
:1003C00070E080E89FE30C94C08160E070E080E220
:1003D00091E40C94C0819B011092EE051092ED0502
:1003E00080934F0940E060E0C9010E9419CB81E091
:1003F00080932C12089562E870EB82E00E94EB81FA
:1004000088E38093AF0583E08093AE0580E480931A
:10041000AD05E5EAF5E011821082138212821582A1
:100420001482178216820E94088182E190E09093E4
:10043000301280932F1208950F9457490F94564FFE
:10044000CB010D94442DCF92DF92EF92FF926B017E
:100450007C0120E030E0A9010F94504920E030E019
:1004600040E05FE387FF04C020E030E040E05FEB66
:10047000C701B6010F94EA4D0F94564FCB01FF9080
:10048000EF90DF90CF900D94442D0F9457490C942A
:1004900023820F9380917213853200F5809174133B
:1004A0008B31E0F010925E1309E028E34BE164E247
:1004B0008EE393E10E9474F181E080935E130E94C9
:1004C0003681882359F085E28093751383E2809307
:1004D000761389E49DE10F910C948E340F91089569
:1004E0000F9457490F945D4F862F0D94792D0C94DE
:1004F000CEED0F9457490F945D4F862F0D949B2D91
:10050000EF92FF920F931F93809167090AE519E01C
:10051000882311F007E619E08CECE82E86E2F82E2D
:100520002EEC36E247E25FE86BED76E282EE96E291
:100530000E94C9F11F910F91FF90EF900895EF92E3
:10054000FF920F931F938CE5E82E84E2F82E10E0C3
:1005500000E02EE534E247E15CE869E674E28EE60D
:1005600094E20E94C9F11F910F91FF90EF900895BE
:100570009091D20981E089270C942E3D609131122F
:1005800070913212809133129091341241E00C94A8
:100590000D3F64E770EB80E00C9449EA6FE670EB86
:1005A00081E00C9449EA6AE670EB82E00C9449EA37
:1005B00065EE7EEA83E00C9449EACF93DF9300D0A6
:1005C0001F92CDB7DEB769837A838B839C83CE017C
:1005D00001960E941EE70F900F900F900F90DF91F1
:1005E000CF9108950F9457492FE632E143E85AE33B
:1005F0000F94B6490C94DD82809137091092370927
:10060000882331F040E060E089E790EB0E9419CB4D
:100610000C94E3F40F931F93CF93DF93CDB7DEB722
:100620006E970FB6F894DEBF0FBECDBF809110025B
:100630008F9380910F028F931F921F9288E39FE107
:100640009F938F938E010F5F1F4F1F930F930F94F4
:10065000E74881E08093C306C8010E945E5A109269
:10066000C3060FB6F894DEBF0FBECDBF6E960FB6B1
:10067000F894DEBF0FBECDBFDF91CF911F910F91D8
:1006800008950D94A118CF93DF9300D01F92CDB79A
:10069000DEB70F9457492DEC3CEC4CEC5DE30F9426
:1006A000B64969837A838B839C83CE0101960F942C
:1006B00017290F900F900F900F90DF91CF91089511
:1006C000CF93DF9300D01F92CDB7DEB70F94574979
:1006D0002AE037ED43E25CE30F94B64969837A83FD
:1006E0008B839C83CE0101960F94C8290F900F90A5
:1006F0000F900F90DF91CF9108950D945318CF93E1
:10070000DF9300D01F92CDB7DEB70F94574920E09A
:1007100030E048EC51E40F94B64969837A838B83C7
:100720009C83CE0101960F94672A0F900F900F9033
:100730000F90DF91CF910895CF93DF9300D01F9258
:10074000CDB7DEB70F94574920E030E048EC52E4D3
:100750000F94B64969837A838B839C83CE0101967B
:100760000F94672A0F900F900F900F90DF91CF9109
:100770000895CF93DF9300D01F92CDB7DEB70F94CB
:100780005D4F0F94554969837A838B839C83CE0197
:1007900001960F94672A0F900F900F900F90DF91A2
:1007A000CF9108950F94574920E030E048EC51E490
:1007B0000F94B6490C94B9830F94574920E030E068
:1007C00048EC52E40F94B6490C94B983CF93DF936D
:1007D00000D01F92CDB7DEB70F9457492AE037ED0E
:1007E00043E25CE30F94B64969837A838B839C83ED
:1007F000CE0101960F94002C0F900F900F900F9048
:10080000DF91CF910895CF93DF93809149028823A0
:1008100049F0609194067091950620E041E081E0F6
:100820000E9423E68091C306811118C081E0809365
:10083000C306C0913813D091391340E060E083E0E3
:1008400094E80E9419CB0F94C5181092C30640E09B
:1008500060E0CE01DF91CF910C9419CBDF91CF9165
:1008600008951F93CF93DF9368E170E080E090E0FC
:100870000E9463EF6093F0056AE070E080E090E032
:100880000E9463EF6093EF05109157062091F005E9
:10089000A22F022E000CBB0BE3EFF5E030E0C62FD9
:1008A000062E000CDD0B1317B9F18081928189139C
:1008B0001BC0482F082E000C550B41505109A4179E
:1008C000B50711F082130DC083819181482F9817CD
:1008D0000CF4492F64172CF089170CF4892F861714
:1008E0001CF63F5F3296DFCF7181472F072E000C39
:1008F000550B41505109C417D50711F06713F1CFBB
:10090000482F98170CF4492F24175CF389170CF41F
:10091000892F821734F3A8CFDF91CF911F910895CB
:10092000CF9364E373EB81E00E94EB8180E091E080
:1009300090935C0680935B0680E095E090935A0666
:10094000809359061092580610925706E3EFF5E08F
:100950001082C5E0C18381E00E945680C093F205F9
:100960001092301210922F121092F105CF910C9428
:100970003184AF92BF92CF92DF92EF92FF920F93AA
:100980001F93CF93DF936B01E9014A3009F4B8C09C
:10099000453109F06AC0DB011296ED91FC91F280BD
:1009A000C681D7815D9A88E28A950000E9F7BF2C5D
:1009B000B29420EFB22230E1A32EAF0C48E2E42E35
:1009C00088EF0E94CE328E2D8A950000E9F7BFE1B4
:1009D000BF1508F481C08F2D807780680E94CE32C9
:1009E0008B2D0E94CE328E2D8A950000E9F780E88B
:1009F0000E94CE3280E00E94CE328E2D8A95000079
:100A0000E9F78AEF0E94CE328E2D8A950000E9F731
:100A10008E01005F1F4F8881807F0E94CE328991B6
:100A20008295807F0E94CE32C017D107A1F78E2D0C
:100A30008A950000E9F7F394E0E1BE0EFA10C0CF0A
:100A40005D98D6011296CD91DC91CE010E947DEF8A
:100A50008111CEC1DF91CF911F910F91FF90EF9047
:100A6000DF90CF90BF90AF900895FB01028113817A
:100A7000423309F478C108F47CC1463409F469C1F1
:100A8000473409F46CC14B3329F589812B81D80196
:100A900012966C91129713964C91213009F4BFC1B4
:100AA000233009F089C138EF380F582F91E04317F0
:100AB00008F490E041E0531708F040E031E05617A9
:100AC00008F430E0592F542B352309F09DC19423AD
:100AD00009F09AC181E0BECF80EE8F0D8068807FE3
:100AE0000E94CE328F2D8295807F0E94CE328E2D35
:100AF0008A950000E9F780E80E94CE3280E87BCF3B
:100B0000559A5D98539A5B98529A5A9A5D9A88E2E0
:100B10008A950000E9F788E790E0CEE9DFE0FE0182
:100B20003197F1F70197D9F788EF0E94CE3218E29A
:100B3000812F8A950000E9F780E20E94CE3280E0A2
:100B40000E94CE32812F8A950000E9F780E00E9452
:100B5000CE3280E80E94CE32812F8A950000E9F7DC
:100B600080E00E94CE3280E10E94CE32812F8A95B1
:100B70000000E9F7CE010197F1F7CE010197F1F7F7
:100B8000CE010197F1F7CE010197F1F7CE01019760
:100B9000F1F7CE010197F1F7CE010197F1F7CE0100
:100BA0000197F1F7CE010197F1F7CE010197F1F727
:100BB000CE010197F1F7CE010197F1F7CE01019730
:100BC000F1F7CE010197F1F72197F1F780E20E944A
:100BD000CE3280E40E94CE32812F8A950000E9F760
:100BE00080E20E94CE3280E60E94CE321A9500004A
:100BF000E9F710E0D0E0C8E28D2F807780680E948E
:100C0000CE32812F0E94CE328C2F8A950000E9F7D8
:100C100080E80E94CE3280E00E94CE328C2F8A95EE
:100C20000000E9F78AEF0E94CE328C2F8A950000EF
:100C3000E9F780E25A985B9800000000000000008D
:100C40005A9A5A985B9800000000000000005A9AD7
:100C50005A985B9800000000000000005A9A5A98C9
:100C60005B9800000000000000005A9A5A985B98B8
:100C700000000000000000005A9A5A985B9800009B
:100C80000000000000005A9A5A985B98000000008B
:100C9000000000005A9A5A985B980000000000007B
:100CA00000005A9A5A985B9800000000000000006B
:100CB0005A9A5A985B9800000000000000005A9A67
:100CC0005A985B9800000000000000005A9A5A9859
:100CD0005B9800000000000000005A9A5A985B9848
:100CE00000000000000000005A9A5A985B9800002B
:100CF0000000000000005A9A5A985B98000000001B
:100D0000000000005A9A5A985B980000000000000A
:100D100000005A9A9C2F9A950000E9F7815009F03B
:100D200089CF88EF0E94CE328C2F8A950000E9F798
:100D3000DF5F105FD03209F05FCF80E00E94CE32DB
:100D400080EC0E94CE32CA950000E9F75D9881E000
:100D500081CED80115968C91888381E07BCEF801F5
:100D600081818883FACFB901C8010E949AEF81E09E
:100D700071CE443171F0473109F0ACCE1882F801E0
:100D800082818983858181508A8383818B8381E0FD
:100D900061CED80115964C91159750E0440F551F20
:100DA00070E060E016968D919C910F941A51C801E5
:100DB0000E9493EF81E04ECE481708F48BCE861741
:100DC00008F488CEFA80E12CD12C243070F41DC0B8
:100DD000BE01C8010E949AEF898198819D0D988378
:100DE0008E0D8983FF0C09F475CEF7FEF6CFF0CF98
:100DF0004D8150E0440F551F70E060E08E819F816F
:100E00000F941A5181E026CEFA8030E0F901E155C5
:100E1000FD4FD08025553D4FF901E080E6CF58E0E9
:100E2000580F382F43CE8F929F92AF92BF92CF929E
:100E3000DF92EF92FF920F931F93CF93DF93CDB783
:100E4000DEB72C970FB6F894DEBF0FBECDBF8B0177
:100E500040E050E068EC72E44D835E836F837887F6
:100E600040E050E060EA70E449875A876B877C87EE
:100E7000813009F1823009F443C0809037029090AC
:100E80003802A0903902B0903A02F801C084D184AF
:100E9000E284F3849601A701B401C5010F9450497F
:100EA00087FD02C064017501C601D70189839A8359
:100EB000AB83BC8348C0BE01675F7F4FC801089603
:100EC0000F940F21B8016C5F7F4FAE014B5F5F4FF6
:100ED000C8010F94ED200F94D52F2C960FB6F894DF
:100EE000DEBF0FBECDBFDF91CF911F910F91FF905D
:100EF000EF90DF90CF90BF90AF909F908F9008952C
:100F0000F8012085318542855385609137027091C3
:100F100038028091390290913A020F94EA4D6B01A8
:100F20007C0120E030E04FE153E40F94504987FD0D
:100F300006C0C12CD12C8FE1E82E83E4F82EC982A3
:100F4000DA82EB82FC82BE01675F7F4FCE010196A1
:100F5000B7CF0F931F930E94C2ED00912013109101
:100F6000211320912213309123130115110521051E
:100F7000310509F040C0209126132223C9F1E091E8
:100F8000241321502093261321E02E0F20932413A5
:100F900030912713231302C01092241324E0E29F00
:100FA000F0011124E85DFC4E008111812281338122
:100FB00000931C1310931D1320931E1330931F13C3
:100FC000600F711F811D911D609320137093211379
:100FD000809322139093231380911E1390911F13DB
:100FE000892B31F0809102018095847080930001FB
:100FF0001F910F910895601B710B820B930B97FD4E
:10100000F7CF809102018470809300011092201329
:10101000109221131092221310922313E9CF0F93F1
:101020001F93CF93DF938C01EB01909126132091B6
:101030002713921305C00E94A9870F943A0AF5CF8F
:101040008091251334E0839FF0011124E85DFC4E6C
:1010500011830083D383C2839F5F909326138F5F96
:10106000281739F080932513DF91CF911F910F91AD
:10107000089510922513F8CF63E972E084E690E0BA
:101080000E940F886AEB72E084E690E00C940F886F
:101090000F931F93CF93DF938C016F3F19F410923E
:1010A0001E1260E020911E12862F062E000C990B56
:1010B0002817190609F01CF560931E12C8010F9439
:1010C0009D48800F911FEC01C01BD10BC334D1058B
:1010D0003CF00197FC012491207C2038D1F3F3CF20
:1010E000DD27AE01B8018BED91E10F94BE48C552EA
:1010F000DE4E18821092DA1183E080934902DF916C
:10110000CF911F910F9108958091971482FD07C090
:1011100080913E16823071F48DEE98E20FC080917E
:101120006709811104C08AE599E00C9405CC87E633
:1011300099E0FBCF813029F08DEC98E26FEF0C94B1
:10114000488881EE98E2FACF0F931F930E94C2ED78
:101150000091C8061091C9062091CA063091CB06AD
:10116000601B710B820B930B97FD10C080910301E4
:101170008695817091E089279091030192FF8260AA
:101180009091000196FF84608093C7068091C70606
:1011900081709091C70691FD82609091C606981764
:1011A00049F0813009F148F0823079F0833091F0D4
:1011B0008093C6061F910F910895913079F0923077
:1011C000B9F79091C5069F5F0CC0992339F0933011
:1011D000C1F3EECF9130A9F3923051F79091C5064B
:1011E00091509093C506E4CF992359F3933001F7BA
:1011F000F5CFCF93DF9381E080939A05E9E3F2E1A5
:1012000082EB98E29183808313821282E4E0F1E022
:1012100080818D7F8083C5E0D1E088818095827058
:1012200043E051E0DA018C9380818B7F8083888159
:10123000809584708C9321E031E0D9018C918F7B73
:101240008C9380910201809580748093000180814D
:101250008E7F8083888180958170FA01808382E00F
:101260008093C2060E94A4881092C506DF91CF9198
:10127000089520912302309124022F5031098217C2
:1012800093070CF49C0130934C1220934B120C9456
:10129000CEEDEF92FF920F931F93CF93DF9300D089
:1012A00000D000D01F921F92CDB7DEB77C012091F5
:1012B0009206422F022E000C550B8091930682302D
:1012C000A1F1833059F186E592E25F932F939F93CA
:1012D0008F938E010F5F1F4F1F930F930F94E7485B
:1012E000C7010E94398981E08093C306C8010E942A
:1012F0005E5A1092C3060F900F900F900F900F90B0
:101300000F902B960FB6F894DEBF0FBECDBFDF91C6
:10131000CF911F910F91FF90EF90089582E692E296
:1013200027FDD3CF8DE492E2D0CF8BE692E2CDCFF2
:10133000E091920687E1E802F0011124ED5BFD4E99
:10134000808591850C944989282F109236098091C7
:101350002F12909130128130904820F0109230126C
:1013600010922F128091B706882331F080912F12AE
:1013700080932F0910922A1280912D121816BCF416
:10138000082E000C990B821B910920912F09022E27
:10139000000C330B2817390754F097FF02C090E078
:1013A00080E080932F099093301280932F128091C8
:1013B0002F096623A9F090912E12891714F48093B7
:1013C0002E1220912E12022E000C330B2C5F3F4F59
:1013D000482F082E000C550B241735071CF4845099
:1013E00080932E120895FF920F931F93CF93DF9354
:1013F00061E081E00E94A489C0912E1215E01C0FCB
:1014000081E0D2E0DC1B082F0C1BFC2EF194C111F3
:1014100026C0882389F080912F0918166CF020913E
:101420002F12309130122F5F3F4F309330122093A4
:101430002F128F5F80932F0980914902882339F002
:1014400020E041E06EED72E28F2D0E9423E680E005
:10145000CF5F1C13DCCF83E080932D1221C0C130FD
:1014600029F590912F09913079F0809149028823D4
:1014700071F381E0913009F080E020E24FEB52E21D
:10148000602F0E9461E6E3CF8091370910923709FF
:10149000882359F3C093940580912A12882329F355
:1014A000DF91CF911F910F91FF900895C23079F68F
:1014B00090912F09923069F080914902882339F286
:1014C00081E0923009F080E020E24AEC52E26D2F98
:1014D000D8CF8091370910923709882369F3C093D8
:1014E000940580912A12882339F3DACF4F925F92C4
:1014F0006F927F928F929F92AF92BF92CF92DF9224
:10150000EF92FF920F931F93CF93DF934C016B01E8
:101510005A0160E085E00E94A48970902E1203E0D9
:10152000C114D10409F402E0D72D8EE0E82EF12C8D
:1015300092E0492E2EE3522E35E0632E1D2F17190F
:10154000D111CCC080914902882389F08091110289
:1015500061E073E2823031F061EF72E2833011F0CA
:101560006FED72E221E041E0812F0E9423E6C02F5F
:10157000A114B10401F10D130AC08091490288231E
:1015800031F020E041E0B501812F0E9423E6C02F19
:10159000CF5F81E090E0C114D10411F490E080E0CD
:1015A00021E030E0A114B10411F430E020E0820F1A
:1015B000931F029771F0CD130BC0809149028823CD
:1015C00039F020E041E06AE173E2812F0E9423E6D6
:1015D000CF5FCD1366C080914902882309F45FC0B4
:1015E00021E040E06FE073E2812F0E9423E610913A
:1015F000950593EF9E0D909393058EEF8E0D80933E
:10160000A909209172132E151F0411F00CF047C088
:1016100020917413921708F042C050927513809372
:10162000761365E470E080E090E00E94CC3361E3E3
:10163000610F062E000C770B880B990B0E94CC33A0
:1016400060E270E080E090E00E94CC33609147124D
:10165000709148128091491290914A120F94564FFE
:10166000CB010F94442D0E94E9346FE270E080E0DA
:1016700090E00E94CC330E943681811108C0619EA7
:10168000F0011124EC5DFD4E8481811108C0809130
:101690004B1290914C120F94442D0E94E9344092C9
:1016A00049028CE0E80EF11CDF5F8AE4E816F104E1
:1016B00009F044CFCF5FC0932D12DF91CF911F91DE
:1016C0000F91FF90EF90DF90CF90BF90AF909F90E1
:1016D0008F907F906F905F904F900895D13049F434
:1016E00080914902882309F442CF20E041E0B4010F
:1016F0003BCFC114D10409F43ACFD23009F037CF2F
:1017000080914902882331F020E041E0B601812F29
:101710000E9423E6C3E0A114B10409F039CF39CF08
:1017200050E040E070E060E08CE193E20C94768A57
:1017300047E253E260E373E280E493E20C94768A3A
:1017400050E040E069E473E289E593E20C94768A24
:1017500050E040E060EE73E280EF93E20C94768A12
:101760004CE953E268EA73E289EB93E20C94768ADF
:1017700050E040E069EC73E287ED93E20C94768AE6
:1017800050E040E06BE074E28AE194E20C94768AE7
:1017900050E040E06DEF73E28AE094E20C94768AC8
:1017A00050E040E060E873E28FE893E20C94768AC0
:1017B00050E040E062E673E281E793E20C94768ABF
:1017C000E0912B12E63000F581E08E0F80932B1212
:1017D00080912F1290913012B0E0A0E030912E1243
:1017E00020912D1248E0E49FF0011124E35AF94FB3
:1017F00040913813509139135183408382839383EE
:10180000A483B583368327830895CF93DF93EC01B8
:101810000E94E08B40E060E0CE01DF91CF910C941C
:1018200019CB40E060E08DE59FEB0C9419CB109252
:101830009B051092250280919714806280939714E3
:101840008AEF98E20E940FCA0F94022960E081E0BB
:1018500099E20E9448880C94118C4F925F926F928B
:101860007F928F929F92AF92BF92CF92DF92EF9230
:10187000FF920F931F93CF93DF9300D01F92CDB7AA
:10188000DEB70E94C2ED4B015C01809112028F3FD6
:1018900009F441C00E94C2ED0091B3061091B40654
:1018A0002091B5063091B606601B710B820B930B2D
:1018B00097FD31C08091FA129091FB128F5F8F706B
:1018C000891749F1E091120224E0E202F0011124AB
:1018D000E454FD4F20E030E040E752E46081718144
:1018E000828193810F94E44E69837A838B839C83F6
:1018F000C12CD12C76018E010F5F1F4F2BE332E0FC
:1019000047E352E063E372E08FE292E00E9415E069
:101910008FEF809312020E94A4888091C70682FFF5
:1019200037C08091C406811135C091E09093C40600
:1019300020919B05211103C08091C30689278093C4
:10194000370910929B0583E0809349021092C706E5
:101950000E94C2ED6C507E4F8F4F9F4F6093C80620
:101960007093C9068093CA069093CB0668E873E12A
:1019700082E090E00E940F8816E0115059F00E941A
:10198000A98762E070E080E090E00E948FEDF5CFE3
:101990001092C40690910301892F80958170109157
:1019A000C2061817C1F18093C20690FD8AC064EF89
:1019B00071E080E090E00E9467400E94FAF560E0EC
:1019C0008FEB98E2123009F089C010927E130E94CA
:1019D0003BF581E080939A0582EB98E290933A126E
:1019E0008093391210923C1210923B1283E0809344
:1019F00049020E94C2ED4B015C01DC01CB018C5914
:101A00009F4FAF4FBF4F8093BE069093BF06A093EA
:101A1000C006B093C1068091BE069091BF06A0910A
:101A2000C006B091C106A5019401281B390B4A0BD1
:101A30005B0BDA01C901B7FF05C080912912882329
:101A400009F4D3C1D501C4018C599F4FAF4FBF4F8B
:101A50008093BE069093BF06A093C006B093C106C4
:101A60006091C506062E000C770B77FF03C07195B9
:101A700061957109062E000C770B880B990B0F945A
:101A800057492B013C0120E030E040E050E40F9446
:101A90004A5087FF26C080913709811197C08091F5
:101AA0003813909139133FEB8D35930709F000C13E
:101AB00080912602882309F49BC0815080932602DE
:101AC000A6C00E9445F580919714877F8093971454
:101AD000123009F47ECF60E082EB98E20E944888E1
:101AE00078CF8091360921E030E040E050E0882353
:101AF00009F453C0C0903209D0903309E090340902
:101B0000F0903509C114D104E104F104D1F120E0D1
:101B100030E040E05FE3C301B2010F94B6492B010E
:101B20003C01C501B4016C197D098E099F090F9410
:101B300055499B01AC01C301B2010F94E44E20E072
:101B400030E04AE754E40F94B6496B017C0120E091
:101B500030E040EA52E40F944A5024E630E040E09E
:101B600050E087FF12C020E030E040EF51E4C701B1
:101B7000B6010F944A502AE030E040E050E087FF81
:101B800004C021E030E040E050E0809232099092C1
:101B90003309A0923409B0923509A091C5060A2EE6
:101BA000000CBB0B0F948F4D22E030E040E050E082
:101BB0000F94654D80912F1290913012280F391F8C
:101BC0003093301220932F121092C506D501C40114
:101BD0008856954CAF4FBF4F8093BA069093BB0683
:101BE000A093BC06B093BD0681E08093490257CF15
:101BF0008CE0809326028091B8069091B9060197F7
:101C00009093B9068093B80681E080934902809151
:101C10006F00282F227081FF05C080916F008D7F9B
:101C200080936F008091040A9091050AA091060AA2
:101C3000B091070A222329F020916F00226020939F
:101C40006F003AE0B695A795979587953A95D1F7A5
:101C5000009751E0A507B10520F08FEF9FEFA0E0BE
:101C6000B0E0969587952091490221114CC03091A2
:101C700029123111E8C080913813909139138D5594
:101C80009F4B09F4C7C080912C128111C3C0809171
:101C9000BA069091BB06A091BC06B091BD06881A09
:101CA000990AAA0ABB0AB7FCC3C00E94118CC0C023
:101CB00084549F4809F0ABCF809126028111FDCE5C
:101CC00084E080932602809158098F5F80935809A1
:101CD00090915909981728F4109258098CE0809334
:101CE000260281E080934902D501C4018856954CB3
:101CF000AF4FBF4F8093BA069093BB06A093BC062C
:101D0000B093BD0684CF009741F04091B806509142
:101D1000B9064817590708F0AECF809129128111F2
:101D200011C0223030F02430C8F1243011F4109268
:101D300049028AE393E10E949A3381E08093B706D7
:101D40008093291283E00E94603381E080935E13C8
:101D5000E0913813F091391319951092B7068091DC
:101D6000291281111FC0109237090E94C2EDDC01B7
:101D7000CB0188199909AA09BB090091B8061091ED
:101D8000B90630E020E0081719072A073B0708F0DA
:101D900072CF9093B9068093B8066DCF81E080939F
:101DA0004902C7CF8EE393E10E947DF291E0811159
:101DB00001C090E0909329128823A9F20E94C2EDFD
:101DC000DC01CB0188199909AA09BB098090B806E2
:101DD0009090B906B12CA12C88169906AA06BB06CC
:101DE00020F49093B9068093B8060F900F900F904F
:101DF0000F90DF91CF911F910F91FF90EF90DF90A7
:101E0000CF90BF90AF909F908F907F906F905F909A
:101E10004F90089538E9830E3AE3931EA11CB11C3C
:101E20008092BA069092BB06A092BC06B092BD0604
:101E3000809129128111D9CF809149028130A9F670
:101E400010924902D2CF009709F47CCF5ECF8AE589
:101E500099E00E945EF50E94118C0C948488E091B8
:101E60002B12EE2379F0E150E0932B1288E0E89FEB
:101E7000F0011124E35AF94F4781668180819181F5
:101E80000C9419CB0C94118C5F926F927F928F926D
:101E90009F92AF92BF92CF92DF92EF92FF920F93F9
:101EA0001F93CF93DF93CDB7DEB76B970FB6F89440
:101EB000DEBF0FBECDBF01E000933C071092CD0600
:101EC0001092CC0685E792E10F9492018BE1E5E751
:101ED000F2E1DE01119601900D928A95E1F750E052
:101EE00040E0BE016F5F7F4F90E080E00E940BF703
:101EF000CE0101960F94EA02A090CC06B090CD06D8
:101F000061E081E00E94A48910912E12612E85E08B
:101F1000782E710E512E5194450181E0881A910856
:101F2000F02EF11A111114C080912F09882309F4A1
:101F30005EC080914902882359F081E090912F0979
:101F4000911180E024E042E057E2652D0E9461E6B5
:101F50006AE579E085E792E10F94F00280915A09F1
:101F60008F3209F479C08091971483FF75C01130C6
:101F700009F070C090912F09913009F05CC08091F8
:101F8000370910923709882309F455C080918D14C0
:101F90008823C1F0815080938D14E0E9F2E1882319
:101FA00051F08150990B2BE1289FF001299FF00DF2
:101FB0001124E158FC4E8BE1A5E7B2E101900D92AE
:101FC0008A95E1F781E090E020918D14211102C003
:101FD00090E080E09093301280932F1210922E1296
:101FE00081E080932A1283E0809349020EC08091A1
:101FF000370910923709882309F49BCF0E942F8F4D
:1020000080912A12882309F494CF6B960FB6F89426
:10201000DEBF0FBECDBFDF91CF911F910F91FF901B
:10202000EF90DF90CF90BF90AF909F908F907F9078
:102030006F905F90089580914902882309F4AEC0A3
:1020400081E0913009F080E020E24EEF56E26F2D02
:102050000E9461E682E001C081E0909149029923EB
:1020600009F49DC0082FD12CC12CE12EE618802F39
:10207000CA14DB0409F493C001136FC070E060E080
:10208000C4018C199D090E94ACF88091971490911D
:102090002F0984FF67C0901355C0809137091092B3
:1020A0003709882309F44EC019821C828091781266
:1020B00060E972E1882311F065E772E121E04AE509
:1020C00059E0CE0101960F940B06882379F18BE13C
:1020D000FE013196A5E7B2E101900D928A95E1F7F4
:1020E000A0918D14AA3080F481E08A0F80938D1422
:1020F0008BE18A9FD0011124A158BC4EE5E7F2E1A3
:1021000001900D928A95E1F7CE0101960F94EA02B3
:1021100010922E1282E090E09093301280932F1252
:1021200081E080932A12109229125DCF0E9480468E
:102130006AE579E088EE96E20E941F458AE00E94F7
:102140003D44E2CF80914902882339F081E0911328
:1021500080E041E06E2D0E949BE68FEFC81AD80AFE
:102160000F5F85CF901759F0809149028823A9F31A
:1021700081E090912F09911380E040E0EBCF8091B6
:10218000370910923709882379F380E892E80E9492
:10219000058C80912A12882339F337CF82E01F5FA4
:1021A0007112C0CE80932D1230CF4F925F926F92FA
:1021B0007F929F92AF92BF92CF92DF92EF92FF9267
:1021C0000F931F93CF93DF9361E081E00E94A48976
:1021D000C0912E12DC2F85E0982E9C0E88E0F82E00
:1021E000FC1A87E0E82EEC1A86E0D82EDC1A85E08F
:1021F000C82ECC1A412C512C32014A9484E0B82EBE
:10220000BC1A82E0A82EAC1AC11132C080912F09ED
:10221000882391F080914902882309F448C06D2FEA
:10222000619581E090912F09911180E024E04AEBC3
:1022300057E20E9461E63BC080913709109237094E
:10224000882341F30E942F8F80912A12882311F353
:10225000DF91CF911F910F91FF90EF90DF90CF9082
:10226000BF90AF909F907F906F905F904F90089538
:10227000C130D9F580912F09813001F18091490257
:102280008823A9F011E080912F09813009F010E036
:1022900080915502909156020F94442D61E06D1B80
:1022A00000E09C014EEA57E2812F0E946535CF5F26
:1022B0009C12AACF89E080932D12CACF8091370952
:1022C000109237098823D1F210E000E027EE33E0C6
:1022D0004AE050E065E572E084EB97E20E94B3E7E4
:1022E00080912A12882351F2B3CFC23009F04CC139
:1022F00080912F098230B1F0809149028823B9F290
:1023000011E080912F09823009F010E080914B128A
:1023100090914C120F94442D00E09C0140EA57E24A
:102320006A2DC2CF8091370910923709882321F393
:102330000E943DEA07E712E822E231E050E040E087
:102340006BE472E187EA97E20E94B3E780912A1278
:10235000882391F27DCF80912F098330C1F0809145
:102360004902882309F4A3CF11E080912F0983301B
:1023700009F010E08091A3169091A4160F94442DBB
:1023800063E06D1B00E09C0148E957E28DCF80912E
:10239000370910923709882311F30E943DEA03E5BB
:1023A0001DEF2CE830E050E040E063EA76E18CE994
:1023B00097E20E94B3E780912A12882381F248CFE6
:1023C00080912F098430A9F080914902882309F473
:1023D0006ECF11E080912F09843009F010E08091D8
:1023E00098050F94792D00E09C0144E857E26B2D8D
:1023F0005BCF8091370910923709882329F30E9417
:102400003DEA0091980510E00E94E08B83E0809304
:1024100049028EE897E2909346098093450988E93E
:1024200095E0909344098093430910923F091092DC
:102430004009109241091092420940923B09509282
:102440003C0960923D0970923E091093301200934E
:102450002F1281E49CEA909339138093381387E418
:102460009FE790933A098093390910923809809137
:102470002A12882309F4A8CFEBCE80912F0985304A
:10248000B9F080914902882309F411CF11E08091BD
:102490002F09853009F010E080915002909151028F
:1024A0000F94442D00E09C014AE757E26C2DFCCECE
:1024B0008091370910923709882319F30CE41FE73C
:1024C00027EE33E04AE050E060E572E08FE797E204
:1024D0000E94B3E780912A12882399F2B9CE8091A5
:1024E0002F09863081F080914902882309F4DFCEDC
:1024F00081E090912F09963009F080E023E04FE6CB
:1025000057E26D2D96CE80913709109237098823B6
:1025100051F382EB91E80E94058C80912A12882366
:1025200011F396CE80912F09873081F08091490276
:10253000882309F4BCCE81E090912F09973009F0EF
:1025400080E023E044E657E26E2D73CE8091370998
:1025500010923709882351F384EA91E80E94058C90
:1025600080912A12882311F373CE8091370910923B
:1025700037098823F9F08DE89CEA0E94058C809148
:102580002A128823B9F064CEC33009F4E4CEC430F3
:1025900009F416CFC53009F470CFC63009F49FCFC7
:1025A000C73009F4BFCFC83009F081CE80912F0920
:1025B0008830D9F280914902882309F478CE81E0ED
:1025C00090912F09983009F080E023E045E557E22B
:1025D0006F2D2FCE2F923F924F925F926F927F92EC
:1025E0008F929F92AF92BF92CF92DF92EF92FF9223
:1025F0000F931F93CF93DF9300D000D0CDB7DEB7FA
:1026000061E081E00E94A48920912E122E832A830A
:10261000822F8B5F898388E9E82E85E0F82E9AE186
:10262000C92E97E2D92E412C512C32014A9447E40D
:10263000A42E4CEAB42E57E4852E5FE7952E83E056
:10264000382E321A82E0821B8B8381E0821B8C83BE
:10265000222E21942E81211153C080912F0988238D
:1026600051F180914902882359F081E090912F091E
:10267000911180E024E04AE357E2622D0E9461E676
:102680008091A3169091A416892B39F480914B1256
:1026900090914C12892B09F40DC19E81943009F45C
:1026A000E0C085E09E819F5F9E8329819213D2CFF7
:1026B00080932D120CC0809137091092370988231E
:1026C00081F20E942F8F80912A12882351F2269640
:1026D0000FB6F894DEBF0FBECDBFDF91CF911F9133
:1026E0000F91FF90EF90DF90CF90BF90AF909F90B1
:1026F0008F907F906F905F904F903F902F900895B4
:102700008E818130C1F580912F098130D9F080917F
:102710004902882309F4B4CF91E09D8380912F0969
:10272000813009F01D8280914B1290914C120F94D0
:10273000442D00E09C014CE257E26C818D810E94A7
:1027400065359ECF80913709109237098823F9F2B9
:102750000E943DEA07E712E822E231E050E040E063
:102760006BE472E183E397E20E94B3E780912A125F
:10277000882369F2ACCF2E81223009F09DC0809170
:102780002F098230C1F080914902882309F478CF63
:1027900081E08D8380912F09823009F01D82809124
:1027A000A3169091A4160F94442D00E09C0144E2DE
:1027B00057E26B81C3CF8091370910923709882384
:1027C00011F30E943DEA03E51DEF2CE830E050E0F4
:1027D00040E063EA76E188E297E20E94B3E7809105
:1027E0002A12882381F273CF80913709109237091A
:1027F000882309F46AC00E943DEA90919805092F48
:1028000010E00E94E08B2E8120934902D09246096D
:10281000C0924509F0924409E092430910923F09A1
:1028200010924009109241091092420940923B09CE
:1028300050923C0960923D0970923E09109330120B
:1028400000932F12B0923913A092381390923A0944
:10285000809239091092380980912A128823A9F1AF
:1028600036CF80912F098430A1F0809149028823CE
:1028700009F417CF64E02A81621B81E090912F094F
:10288000943009F080E020E247E057E20E9461E6E0
:1028900008CF8091370910923709882331F30E94BD
:1028A00097400F943C070E94118C80912A12882334
:1028B000E1F20DCF84E0F6CE8E81833009F0E0CED8
:1028C00080912F09833009F48FCF809149028823AA
:1028D00009F4D6CE81E08D8380912F09833009F0F1
:1028E0001D82809198050F949B2D00E09C0140E192
:1028F00057E2632D23CF2F923F924F925F926F92B8
:102900007F928F929F92AF92BF92CF92DF92EF927F
:10291000FF920F931F93CF93DF9300D0CDB7DEB715
:1029200061E081E00E94A48920912E122A83B22EB8
:102930002B5F29832DEE822E25E2922E88E0A82E91
:10294000AB1887E0782E7B1886E0682E6B1885E040
:10295000582E5B1884E0482E4B1833E0332E232C7E
:102960002B188A818111A1C080912F09882309F435
:1029700078C080914902882361F06B2D619581E0D8
:1029800090912F09911180E024E047EC56E20E94DB
:1029900061E68091CE098770873009F098C18091F7
:1029A000451690914616892B09F4BBC18A8189305E
:1029B00009F0BAC19091D2099B8380912F09893087
:1029C00089F48091370910923709882359F081E002
:1029D00098279B83309249020E94B88280912A12E4
:1029E00081114DC080914902882309F4BFC12B8118
:1029F000222309F469C123ED35E269E06B1981E016
:102A000090912F09993009F080E001E046ED55E200
:102A10000E9465358AE08B838B818F5F9A81891351
:102A200015C090912F092A81921709F4A2C18091B3
:102A30004902882359F06A816B1981E02A81921337
:102A400080E020E242EA55E20E9461E68A818F5FDF
:102A50008A839981981385CF2B812E5F20932D1225
:102A60000EC08091370910923709882309F481CF6D
:102A70000E942F8F80912A12882309F47ACF0F9019
:102A80000F900F90DF91CF911F910F91FF90EF90DA
:102A9000DF90CF90BF90AF909F908F907F906F907E
:102AA0005F904F903F902F9008959A81913021F53B
:102AB00080912F09813089F080914902882309F49F
:102AC00068CF61E06B1981E090912F09913009F096
:102AD00080E023E04DEB56E25ACF80913709109207
:102AE0003709882349F382EF96E90E94058C80918B
:102AF0002A12882309F3C3CF2A81223009F04CC15E
:102B000090912F09923079F080914902882309F43D
:102B100040CF62E06B1981E0923009F080E020E262
:102B20004FEA56E234CF8091370910923709882353
:102B300059F32CEB36E230934707209346078091F8
:102B40002A12882309F39BCF90912F09933071F0BB
:102B500080914902882309F41CCF81E0933009F069
:102B600080E020E241EA56E2622D11CF80913709E0
:102B700010923709882361F32BEA36E23093470736
:102B80002093460780912A12882311F378CF9091E1
:102B90002F09943071F080914902882309F4F9CE0D
:102BA00081E0943009F080E020E244E956E2642DAF
:102BB000EECE8091370910923709882361F32BE913
:102BC00036E2309347072093460780912A128823E4
:102BD00011F355CF90912F09953071F080914902F2
:102BE000882309F4D6CE81E0953009F080E020E218
:102BF00047E856E2652DCBCE809137091092370910
:102C0000882361F32EE836E2309347072093460786
:102C100080912A12882311F332CF90912F09963098
:102C200071F080914902882309F4B3CE81E0963097
:102C300009F080E020E24AE756E2662DA8CE8091B6
:102C4000370910923709882361F321E836E230937F
:102C500047072093460780912A12882311F30FCF4C
:102C600090912F09973071F080914902882309F4DF
:102C700090CE81E0973009F080E020E245EF55E208
:102C8000672D85CE8091370910923709882361F32B
:102C900024E036E2309347072093460780912A12BA
:102CA000882311F3ECCE80913709109237098823DD
:102CB00009F48AC0909247078092460780912A12B1
:102CC000882309F481C0DBCE2FEC35E296CE99E063
:102CD0009B839B812A8192139FCE80912F09891714
:102CE00031F180914902882309F496CEFA80FB18CD
:102CF00011E080912F099A81891310E060913112BF
:102D00007091321280913312909134120E9423827A
:102D100000E09C0147EB55E26F2D812F0E94653545
:102D20007BCE29E02B83D5CF8AE08B83D2CF8091D5
:102D30003709109237098823A1F20E943DEA8EEBF1
:102D4000C82E82E8D82EE12CF12C08EC12E420E009
:102D500030E0A90161E372E183EC95E20E945BE857
:102D600080912A12882309F4BCCF89CE2AE02B83D4
:102D700053CE8091370910923709882309F457CE32
:102D800023EB35E2309347072093460780912A12C0
:102D9000882309F44CCE73CE8A81833009F4D4CED3
:102DA000843009F4F4CE853009F414CF863009F468
:102DB00034CF873009F454CF883009F0EACD9091B0
:102DC0002F09983009F46FCF80914902882309F4C4
:102DD000E0CD81E0983009F080E020E243EE55E25A
:102DE0006A2DD5CDDF92EF92FF920F931F93CF9371
:102DF000DF9361E081E00E94A489C0912E1285E0FA
:102E0000E82EEC0ED4E0DC1B13E01C1B02E00C1BD4
:102E100081E0F82EFC1ADC2ED194C1112EC08091D5
:102E20002F098823B1F080914902882359F081E06D
:102E300090912F09911180E024E049E955E26D2D30
:102E40000E9461E6CF5FEC12E8CF85E080932D12FF
:102E50000CC08091370910923709882321F30E9412
:102E60002F8F80912A128823F1F2DF91CF911F9149
:102E70000F91FF90EF90DF900895C13011F5809190
:102E80002F09813079F0809149028823D9F281E0BD
:102E900090912F09913009F080E023E042E955E25A
:102EA0006F2DCECF8091370910923709882359F3BF
:102EB00089EC92E80E94058C80912A12882319F3EC
:102EC000D4CFC23009F055C080912F09823081F0F3
:102ED00080914902882309F4B5CF81E090912F09B0
:102EE000923009F080E023E04BE855E2602FA8CF54
:102EF0008091370910923709882351F38EEC92E8BC
:102F00000E94058C80912A12882311F3AECF809104
:102F10002F09833081F080914902882309F492CFF0
:102F200081E090912F09933009F080E023E044E89C
:102F300055E2612F85CF8091370910923709882398
:102F400051F383ED92E80E94058C80912A12882328
:102F500011F38BCF8091370910923709882391F0B4
:102F600088ED92E80E94058C80912A12882351F006
:102F70007CCFC33061F2C43009F064CF80912F0957
:102F8000843041F380914902882309F45BCF81E0CA
:102F900090912F09943009F080E023E04AE755E250
:102FA0006D2F4ECFBF92CF92DF92EF92FF920F9391
:102FB0001F93CF93DF9361E081E00E94A489C091C9
:102FC0002E121C2F85E0C82ECC0E02E00C1B81E0D7
:102FD000F82EFC1ABC2EB19483E0E82EEC1AC11135
:102FE0007AC080912F09882309F45DC0809149023D
:102FF000882359F081E090912F09911180E024E01D
:1030000048E452E26B2D0E9461E60E947F7FD82E39
:1030100081112CC1C33009F019C180912F0983306F
:1030200009F4A4C0809149028111B1C0D4E081E0CB
:103030008D0FD11032C08C1315C080912F098C17C1
:1030400009F4D9C080914902882361F06C2F611B7B
:1030500081E090912F099C1380E020E242E052E24F
:103060000E9461E682E08D0F8C1315C080912F09BC
:103070008C1709F4DAC080914902882361F06C2F23
:10308000611B81E090912F099C1380E020E241EFC9
:1030900051E20E9461E683E08D0FCF5FCC119FCF9C
:1030A00080932D120EC08091370910923709882322
:1030B00009F49CCF0E942F8F80912A12882309F453
:1030C00095CFDF91CF911F910F91FF90EF90DF90FF
:1030D000CF90BF900895C13019F580912F098130AC
:1030E00081F080914902882309F48FCF81E090918B
:1030F0002F09913009F080E023E046E352E26F2D82
:1031000082CF8091370910923709882351F388E8DC
:103110009BE90E94058C80912A12882311F3D1CF5C
:10312000C23009F072CF80912F09823081F08091F6
:103130004902882309F469CF81E090912F099230E8
:1031400009F080E023E047E252E2602F5CCF8091FB
:10315000370910923709882351F38DE89CEA0E94C1
:10316000058C80912A12882311F3ABCF8091370907
:1031700010923709882309F455CF87E29DE90E9410
:10318000058C80912A12882309F44CCF9ACF81E0D4
:1031900090912F09933009F080E023E04FE152E253
:1031A0006E2D0E9461E642CF809137091092370957
:1031B000882309F455C00F94BC24882341F00E9451
:1031C0003C8880912A12882309F44AC07ACF68EBA0
:1031D00071E084E190E00E940F88F3CF6C2F611BB7
:1031E00081E090912F099C1380E020E240E152E2BF
:1031F0000E9461E639C0809137091092370988230F
:1032000009F420CF0F945D3C882341F00E943C8854
:1032100080912A12882309F415CF53CF68EB71E00F
:1032200084E190E00E940F88F3CF809137091092DB
:103230003709882309F41FCF0F9406310E943C8878
:1032400080912A12882309F416CF3BCF85E0D4E081
:10325000C43009F0F0CE80912F098C1709F4A4CF67
:10326000809149028111BACFDC2FE1CE84E0C330D6
:1032700009F013CFF0CFFF920F931F93CF93DF93FB
:1032800061E081E00E94A489C0912E1205E00C0F3C
:10329000D5E0DC1B11E01C1BFC2EF194C1112CC0ED
:1032A00080912F098823B1F080914902882359F039
:1032B00081E090912F09911180E024E047E554E2EC
:1032C0006F2D0E9461E6CF5F0C13E8CF86E08093FC
:1032D0002D120CC08091370910923709882321F3F1
:1032E0000E942F8F80912A128823F1F2DF91CF91D3
:1032F0001F910F91FF900895C13011F580912F0912
:10330000813079F0809149028823E9F281E090913F
:103310002F09913009F080E023E046E454E2612F68
:10332000D0CF8091370910923709882359F38CEF59
:1033300092E80E94058C80912A12882319F3D6CF37
:10334000C53009F680912F09853081F080914902BE
:10335000882309F4B8CF81E090912F09953009F0C6
:1033600080E023E040E454E26D2FABCF8091370939
:1033700010923709882351F385EC99E90E94058C56
:1033800080912A12882311F3B1CFEF92FF920F930D
:103390001F93CF93DF9361E081E00E94A489C091E5
:1033A0002E1285E0F82EFC0ED3E0DC1B12E01C1B75
:1033B00001E00C1BEC2EE194C1112DC080912F096E
:1033C0008823B1F080914902882359F081E09091DF
:1033D0002F09911180E024E04BE354E26E2D0E940E
:1033E00061E6CF5FFC12E8CF84E080932D120CC021
:1033F0008091370910923709882321F30E942F8F7B
:1034000080912A128823F1F2DF91CF911F910F91C1
:10341000FF90EF900895C13011F580912F09813010
:1034200079F0809149028823E1F281E090912F099F
:10343000913009F080E023E042E354E2602FCFCFE7
:103440008091370910923709882359F38BEF91E85F
:103450000E94058C80912A12882319F3D5CFC2309F
:1034600091F580912F09823081F080914902882363
:1034700009F4B7CF81E090912F09923009F080E0F4
:1034800023E049E254E2612FAACF809137091092DC
:103490003709882351F38EE199EB0E94058C8091C6
:1034A0002A12882311F3B0CF80913709109237097F
:1034B000882381F080E994E80E94058C80912A128B
:1034C000882341F0A1CFC33009F08BCF80912F0921
:1034D000833051F380914902882309F482CF81E03F
:1034E00090912F09933009F080E023E043E254E209
:1034F0006D2F75CFBF92CF92DF92EF92FF920F9315
:103500001F93CF93DF9381E08093930610929206EE
:1035100061E00E94A489C0912E1285E0D82EDC0EB5
:1035200081E0D4E0DC1B93E0F92EFC1A92E0E92E56
:10353000EC1AC82ECC1ABC2EB194C11126C0882317
:1035400089F080912F0918166CF020912F1230917C
:1035500030122F5F3F4F3093301220932F128F5F26
:1035600080932F0980914902882339F021E041E0BE
:1035700064E772E28B2D0E9423E6CF5F80E0DC12CD
:10358000DCCF85E080932D1223C0C13059F58091A6
:103590002F09813089F080914902882371F381E0FD
:1035A00090912F09913009F080E024E04AEB52E23B
:1035B0006C2D0E9461E6E1CF8091370910923709A6
:1035C000882349F30E942F8F80912A12882319F3B0
:1035D000DF91CF911F910F91FF90EF90DF90CF90EF
:1035E000BF900895C23009F069C080912F098230E0
:1035F00081F080914902882309F4BFCF81E0909146
:103600002F09923009F080E020E24FE952E26E2D5E
:10361000D0CF8091370910923709882351F38091D8
:103620005716909158160E94498980912A12882332
:1036300001F3CECF80912F09833081F08091490230
:10364000882309F49ACF81E090912F09933009F0F3
:1036500080E020E243E952E26F2DABCF8091370941
:1036600010923709882351F38091591690915A1678
:103670000E94498980912A12882301F3A9CF809161
:10368000370910923709882319F10E943DEA6091A9
:10369000920637E16302B0011124655B7D4E08E9B3
:1036A00019E822E231E048E750E084E892E20E9423
:1036B000B3E780912A12882359F08ACFC33009F4E6
:1036C000B9CFC43009F059CF80912F098430B9F2B5
:1036D00080914902882309F450CF11E080912F098D
:1036E000843009F010E02091920637E12303F001C5
:1036F0001124ED5BFD4E808591850F94442D00E0F3
:103700009C014BEA52E26D2F812F0E94653535CF27
:10371000BF92CF92DF92EF92FF920F931F93CF93BE
:10372000DF9361E081E00E94A489C0912E121C2FDA
:1037300085E0C82ECC0E03E00C1B82E0F82EFC1AAC
:1037400081E0E82EEC1ABC2EB19484E0D82EDC1A6D
:10375000C11190C080912F09882309F473C0809112
:103760004902882359F081E090912F09911180E05E
:1037700024E04DE551E26B2D0E9461E60E947F7FBF
:103780008111F2C0D5E0C43009F0EFC080912F095B
:10379000843009F4CBC0809149028111D8C0D5E0B2
:1037A00081E08D0F8C1315C080912F098C1709F4BF
:1037B00003C180914902882361F06C2F611B81E075
:1037C00090912F099C1380E023E041E251E20E9496
:1037D00061E682E08D0F8C1315C080912F098C1744
:1037E00009F4FBC080914902882361F06C2F611BB2
:1037F00081E090912F099C1380E023E045E151E2A4
:103800000E9461E683E08D0F8C1315C080912F0913
:103810008C1709F4F3C080914902882361F06C2F62
:10382000611B81E090912F099C1380E023E04CE024
:1038300051E20E9461E6CF5FCC118ACFDC5FD0936A
:103840002D120EC08091370910923709882309F490
:1038500086CF0E942F8F80912A12882309F47FCF70
:10386000DF91CF911F910F91FF90EF90DF90CF905C
:10387000BF900895C13019F580912F09813081F0F2
:1038800080914902882309F479CF81E090912F0932
:10389000913009F080E023E044E551E26E2D6CCFD9
:1038A0008091370910923709882351F386E390EA13
:1038B0000E94058C80912A12882311F3D1CFC23047
:1038C00009F0ADC080912F09823081F080914902CA
:1038D000882309F453CF81E090912F09923009F0A9
:1038E00080E023E047E451E26F2D46CF8091370915
:1038F00010923709882351F389E192EA0E94058CDE
:1039000080912A12882311F3ABCF8091370910924E
:103910003709882309F48BC08AED95EA0E94058C4B
:1039200080912A12882309F482C09ACF80913709A6
:1039300010923709882309F42ECF82E997EA0E9472
:10394000058C80912A12882309F425CF89CF81E044
:1039500090912F09943009F080E023E049E351E28F
:103960006D2D0E9461E61BCFD4E0DC1319CF80914E
:103970002F098D1791F080914902882309F410CF07
:103980006C2F611B81E090912F099C1380E023E054
:1039900040E351E20E9461E603CF80913709109223
:1039A0003709882341F38EE79EE90E94058C8091B8
:1039B0002A12882301F354CF8091370910923709D6
:1039C000882309F4F6CE81EE98EA0E94058C809156
:1039D0002A12882309F4EDCE43CF80913709109243
:1039E0003709882309F4FECE8FED99EA0E94058CF1
:1039F00080912A12882309F4F5CE32CF80913709BD
:103A000010923709882309F406CF89E59AEA0E94C3
:103A1000058C80912A12882309F4FDCE21CFC33072
:103A200009F0ACCE80912F09833009F46ECF8091DC
:103A30004902882309F4A2CE81E090912F099330A6
:103A400009F080E023E042E451E2602F95CE2F920E
:103A50003F924F925F926F927F928F929F92AF921E
:103A6000BF92CF92DF92EF92FF920F931F93CF936B
:103A7000DF9300D01F92CDB7DEB761E081E00E94F6
:103A8000A48910912E12312E85E0282E210E97E761
:103A9000892E99249394A12CB12C85E0C82EC11AAB
:103AA0002EEE422E22E0522E612C712C84E0D82E74
:103AB000D11A03E0011B82E0F82EF11AE12EE19405
:103AC00011113DC080912F098823B1F080914902E6
:103AD000882359F081E090912F09911180E024E032
:103AE00043EE51E26E2D0E9461E61F5F2112E8CF86
:103AF00086E080932D120CC080913709109237090F
:103B0000882321F30E942F8F80912A128823F1F2BB
:103B10000F900F900F900F90DF91CF911F910F9109
:103B2000FF90EF90DF90CF90BF90AF909F908F90DD
:103B30007F906F905F904F903F902F90089511303D
:103B400069F580912F09813081F0809149028823A5
:103B500061F261E0631981E090912F09913009F0E1
:103B600080E020E248ED51E2BECF8091370910920B
:103B70003709882351F384EF91E0A0E0B0E0898316
:103B80009A83AB83BC83BE016F5F7F4F80EA0E9444
:103B90002A4280912A128823C1F2BACF123009F04A
:103BA00090C080912F09823081F080914902882352
:103BB00009F49BCF81E090912F09923009F080E0C9
:103BC00020E24CEB51E26F2D8ECF8091370910929D
:103BD0003709882351F389829A82AB82BC82BE0165
:103BE0006F5F7F4F88E70E942A4280912A128823C4
:103BF000E1F28ECF80912F09833081F080914902CC
:103C0000882309F472CF81E090912F09933009F055
:103C100080E020E240EB51E2602F65CF80913709D0
:103C200010923709882351F349825A826B827C8231
:103C3000BE016F5F7F4F8AE00E942A4280912A1264
:103C40008823E1F265CF80912F09843081F0809143
:103C50004902882309F449CF81E090912F099430DB
:103C600009F080E020E246EA51E26D2D3CCF8091E0
:103C7000370910923709882351F349825A826B829F
:103C80007C82BE016F5F7F4F8AE50E942A4280914D
:103C90002A128823E1F23CCF80913709109237092C
:103CA0008823E1F089829A82AB82BC82BE016F5F79
:103CB0007F4F8CE30E942A4280912A12882371F060
:103CC00027CF133009F496CF143009F4BCCF153048
:103CD00009F00BCF80912F098530F1F280914902D4
:103CE000882309F402CF81E090912F09953009F0E3
:103CF00080E020E24BEC51E26C2DF5CE2F923F920A
:103D00004F925F926F927F928F929F92AF92BF92EB
:103D1000CF92DF92EF92FF920F931F93CF93DF9397
:103D200000D01F92CDB7DEB761E081E00E94A48988
:103D300080912E128B838A83982F9B5F998385E0D5
:103D4000282E9B81291A84E0891B8C8383E0E82E2E
:103D50003E2C391A12E0191B26E9A22E21E2B22EBE
:103D60003FED832E39E0932E412C512C32014A94A1
:103D700081E0F82EF91A9B81911141C080912F09A1
:103D80008823D1F080914902882361F06A8161958E
:103D900081E090912F09911180E024E041EA51E205
:103DA0000E9461E68B818F5F8B8399819813E3CFAB
:103DB00086E080932D120CC080913709109237094C
:103DC000882301F30E942F8F80912A128823D1F239
:103DD0000F900F900F900F90DF91CF911F910F9147
:103DE000FF90EF90DF90CF90BF90AF909F908F901B
:103DF0007F906F905F904F903F902F9008958B81B0
:103E0000813009F059C080912F098130C1F0809133
:103E10004902882339F2DD24D39480912F0981301F
:103E200009F0D12C8091DF090F949B2D00E09C01BB
:103E30004BE851E26F2D8D2D0E946535B3CF8091F7
:103E4000370910923709882311F30E943DEAC09088
:103E5000DF09D12C0E94E08BE0924902B092460922
:103E6000A0924509909244098092430910923F091B
:103E700010924009109241091092420940923B0968
:103E800050923C0960923D0970923E09D0923012E6
:103E9000C0922F1287E49CEA9093391380933813D1
:103EA00010923A09109239091092380980912A1219
:103EB000882309F4ACCF8CCF9B81923009F0ACC041
:103EC00080912F098230E1F080914902882309F422
:103ED00069CFDD24D39480912F09823009F0D12C51
:103EE0006091D3097091D4098091D5099091D60938
:103EF0000E94DD8200E09C0147E851E2612F9BCFE8
:103F000080913709109237098823F1F20E943DEA27
:103F100063ED79E089E891E20E9407E980912A1235
:103F2000882391F255CF80912F098330E1F0809161
:103F30004902882309F436CFDD24D39480912F09D8
:103F4000833009F0D12C6091D7097091D809809104
:103F5000D9099091DA090E94DD8200E09C0143E8D2
:103F600051E2632D68CF8091370910923709882379
:103F7000F1F20E943DEA67ED79E085E891E20E9466
:103F800007E980912A12882391F222CF80912F098C
:103F90008430E1F080914902882309F403CFDD24C5
:103FA000D39480912F09843009F0D12C6091DB09E2
:103FB0007091DC098091DD099091DE090E94DD821B
:103FC00000E09C014FE751E26C8135CF80913709C9
:103FD000109237098823F1F20E943DEA6BED79E0F7
:103FE00081E891E20E9407E980912A12882391F2E8
:103FF000EFCE80913709109237098823D9F00E94BB
:104000003DEA6FE372E085E791E20E9407E9809163
:104010002A12882379F0DCCE8B81833009F483CF98
:10402000843009F4B3CF853009F0BCCE80912F09DC
:104030008530F9F280914902882309F4B3CEDD245A
:10404000D39480912F09853009F0D12C60913F02E3
:104050007091400280914102909142020E94DD8263
:1040600000E09C014BE651E2622DE5CE5F926F923B
:104070007F928F929F92AF92BF92CF92DF92EF92F8
:10408000FF920F931F93CF93DF9361E081E00E9433
:10409000A489C0912E1265E0662E6C0ED6E0DC1B62
:1040A00085E0B82EBC1A84E0A82EAC1A83E0982EC6
:1040B0009C1A82E0882E8C1A81E0782E7C1A5C2E65
:1040C0005194C11136C080912F098823B1F080919D
:1040D0004902882359F081E090912F09911180E0E5
:1040E00024E04AEC5FE1652D0E9461E6CF5F6C122F
:1040F000E8CF87E080932D120CC080913709109291
:104100003709882321F30E942F8F80912A12882358
:10411000F1F2DF91CF911F910F91FF90EF90DF901F
:10412000CF90BF90AF909F908F907F906F905F9057
:104130000895C13009F03FC080912F098130E9F026
:1041400080914902882391F211E080912F098130FA
:1041500009F010E06091B0117091B1118091B2112D
:104160009091B3110E94238200E09C014CEB5FE12F
:10417000672D812F0E946535B9CF80913709109244
:1041800037098823E9F20E943DEAD12CC12CE12CA9
:1041900010ECF12E09E714E420E030E040E85FE3A2
:1041A00060EB71E183EC9FE10E945BE880912A1251
:1041B000882331F2AECFC23009F010C180912F09AF
:1041C0008230D9F080914902882309F48FCF11E021
:1041D00080912F09823009F010E06091B411709144
:1041E000B5118091B6119091B7110E94238200E021
:1041F0009C014EEA5FE1682DBCCF80913709109297
:1042000037098823F9F20E943DEAD12CC12CE12C18
:1042100010ECF12E09E714E420E030E040E85FE321
:1042200064EB71E185EB9FE10E945BE880912A12CB
:10423000882341F26ECF80912F098330D9F080918D
:104240004902882309F452CF11E080912F0983306D
:1042500009F010E06091B8117091B9118091BA1114
:104260009091BB110E94238200E09C0140EA5FE133
:10427000692D7FCF80913709109237098823F9F291
:104280000E943DEAD12CC12CE12C10ECF12E09E763
:1042900014E420E030E040E85FE368EB71E187EA96
:1042A0009FE10E945BE880912A12882341F231CF7E
:1042B00080912F098430D9F080914902882309F434
:1042C00015CF11E080912F09843009F010E0609142
:1042D000BC117091BD118091BE119091BF110E94CF
:1042E000238200E09C0142E95FE16A2D42CF809188
:1042F0003709109237098823F9F20E943DEAD12C40
:10430000C12CE12C10ECF12E09E714E420E030E0A0
:1043100040E85FE36CEB71E189E99FE10E945BE8B3
:1043200080912A12882341F2F4CE80912F098530A2
:10433000D9F080914902882309F4D8CE11E0809108
:104340002F09853009F010E06091CC117091CD11EA
:104350008091CE119091CF110E94238200E09C01A8
:1043600048E85FE16B2D05CF80913709109237093E
:104370008823F9F20E943DEAD12CC12CE12C10ECEB
:10438000F12E09E714E420E030E0A9016CEC71E1C2
:104390008DE89FE10E945BE880912A12882349F210
:1043A000B8CE8091370910923709882339F10E94DD
:1043B0003DEAD12CC12CE12C10ECF12E09E714E4DC
:1043C00020E030E0A90160ED71E18EE79FE10E94FD
:1043D0005BE880912A12882389F09BCEC33009F4D0
:1043E0002ACFC43009F464CFC53009F49ECFC6305B
:1043F00009F07CCE80912F09863099F28091490294
:10440000882309F473CE11E080912F09863009F0DA
:1044100010E06091D0117091D1118091D2119091E2
:10442000D3110E94238200E09C0144E75FE16D2FDD
:10443000A0CE2F923F924F925F926F927F928F9277
:104440009F92AF92BF92CF92DF92EF92FF920F9323
:104450001F93CF93DF9300D01F92CDB7DEB761E0FB
:1044600081E00E94A489F0902E12EF2C85E0282E86
:104470002F0C87E0382E3F1886E0C82ECF1885E035
:10448000D82EDF18812C912C54018394F1103EC05A
:1044900080912F098823B9F080914902882361F027
:1044A0006E2D619581E090912F09911180E024E0BB
:1044B00046E450E20E9461E6F3942F10E7CF88E0D3
:1044C00080932D120CC080913709109237098823F0
:1044D00019F30E942F8F80912A128823E9F20F90FE
:1044E0000F900F900F90DF91CF911F910F91FF9040
:1044F000EF90DF90CF90BF90AF909F908F907F9084
:104500006F905F904F903F902F90089581E0F81248
:1045100082C080912F09813021F180914902882346
:1045200059F211E080912F09813009F010E080915B
:10453000C0119091C111A091C211B091C311898392
:104540009A83AB83BC83CE0101960F94672A61E006
:104550006E1900E09C014AE350E2812F0E9465350C
:10456000ABCF80913709109237098823B1F20E94AE
:104570003DEA2AE037ED43E25DE36091C0117091BE
:10458000C1118091C2119091C3110F94B64920E0DE
:1045900030E040E85FE30F94E94D0F945D4F2B014D
:1045A0000E94E08B83E08093490280E490E2909344
:1045B00046098093450980EC91E1909344098093EA
:1045C000430980923F0990924009A0924109B0921C
:1045D000420987E79FE0A0E0B0E080933B09909319
:1045E0003C09A0933D09B0933E095092301240928D
:1045F0002F1289E59CEA9093391380933813109217
:104600003A09109239091092380980912A128823A8
:1046100009F483CF64CF92E0F91298C280912F09F8
:10462000823011F180914902882309F445CF11E0CD
:1046300080912F09823009F010E08091C41190918F
:10464000C511A091C611B091C71189839A83AB831C
:10465000BC83CE0101960F94672A62E06E1900E0D8
:104660009C0146E250E279CF8091370910923709D8
:104670008823C1F20E943DEA2AE037ED43E25CE381
:104680006091C4117091C5118091C6119091C711AC
:104690000F94B64920E030E040E85FE30F94E94D25
:1046A0000F945D4F2B010E94E08B83E080934902C1
:1046B00080E390E2909346098093450984EC91E170
:1046C000909344098093430980923F099092400956
:1046D000A0924109B09242098DED93E0A0E0B0E0D4
:1046E00080933B0990933C09A0933D09B0933E0908
:1046F0005092301240922F128FE59CEA909339131A
:104700008093381310923A0910923909109238099F
:1047100080912A12882309F485CFE1CE80912F0958
:10472000833011F180914902882309F4C5CE11E04C
:1047300080912F09833009F010E08091C811909189
:10474000C911A091CA11B091CB1189839A83AB830F
:10475000BC83CE0101960F94672A63E06E1900E0D6
:104760009C0144E150E2F9CE80913709109237095B
:104770008823C1F20E943DEA2AE037ED43E25DE37F
:104780006091C8117091C9118091CA119091CB119B
:104790000F94B64920E030E040E85FE30F94E94D24
:1047A0000F945D4F2B010E94E08BF09249028DE146
:1047B00090E2909346098093450988EC91E19093AB
:1047C00044098093430980923F0990924009A09246
:1047D0004109B092420987E79FE0A0E0B0E08093F2
:1047E0003B0990933C09A0933D09B0933E09509238
:1047F000301240922F1289E59CEA909339138093EE
:10480000381310923A0910923909109238098091A0
:104810002A12882309F486CF62CE80912F09843032
:10482000F1F080914902882309F446CE11E080918D
:104830002F09843009F010E060918C1170918D1176
:1048400080918E1190918F110F9455490E94B983D8
:1048500064E06E1900E09C0146E050E27ECE80915B
:104860003709109237098823E1F20E943DEA6091EE
:104870008C1170918D1180918E1190918F110F94E8
:1048800055492AE037ED43E25DE30F94B64920E055
:1048900030E040E850E40F94E94D0F945D4F2B0158
:1048A0000E94E08B83E0809349028DE090E2909338
:1048B0004609809345098CE891E1909344098093DF
:1048C000430984E090E0A0E0B0E080933F0990933A
:1048D0004009A0934109B093420984E79FE0A0E01A
:1048E000B0E080933B0990933C09A0933D09B093BD
:1048F0003E095092301240922F1283E59CEA909329
:104900003913809338138DE793E890933A09809395
:1049100039091092380980912A12882309F481CF2D
:10492000DECD80912F098530E9F0809149028823FE
:1049300009F4C2CD11E080912F09853009F010E013
:1049400060919011709191118091921190919311B9
:104950000F9455490E94B98300E09C0148EF5FE144
:104960006D2DFBCD80913709109237098823E9F22C
:104970000E943DEA60919011709191118091921185
:10498000909193110F9455492AE037ED43E25DE38E
:104990000F94B64920E030E040E850E40F94E94D30
:1049A0000F945D4F2B010E94E08B83E080934902BE
:1049B0008FEF9FE1909346098093450980E991E14B
:1049C000909344098093430984E090E0A0E0B0E034
:1049D00080933F0990934009A0934109B093420905
:1049E00084E79FE0A0E0B0E080933B0990933C090E
:1049F000A0933D09B0933E095092301240922F127D
:104A000083E59CEA90933913809338138DE793E8FC
:104A100090933A09809339091092380980912A12AB
:104A2000882309F482CF5BCD80912F098630E9F08D
:104A300080914902882309F43FCD11E080912F092C
:104A4000863009F010E06091941170919511809179
:104A50009611909197110F9455490E94B98300E0E7
:104A60009C014AEE5FE16C2D78CD80913709109260
:104A700037098823E9F20E943DEA60919411709110
:104A8000951180919611909197110F9455492AE0B4
:104A900037ED43E25DE30F94B6490F945D4F2B0170
:104AA0000E94E08B83E08093490281EF9FE1909325
:104AB00046098093450984E991E1909344098093E4
:104AC000430910923F091092400910924109109237
:104AD000420988E79FE0A0E0B0E080933B09909313
:104AE0003C09A0933D09B0933E0950923012409288
:104AF0002F1283E59CEA90933913809338138DE746
:104B000093E890933A09809339091092380980917B
:104B10002A12882309F48CCFE2CC809137091092B5
:104B20003709882351F10E943DEA0DE713E828EB8D
:104B300032E841E050E068E971E183EE9FE10E94D4
:104B4000B5E980912A128823C1F0C9CC93E0F91607
:104B500009F4E4CDA4E0FA1609F45FCEB5E0FB1643
:104B600009F4DFCE86E0F81609F45ECF97E0F9127B
:104B7000A3CC80912F09873081F28091490288234C
:104B800009F49ACC11E080912F09873009F010E0E8
:104B9000609198117091991180919A1190919B1147
:104BA0000F9455490E94B98300E09C014CED5FE1F0
:104BB000632DD3CC2F923F924F925F926F927F9250
:104BC0008F929F92AF92BF92CF92DF92EF92FF921D
:104BD0000F931F93CF93DF9300D01F921F92CDB7F7
:104BE000DEB761E081E00E94A489B0902E122B2CE8
:104BF00085E08B0D8D8384E0382E3B183AE0432E00
:104C0000512C612C712C83E0882E8B1882E0982E19
:104C10009B1881E0A82EAB18B11040C080912F09DD
:104C20008823C1F080914902882361F0622D61954B
:104C300081E090912F09911180E024E048E950E251
:104C40000E9461E6B3949D819B11E6CF85E080933D
:104C50002D120CC08091370910923709882311F367
:104C60000E942F8F80912A128823E1F20F900F90DB
:104C70000F900F900F90DF91CF911F910F91FF90A8
:104C8000EF90DF90CF90BF90AF909F908F907F90EC
:104C90006F905F904F903F902F90089591E0B912E0
:104CA0003FC080912F098130E9F08091490288232B
:104CB00049F211E080912F09813009F010E06091F4
:104CC000F4097091F5098091F6099091F7090E9415
:104CD000238200E09C0148E850E26A2D812F0E9467
:104CE0006535B0CF80913709109237098823E9F2F2
:104CF0000E943DEAD12CC12CE12C10E8F12E07E7EF
:104D000014E420E030E040E85FE364EF79E080E91C
:104D100090E20E945BE880912A12882331F2A6CFAC
:104D2000A2E0BA12D9C080912F098230D9F08091C7
:104D30004902882309F486CF11E080912F0982303F
:104D400009F010E06091F8097091F9098091FA0971
:104D50009091FB090E94238200E09C0148E750E209
:104D6000692DBCCF80913709109237098823F9F259
:104D70000E943DEAD12CC12CE12C10E8F12E07E76E
:104D800014E420E030E040E85FE368EF79E080E899
:104D900090E20E945BE880912A12882341F266CF5C
:104DA00080912F09833009F180914902882309F409
:104DB00049CF11E080912F09833009F010E08091F4
:104DC000FC099091FD09A091FE09B091FF0989832A
:104DD0009A83AB83BC83CE0101960F94C82900E06F
:104DE0009C0148E650E2682D79CF809137091092F6
:104DF00037098823C9F20E943DEA20E030E048EC00
:104E000052E46091FC097091FD098091FE09909136
:104E1000FF090F94B64920E030E040E251E40F94DE
:104E2000E94D0F945D4F6B010E94E08BB0924902F7
:104E300080E790E29093460980934509ACEFB9E092
:104E4000B0934409A093430940923F09509240090E
:104E5000609241097092420985EF9FE7A0E0B0E0BF
:104E600080933B0990933C09A0933D09B0933E0980
:104E7000D0923012C0922F128DE49CEA9093391395
:104E80008093381310923A09109239091092380918
:104E900080912A12882309F487CFE8CE80913709C0
:104EA00010923709882319F10E943DEAD12CC12CB8
:104EB000E12C10E8F12E07E714E420E030E040E8B0
:104EC0005FE360E07AE080E690E20E945BE8809138
:104ED0002A12882361F0CACEA3E0BA1609F460CF83
:104EE000B4E0BB12AFCE80912F098430B9F280912B
:104EF0004902882309F4A6CE11E080912F0984305D
:104F000009F010E06091000A7091010A8091020A94
:104F10009091030A0E94238200E09C0148E550E240
:104F2000632DDCCE9F92AF92BF92CF92DF92EF9231
:104F3000FF920F931F93CF93DF9300D01F92CDB7B3
:104F4000DEB761E081E00E94A48910912E1285E015
:104F5000A82EA10E84E0F82EF11A83E0E82EE11AC3
:104F600082E0D82ED11A81E0C82EC11A912E9194D8
:104F7000111136C080912F098823B1F08091490228
:104F8000882359F081E090912F09911180E024E06D
:104F90004AEF50E2692D0E9461E61F5FA112E8CF3F
:104FA00085E080932D120CC080913709109237094B
:104FB000882321F30E942F8F80912A128823F1F2F7
:104FC0000F900F900F900F90DF91CF911F910F9145
:104FD000FF90EF90DF90CF90BF90AF909F9008959B
:104FE0001130D9F580912F09813021F1809149024A
:104FF000882399F2BB24B39480912F09813009F062
:10500000B12C8091A0119091A111A091A211B09109
:10501000A31189839A83AB83BC83CE0101960F943D
:10502000172900E09C0146EE50E26C2D8B2D0E946A
:105030006535B3CF80913709109237098823B1F2D3
:105040000E943DEA60EA71E180EF90E20E9458E937
:1050500080912A12882351F2B3CF123009F085C013
:1050600080912F09823011F180914902882309F43F
:1050700094CFBB24B39480912F09823009F0B12CD6
:105080008091A4119091A511A091A611B091A711A2
:1050900089839A83AB83BC83CE0101960F94172931
:1050A00000E09C0142ED50E26D2DC0CF80913709A8
:1050B000109237098823C1F20E943DEA64EA71E147
:1050C0008CED90E20E9458E980912A12882361F2C7
:1050D00077CF80912F09833011F180914902882385
:1050E00009F45BCFBB24B39480912F09833009F07E
:1050F000B12C8091A8119091A911A091AA11B09101
:10510000AB1189839A83AB83BC83CE0101960F9444
:10511000172900E09C014EEB50E26E2D87CF809165
:105120003709109237098823C1F20E943DEA68EAE4
:1051300071E188EC90E20E9458E980912A1288235C
:1051400061F23ECF80913709109237098823B9F078
:105150000E943DEA6CEA71E184EB90E20E9458E91A
:1051600080912A12882359F02BCF133009F4B1CF44
:10517000143009F012CF80912F09843019F38091F7
:105180004902882309F409CFBB24B39480912F09E5
:10519000843009F0B12C8091AC119091AD11A091A7
:1051A000AE11B091AF1189839A83AB83BC83CE01DA
:1051B00001960F94172900E09C014AEA50E26F2DF6
:1051C00035CFCF92DF92EF92FF920F931F93CF9341
:1051D000DF9361E081E00E94A489C0912E1285E0F6
:1051E000D82EDC0ED3E0DC1B82E0F82EFC1A81E026
:1051F000E82EEC1ACC2EC194C1112FC080912F093A
:105200008823B1F080914902882359F081E0909180
:105210002F09911180E024E04CED5EE16C2D0E949D
:1052200061E6CF5FDC12E8CF84E080932D120CC0E2
:105230008091370910923709882321F30E942F8F1C
:1052400080912A128823F1F2DF91CF911F910F9163
:10525000FF90EF90DF90CF900895C130D1F580910D
:105260002F098130F9F0809149028823D1F211E0B1
:1052700080912F09813009F010E0609187167091BC
:1052800088168091891690918A160F9455490E942C
:10529000B98300E09C0146ED5EE16E2D812F0E94F6
:1052A0006535BFCF80913709109237098823D9F22D
:1052B00006EF10E020ED37E040E050E067E876E1EF
:1052C00089ED9EE10E94B5E980912A12882359F266
:1052D000BBCFC23009F04FC080912F098230E9F076
:1052E00080914902882309F49CCF11E080912F0915
:1052F000823009F010E060918B1670918C168091CD
:105300008D1690918E160F9455490E94B98300E036
:105310009C0142ED5EE16F2DC1CF80913709109263
:1053200037098823E9F206EF10E020ED37E040E08E
:1053300050E06BE876E184ED9EE10E94B5E9809152
:105340002A12882369F280CF809137091092370999
:105350008823C1F006EF10E020ED37E040E050E098
:105360006FE876E180ED9EE10E94B5E980912A1216
:10537000882341F069CFC33009F053CF80912F09C2
:10538000833011F380914902882309F44ACF11E058
:1053900080912F09833009F010E060918F16709191
:1053A000901680919116909192160F9455490E94F3
:1053B000B98300E09C014EEC5EE16D2F6FCFEF9260
:1053C000FF920F931F93CF93DF9361E081E00E94E0
:1053D000A489C0912E1285E0F82EFC0ED1E0DC1BD2
:1053E000EC2EE194C1112DC080912F098823B1F0DA
:1053F00080914902882359F081E090912F09911101
:1054000080E024E042E65FE16E2D0E9461E6CF5F1E
:10541000FC12E8CF82E080932D120CC080913709F6
:1054200010923709882321F30E942F8F80912A122E
:105430008823F1F2DF91CF911F910F91FF90EF90B0
:105440000895C13021F780912F098130C9F08091F2
:1054500049028823E1F211E080912F09813009F09F
:1054600010E080910F02909110020F94442D00E003
:105470009C0148E45FE16D2F812F0E946535C7CF05
:105480008091370910923709882309F30E943DEA79
:105490000AE013E822E231E046E950E06FE072E012
:1054A00085E59FE10E94B3E780912A12882379F273
:1054B000C1CF2F923F924F925F926F927F928F92C5
:1054C0009F92AF92BF92CF92DF92EF92FF920F9393
:1054D0001F93CF93DF9300D01F921F92CDB7DEB7FB
:1054E00061E081E00E94A489B0902E1285E08B0DCE
:1054F0008D8323E0222E822C8B1882E0A82EAB18FD
:1055000044244A943FE7532E612C712C81E0982E5D
:105510009B183B2C3194B1103FC080912F098823F8
:10552000B9F080914902882359F081E090912F09C8
:10553000911180E024E046E25FE1632D0E9461E684
:10554000B3948D81B812E7CF84E080932D120CC004
:105550008091370910923709882319F30E942F8F01
:1055600080912A128823E9F20F900F900F900F90EC
:105570000F90DF91CF911F910F91FF90EF90DF90EF
:10558000CF90BF90AF909F908F907F906F905F90E3
:105590004F903F902F90089591E0B91274C0809180
:1055A0002F09813019F180914902882349F211E0D5
:1055B00080912F09813009F010E080911A0A9091B2
:1055C0001B0AA0911C0AB0911D0A89839A83AB83A0
:1055D000BC83CE0101960F94002C00E09C0142E1B7
:1055E0005FE1692D812F0E946535AACF809137092F
:1055F000109237098823B9F220E030E048EC52E4F9
:1056000060911A0A70911B0A80911C0A90911D0AE0
:105610000F94B6490F945D4F6B010E94E08B20926E
:1056200049028CE19FE190934609809345098AE104
:105630009AE0909344098093430910923F09109295
:105640004009109241091092420940923B09509240
:105650003C0960923D0970923E09D0923012C0928E
:105660002F1285E69CEA9093391380933813109299
:105670003A09109239091092380980912A12882328
:1056800009F491CF71CF92E0B91257C080912F09E0
:105690008230D9F080914902882309F451CF11E07A
:1056A00080912F09823009F010E0609149167091C5
:1056B0004A1680914B1690914C160E94238200E06E
:1056C0009C014EEF5EE16A2D8DCF809137091092DB
:1056D00037098823F9F20E943DEAD12CC12CE12C34
:1056E000F12C08E413E420E030E0A90169E476E15C
:1056F00088E09FE10E945BE880912A12882351F2A2
:1057000033CF80913709109237098823E9F00E943E
:105710003DEAD12CC12CE12CF12C08E413E420E06B
:1057200030E0A9016DE476E186EF9EE10E945BE83E
:1057300080912A12882341F017CF93E0B91200CF4D
:1057400080912F098330E9F280914902882309F47E
:10575000F7CE11E080912F09833009F010E06091BD
:105760004D1670914E1680914F16909150160E94D2
:10577000238200E09C014EEE5EE1682D33CFCF9393
:10578000DF93FC01EB0180912F129091301297FF73
:1057900004C01092301210922F1240913B09509188
:1057A0003C0960913D0970913E0980912F129091C2
:1057B0003012092E000CAA0BBB0B481759076A07B9
:1057C0007B0724F45093301240932F1280914902AA
:1057D0008823C1F020912F123091301260913F093F
:1057E000709140098091410990914209620F731FA5
:1057F000811D911D1995BC01809145099091460923
:105800000E94ED3480913709811108C080913809D8
:105810008823A1F180914902882381F18091430975
:1058200090914409009791F020912F1230913012FD
:1058300040913F095091400960914109709142099E
:10584000420F531F611D711DFE011995E091390929
:10585000F0913A09309741F080913809811103C0E5
:105860008091370981111995809137091092370974
:10587000882321F0DF91CF910C942F8FDF91CF916E
:10588000089565E67FE780E792E80C94BFAB62E796
:105890007FE789E792E80C94BFAB66ED7FE780E68F
:1058A00093E80C94BFAB66E97FE782ED93E80C9434
:1058B000BFAB6EEF7FE78FE793E80C94BFAB62E17D
:1058C00070E88CE993E80C94BFAB62EC7FE786EE5E
:1058D00093E80C94BFAB6CEA7FE78CED93E80C94F3
:1058E000BFAB6AEE7FE783E493E80C94BFAB66E25C
:1058F00070E882EF92E80C94BFAB6AE370E885E44D
:1059000092E80C94BFAB68E470E88CE192E80C94E8
:10591000BFAB10922C120C942F8F8F929F92AF924C
:10592000BF92CF92DF92EF92FF920F931F93CF938C
:10593000DF9300D01F92CDB7DEB780913709109268
:105940003709882309F441C0809152029091530293
:10595000181619063CF59A8389839E012D5F3F4FE7
:1059600044E050E06AEC79E0CE0101960E943849AB
:105970000E9480464091CA095091CB096091CC09A0
:105980007091CD0983EF9DE10E94C04B609152025E
:105990007091530282EE9DE10E947F4A80EE9DE16C
:1059A0000E948E440E9489AC0F900F900F900F9030
:1059B000DF91CF911F910F91FF90EF90DF90CF90EB
:1059C000BF90AF909F908F90089581E080932C12AC
:1059D00000912F12109130120115110509F442C0E7
:1059E0001092301210922F12B801012E000C880B69
:1059F000990B0F9457492091110A3091120A409146
:105A0000130A5091140A0F94B6492091CA09309193
:105A1000CB094091CC095091CD090F94EA4D6B010F
:105A20007C0120E030E040EA51EC0F944A5087FDC1
:105A300019C020E030E040EA51E4C701B6010F94FC
:105A4000504918167CF0B80182E00E944040C09294
:105A5000CA09D092CB09E092CC09F092CD0982E03C
:105A60008093490280914902882309F49DCF8AECF2
:105A700099E00F94632BBC018FEB9EE10E94ED3403
:105A8000C090CA09D090CB09E090CC09F090CD0924
:105A900080908E0690908F06A0909006B090910610
:105AA000A5019401C701B6010F9450498823E9F07C
:105AB00020E030E0A901C701B6010F9450498823C6
:105AC00009F47DC0A5019401C701B6010F945049A6
:105AD00087FD77C081E080938D06C0928E06D092BC
:105AE0008F06E0929006F0929106809172138131B8
:105AF00098F480917413833078F080918D0644E09F
:105B0000481B57EAE52E5EE1F52E0CE022E062E448
:105B10008EE393E10E9493F480917213853180F4B7
:105B200080917413843160F044EAE42E4EE1F42E47
:105B300001E023E044E16CE38EE393E10E9493F4FF
:105B4000809172138F3308F02FCF809174138F32AE
:105B500008F42ACF80918D0640E3481B8AE8E82E9E
:105B60008EE1F82E0DE022E06AE58EE393E10E94DB
:105B700093F480918D0641E3481B90E7E92E9EE166
:105B8000F92E22E065E08EE393E10E9493F420E495
:105B9000E22E2EE1F22E00E123E04FE262E18EE3FD
:105BA00093E10E9493F430E1E32E3EE1F32E23E0F3
:105BB0004FE267E68EE393E10E9493F4F5CE80E036
:105BC0008ACF8FEF88CF8F929F92AF92BF92CF9262
:105BD000DF92EF92FF920F931F93CF93DF93C82F23
:105BE0008091370910923709882371F0DF91CF91A6
:105BF0001F910F91FF90EF90DF90CF90BF90AF90EB
:105C00009F908F900C9489AC8B0160912F127091B2
:105C100030126115710551F01092301210922F124E
:105C200081E0809349028C2F0E944040809149027C
:105C3000882309F4B3C084E0C89FE0011124C75F42
:105C4000D54F6091960570919705072E000C880B33
:105C5000990B0F945749288139814A815B810F94B0
:105C6000B6496B017C0120E030E543EC57E40F942A
:105C7000B6494B015C0120E030E0A901C701B60143
:105C80000F94504920E030E040EA50E487FF04C020
:105C900020E030E040EA50ECC501B4010F94EA4D39
:105CA00020E030E040E251E40F94E44E0F94564F70
:105CB0006B017C01C114D104E104F10409F46CC04E
:105CC000F7FE6AC0F094E094D094C094C11CD11C3B
:105CD000E11CF11C8DE280934709C701B60120E168
:105CE00037E240E050E00F94654D8AE0882E912C19
:105CF000A12CB12CCA01B901A50194010F94654DE5
:105D0000605D609348098EE280934909C701B6013E
:105D100028EE33E040E050E00F94654DCA01B90130
:105D2000A50194010F94654D605D60934A09C70118
:105D3000B60124E630E040E050E00F94654DCA0122
:105D4000B901A50194010F94654D605D60934B0905
:105D5000C701B601A50194010F94654DC62FCA0174
:105D6000B901A50194010F94654D605D60934C09E4
:105D7000C05DC0934D0967E479E0C801DF91CF9120
:105D80001F910F91FF90EF90DF90CF90BF90AF9059
:105D90009F908F900C94ED3480E29DCFDF91CF9156
:105DA0001F910F91FF90EF90DF90CF90BF90AF9039
:105DB0009F908F9008956AE477E281E00C94E3ADC0
:105DC0006FE377E280E00C94E3ADCF93DF9300D0F4
:105DD0001F92CDB7DEB7809137091092370988231B
:105DE00049F00E9489AC0F900F900F900F90DF91B7
:105DF000CF91089560912F12709130126115710545
:105E000061F1072E000C880B990B0F9457492091D4
:105E100096063091970640919806509199060F94F6
:105E2000B64920913B0230913C0240913D02509195
:105E30003E020F94EA4D60933B0270933C028093C4
:105E40003D0290933E0283E00E946E8181E0809348
:105E500049021092301210922F1280914902882329
:105E600011F220912B0930912C0940912D0950916C
:105E70002E0960913B0270913C0280913D0290910D
:105E80003E020F94E94D69837A838B839C83CE0114
:105E900001960F94ED2ABC0180E795E20E94ED3453
:105EA000A2CF2F923F924F925F926F927F928F92EA
:105EB0009F92AF92BF92CF92DF92EF92FF920F9399
:105EC0001F93CF93DF9300D000D01F92CDB7DEB7E2
:105ED0009F838E836D8380913709109237098823C1
:105EE000D9F00E9489AC27960FB6F894DEBF0FBE9A
:105EF000CDBFDF91CF911F910F91FF90EF90DF9079
:105F0000CF90BF90AF909F908F907F906F905F9059
:105F10004F903F902F90089520902F123090301284
:105F20002114310409F450C09D8184E0989F8001C0
:105F30001124F801E15DFD4F408051806280738043
:105F400080915402811172C020E030E04AE754E4AD
:105F5000C301B2010F94E94D4B015C0120E030E038
:105F60004AE754E4C301B2010F94EA4D6B017C018E
:105F7000B101032C000C880B990B0F945749209109
:105F800096063091970640919806509199060F9485
:105F9000B649A30192010F94EA4D2B013C0137FE53
:105FA00085C0A50194010F94504987FD77C0F80181
:105FB000E15DFD4F40825182628273828D810E9439
:105FC0006E8181E0809349021092301210922F125C
:105FD00080914902882309F486CF8D8194E0899FBE
:105FE000F0011124E15DFD4F80819181A281B38197
:105FF00089839A83AB83BC832DEC3CEC4CEC5DE352
:1060000060919606709197068091980690919906F6
:106010000F944A5087FD59C0CE0101960F94ED2A86
:10602000BC018E819F810E94ED345DCF8D818130D6
:1060300099F0823011F18090570290905802A09010
:106040005902B0905A02C0905B02D0905C02E0907E
:106050005D02F0905E028CCF80905F0290906002B3
:10606000A0906102B0906202C0906302D09064027E
:10607000E0906502F09066027BCF8090670290907E
:106080006802A0906902B0906A02C0906B02D09042
:106090006C02E0906D02F0906E026ACFF801E15D53
:1060A000FD4F80829182A282B38288CFA7019601A0
:1060B0000F944A5018160CF07ACFF801E15DFD4FAD
:1060C000C082D182E282F38279CFCE0101960E9412
:1060D0001EE7A6CF62E089E695E20C9451AF61E03D
:1060E00082E695E20C9451AF60E08BE595E20C946A
:1060F00051AF809137091092370981110E9489AC04
:106100000C947533AF92BF92CF92DF92EF92FF92D1
:106110000F931F93CF93DF930E94EF80882309F49E
:1061200009C180912F1286320CF4EBC085E2282F32
:10613000082E000C330B3093301220932F12982F1F
:10614000990F890F8093AF0580914F09882309F437
:10615000F1C02091A1053091A2050091A3051091F5
:10616000A405020F131FC0919F05D091A005809137
:106170009D0590919E05C80FD91F01304FE7140768
:1061800068F03195219531093093A2052093A1053E
:106190006CED70E085E090E00E940F88D7FFB5C0FD
:1061A00080919D0590919E0591958195910990937F
:1061B0009E0580939D0568E171E085E090E00E9476
:1061C0000F8881E080939C0520919D0530919E056C
:1061D000CE019A508130934108F090C18D2F9927BC
:1061E00087FD9A950A9765E070E00F94C64D412FA0
:1061F00017FF02C047E0410F45954595459581E061
:1062000090E0A0E0B0E004C0880F991FAA1FBB1F58
:106210004A95D2F7FB01EE0FFF1FEB55FA4F408175
:106220005181EA01C823D923CD2B09F44DC08095B3
:106230009095842395239183808344E050E0461B0E
:10624000570B8091ED059091EE05840F951F90936B
:10625000EE058093ED058091AD0581508093AD05ED
:10626000811103C082E080934F09932F9095991F6D
:106270009927991F80919C05881F8827881F981748
:1062800009F419C131952195310930939E05209368
:106290009D0560E270E080E090E00E9463EFDC0129
:1062A000CB014097A109B1092091A1053091A20528
:1062B000820F931F9093A2058093A10560E773E07E
:1062C00085E090E00E940F888091A3059091A4053D
:1062D0002091A1053091A205820F931F9093A405F0
:1062E0008093A30580919F059091A00520919D0525
:1062F00030919E05820F931F9093A00580939F0578
:1063000019C087FF14CF80E012CFC13080E4D807D6
:106310000CF45ACF6BE470E084EF91E00E940F8898
:106320008091AE0581508093AE05882309F4C0C0EA
:106330000E94088181E080935E13809172138E31F8
:1063400008F057C0809174138A3008F452C085EA6F
:10635000C82E85E0D82ECAE0D0E0BC2E2091721362
:10636000CE0104962817190609F0DCF58091741304
:106370008C17B8F110E000E0F60180819181B0E067
:10638000A0E0002E04C0B695A795979587950A942E
:10639000D2F780FF21C0A02EAA0CAA0CAA0CF12CC7
:1063A000E12CCE018E0D9F1D209172132817190626
:1063B00009F05CF4209174132817190634F047E0B3
:1063C0006B2D6E0D8A2D0E9438F1FFEFEF1AFF0A38
:1063D00024E0E216F10429F70F5F1F4F0031110589
:1063E00059F642E0C40ED11C2596CE31D10509F0F4
:1063F000B4CF809172138E3380F4809174138C33F8
:1064000060F040E16DE38091AF050E9438F140E11A
:106410006CE38091AF050E9438F180914F09882389
:1064200009F414C16091A005862F90E00196209197
:1064300072132817190609F054F480917413861703
:1064400030F022E042E08091A4050E94FEF08091AD
:1064500072138B30D0F410927513C9E0C093761389
:106460008091ED059091EE050E94C6358EE68093F1
:106470007513C09376132091AE0583E090E0821BE4
:1064800091098D5B924E0E948E3480913709109253
:106490003709882309F4DDC0DF91CF911F910F9157
:1064A000FF90EF90DF90CF90BF90AF900C9489ACAD
:1064B00010924F093FCF8091A1059091A20591952F
:1064C000819591099093A2058093A10560E270E007
:1064D00080E090E00E9463EFDC01CB014097A109CE
:1064E000B10920919D0530919E05820F931F9093D5
:1064F0009E0580939D0560E872E0E2CE12161306B9
:106500000CF0E2CEDD53C130D24008F0DDCE8091F8
:10651000AF05C12FC81BC03108F0D6CE31952195EB
:10652000310930939E0520939D0560E773E083E079
:1065300090E00E940F888FEF80939C058EEF8C0F68
:106540008C3088F18091A1059091A20531E0181658
:1065500019060CF030E021E0C2300CF020E09195FB
:1065600081959109321709F444C080914F09823016
:1065700009F0AACE80E48093AD058FEF9FEF909352
:10658000A6058093A5059093A8058093A7059093F1
:10659000AA058093A9059093AC058093AB0581E093
:1065A00080934F0991CEC43060F560E470E080E0E4
:1065B00090E00E9463EFDC01CB0180549109A109B6
:1065C000B1092091A1053091A205820F931F811579
:1065D0002EEF92079CF09093A2058093A1058091E5
:1065E000A1059091A205813092400CF4BECF80E0CD
:1065F00092E09093A2058093A105B7CF80E09EEF33
:10660000EACFCC300CF4B1CF60E470E080E090E0F1
:106610000E9463EF2091A1053091A205C901860F68
:10662000971F9093A2058093A10581159E4F34F486
:1066300080E09EEF9093A2058093A1058091A10533
:106640009091A2058130924094F68FCF0E944982AA
:10665000FECEDF91CF911F910F91FF90EF90DF90D1
:10666000CF90BF90AF900895AF92BF92CF92DF923C
:10667000EF92FF920F931F93CF93DF930E94EF80CF
:10668000882341F180915B0690915C06392F4091FF
:10669000590650915A0620915806213009F4A4C099
:1066A0000CF097C0CA01C397222309F4A1C0D0916E
:1066B0005C06C0915A063D1302C0C51759F0D83187
:1066C00008F49BC010924F0968E270E080E991E005
:1066D0000E940F8881E080935E138091721389304D
:1066E00058F41092751387E0809376138091ED052E
:1066F0009091EE050E94C63526E34CE769E082E002
:106700000E94FEF0F12C2091721330E08091570628
:10671000F81608F0D9C1EF2DF0E0AF01440F551F76
:10672000DA01AD50BA4F8C91FA01EB50FA4F9081DB
:1067300011961C91891396C1C181EC2EC1170CF4DE
:10674000E12EFE2D65E0F602C00111240E9682179F
:1067500093070CF4B7C11C170CF4C12F75E0C702E6
:10676000C00111240A96209174132817190609F004
:106770000CF4A8C1DC2FDD0FDD0FDC0FD55FCA01E3
:106780008D509A4F6C018091721390E0EC160CF4CE
:1067900099C12D2F0D2E000C330BA9014D5F5F4FBA
:1067A000481759079CF0809174138217130674F0F0
:1067B000F6018081682F660F660F680F6C5F04E03A
:1067C00024E04D2F8EE393E10E9474F1CF5FDB5FF5
:1067D000DACF223059F0C397233009F068CF909375
:1067E0005C0680935B0663CFC396F9CFCA01C3965C
:1067F00090935A06809359065ACFCA3008F062CF58
:10680000E0915706F0E0EE0FFF1FED50FA4FD083F6
:10681000C18380912F129091F105282F291B41F0FF
:106820008093F10581E012160CF080E00E94568002
:106830008091F205882309F453C081508093F205BA
:1068400040915706443008F4EAC050E0FA01EE0FD8
:10685000FF1FEF50FA4F8081DA01AA0FBB1FAD5026
:10686000BA4FFC90425051098F118DC0D12C119616
:106870005F016FEFA61AB60A2D2D30E024173507F9
:106880000CF0CDC08901000F111FB8016D507A4F77
:10689000FB019081F801EB50FA4F7F0120819217A4
:1068A00009F453C0392F29170CF4322F8317B4F091
:1068B00092170CF4922F98178CF00D501A4FF80184
:1068C000318121E0F501908139170CF020E091E051
:1068D0006C9163170CF490E02913F4CED394CCCFD1
:1068E0008091F3059091F505891327C08091F405F7
:1068F0009091F60521E089170CF02FEF820F80931D
:10690000F40598139DCF30915706315030935706B8
:1069100020E0822F90E0DC01AA0FBB1FAD50BA4FE0
:10692000880F991FFC01EB50FA4F808191818D9364
:106930009C932F5F321768F783CF21E089170CF003
:106940002FEF820F8093F305DCCF8913C7CF2C91F3
:10695000F5011081F7019181FB013181722F12172E
:106960000CF4712F692F93170CF4632F67170CF435
:10697000B5CF21170CF4212F39170CF4932F2917B9
:106980000CF4ACCF9FCEE12CDF0111962E2D30E020
:10699000241735070CF043C0B901660F771F8B0130
:1069A0000D501A4FF8019181FB01EB50FA4F2181F4
:1069B0003C919217D9F0E92F29170CF4E22F3E17DA
:1069C0009CF092170CF4922F931774F06D507A4F3D
:1069D000FB01308121E038170CF020E091E0F31644
:1069E0000CF490E029136ECEE394D0CF9313FCCF38
:1069F0009081F8012081682FF8160CF46F2D392F43
:106A000092170CF4322F36177CF3382F8F150CF4B5
:106A10003F2D29170CF4922F391734F353CE809160
:106A2000F0058D1357CE8091EF058C1353CE6CED8E
:106A300070E085E090E00E940F8868E171E085E0F9
:106A400090E00E940F888091ED059091EE050196EF
:106A50009093EE058093ED0582E08093F2050E940D
:106A6000318438CE412F440F440F140F155F412F4E
:106A7000012E000C550BBA016D5F7F4F6217730733
:106A80000CF12091741324171506E4F0D82F9817F1
:106A90000CF4D92FC82F89170CF4C92F6D2F660F4E
:106AA000660F6D0F85E0E82EE60ECD175CF06C5F8B
:106AB00004E024E0412F8EE393E10E9474F1DF5F54
:106AC0006E2DF0CFF3941FCE8091EF05682F660FE7
:106AD000660F680F655F862F062E000C990BAC01C0
:106AE0004D5F5F4F4217530784F0209174132817AE
:106AF00019065CF09091F005892F880F880F890F97
:106B000024E044E08C5F0E94FEF080914F098111E7
:106B100002C00E9449828091370910923709882368
:106B200061F0DF91CF911F910F91FF90EF90DF9077
:106B3000CF90BF90AF900C9489ACDF91CF911F9113
:106B40000F91FF90EF90DF90CF90BF90AF9008959E
:106B5000662319F091E090931102409395058C30D3
:106B600008F038C0E82F880FFF0B8827E554FA4457
:106B70008F4F0D94DA4DECB5C7B5D0B5EFB5D3B5A1
:106B8000D6B5D9B5E5B5DCB5EAB5DFB5E2B588E986
:106B90009BE821E020932C1240E060E00C9419CB9C
:106BA00088EA9BE8F6CF80EB9BE8F3CF88EB9BE885
:106BB000F0CF80EC9BE8EDCF88EC9BE8EACF80ED4E
:106BC0009BE8E7CF88ED9BE8E4CF1092940583EF34
:106BD00099E8DFCF0C94118C80E99BE8DACF80EA4A
:106BE0009BE8D7CF2F923F924F925F926F927F9206
:106BF0008F929F92AF92BF92CF92DF92EF92FF92CD
:106C00000F931F93CF93DF9300D01F921F92CDB7A6
:106C1000DEB761E081E00E94A48920912E122C83CE
:106C20002D83822F8B5F8A83922F91959B830DE911
:106C300014E281E0782E721A83E0682E621A82E0F4
:106C4000582E521A5AE8E52E54E2F52E63E7C62E66
:106C500064E2D62E70EFA72E74E2B72EEEEB8E2EE6
:106C6000E4E29E2E8C81811114C080912F0988232B
:106C700009F446C080914902882359F081E090913F
:106C80002F09911180E024E04FE455E26B810E94CE
:106C900061E68091971482FB222420F8422C82FD29
:106CA00007C04424439490913E16913009F0412C42
:106CB00083FB992790F99983312C83FF03C00E94AD
:106CC000E635382E442009F4B2C02C81213009F079
:106CD0005DC080912F098130C9F1809149028823DC
:106CE00061F081E090912F09913009F080E020E27D
:106CF00043E455E2672D0E9461E694E0492ECEC040
:106D00008091370910923709882309F4B3CF0E9484
:106D10002F8F80912A12882309F4ACCF0F900F9007
:106D20000F900F900F90DF91CF911F910F91FF90D7
:106D3000EF90DF90CF90BF90AF909F908F907F901B
:106D40006F905F904F903F902F90089580913709FA
:106D500010923709882309F2F0929506E092940682
:106D60000E94038460E08DE794E20E94488840E03E
:106D700061E080E00E94A8B5D0924707C092460724
:106D800080912A12882309F4A8CFC8CF8C81823041
:106D900031F580912F09823099F080914902882342
:106DA00061F081E090912F09923009F080E023E0BA
:106DB00048E355E2652D0E9461E684E0482E8AC0D2
:106DC0008091370910923709882339F38FE992E8C7
:106DD0000E94058C80912A128823F9F29FCF9C8112
:106DE00024E0422E933009F03FC080912F09833078
:106DF00079F080914902882301F381E090912F0975
:106E0000933009F080E023E043E355E2662D73CF31
:106E10008091370910923709882359F385ED90E95D
:106E20000E94058C80912A12882319F377CF8091D4
:106E30003E16823039F00E94E635882309F40AC1F3
:106E4000211008C12C8132E0432E213009F004C109
:106E500080912F09813009F4CBC0809149028111C2
:106E6000ECC042E0442E43948C81481217C08091BC
:106E70002F09841509F41AC180914902882371F001
:106E80006C819D81691B81E090912F092C81921367
:106E900080E023E046E055E20E9461E681E0840D57
:106EA0009C81891317C080912F09891709F40FC19C
:106EB00080914902882371F06C812D81621B81E0F1
:106EC00090912F092C81921380E023E048EF54E247
:106ED0000E9461E682E0840D9091190A91110CC024
:106EE000409147025091480220914B1230914C1230
:106EF000241735070CF40DC19C81891316C090919D
:106F00002F092C81921709F4F3C08091490288233C
:106F100061F06C818D81681B81E02C81921380E08F
:106F200020E240EE54E20E9461E683E0480E9C813C
:106F3000491217C080912F09841509F412C180915C
:106F40004902882371F06C812D81621B81E0909150
:106F50002F092C81921380E023E042EC54E20E943E
:106F600061E681E0840D9981992309F42DC13110E6
:106F700036C02C81821315C090912F09921709F405
:106F800001C180914902882361F06C818D81681B69
:106F900081E02C81921380E020E24FEA54E20E94CB
:106FA00061E682E0840D9C81891317C080912F09CE
:106FB000891709F4F8C080914902882371F06C8127
:106FC0002D81621B81E090912F092C81921380E02A
:106FD00023E041EA54E20E9461E683E0840D9C8153
:106FE0009F5F9C832A8192133DCE80932D1296CE73
:106FF0008091370910923709882309F42ECF0E9417
:10700000848810929B05109225020E94E635882301
:1070100041F08091971482FD04C0109347070093BC
:10702000460786E994E20E940FCA0F94C92880910E
:107030002A12882309F411CF71CE81E090912F0993
:10704000913009F080E020E24BE155E2672D0E948B
:1070500061E607CF442443948C81481204CF809189
:107060002F098415A1F080914902882309F4FBCEF1
:107070006C819D81691B81E090912F092C81921375
:1070800080E023E042E155E20E9461E6ECCE80918F
:10709000370910923709882331F38BE794E90E946E
:1070A000058C80912A128823F1F238CE809137091D
:1070B00010923709882309F4DFCE8AEE92E90E9404
:1070C000058C80912A12882309F4D6CE27CE809190
:1070D000370910923709882309F4EACE82ED97E93F
:1070E0000E94058C80912A12882309F4E1CE16CEE5
:1070F0008091370910923709882309F406CFB0929E
:107100004707A092460780912A12882309F4FDCEF2
:1071100005CE9C81891309CF80912F09891791F0A1
:1071200080914902882309F400CF6C812D81621B74
:1071300081E090912F092C81921380E023E040EDB3
:1071400054E2F1CE8091370910923709882341F338
:107150008AE79AE90E94058C80912A12882301F31C
:10716000DDCD8091370910923709882309F4E7CEE5
:107170008BE399E90E94058C80912A12882309F4F7
:10718000DECECCCD8091370910923709882309F4DF
:10719000F8CE909247078092460780912A12882362
:1071A00009F4EFCEBBCD80913709109237098823BF
:1071B00009F401CF84E49FE80E94058C80912A1293
:1071C000882309F4F8CEAACD9C81891317C0909129
:1071D0002F092C81921302C0109237098091490225
:1071E000882361F06C818D81681B81E02C81921372
:1071F00080E020E248E255E20E9461E682E0EECEC5
:10720000E3ECF5E01282339685E0E13EF807D1F732
:1072100008951092E6058AE08093E20583E080936A
:10722000E5058FE08093E805E1EBF5E08FE18083F1
:10723000818382830E9472800C9400B964E379EBAD
:1072400084E10E94EB8183E0809353098AE080937C
:10725000EC05109252090E9409B910925709109238
:10726000301210922F1208956F927F928F929F92F8
:10727000AF92BF92CF92DF92EF92FF920F931F9344
:10728000CF93DF9384E0809349028091B7068823EF
:1072900009F45CC080912F12909130128E319105CB
:1072A00014F08DE190E097FF02C090E080E09093B1
:1072B000301280932F12880F991F880F991F2091E9
:1072C0005709422F022E000C550B4817590764F43A
:1072D0002D5FAC01421B510927FD539542305105EA
:1072E0000CF499C12093570920915709422F022E7F
:1072F000000C550B841795076CF42350422F022E77
:10730000000C550B481B590B423051050CF486C13B
:107310002093570980914F098823C1F09091EB0584
:10732000992349F02091EA05920F9093EA05933F43
:1073300014F41092EB05823008F47AC181508093E6
:107340004F09823009F06DC10E9409B98091C706CA
:1073500082FF5EC38091EC0581508093EC058091A3
:10736000370910923709882331F080914F09811134
:1073700051C31092EC058091EC05811102C00E946E
:1073800089AC81E080935E13C091E2052C2F0C2E16
:10739000000C330B8091E105A9016AE08602400DE3
:1073A000511D1124CA010297409172134817190602
:1073B0000CF061C080917413821713060CF45BC04B
:1073C00071EB672E75E0772EE9EB8E2EE2E09E2EB4
:1073D0001EE11C0F8C2F0C2E000C990B9C01295FB9
:1073E0003F4F409172134217130609F0DCF52091CC
:1073F000741328171906B4F1D091E605F401C08082
:10740000D12CCC0CDD1CB12CA12CF301808190E09F
:10741000B0E0A0E00A2C04C0B695A7959795879593
:107420000A94D2F780FF16C0E090E705EC0CFD2C23
:10743000F11C54E0EE0CFF1C5A95E1F7A7014058EF
:10744000524E7A0108E022E04C2F6D2F8EE393E13B
:107450000E9493F45FEFA51AB50AD25F65E0A61605
:10746000B10499F6C65F8FEF681A780A9FEF891A00
:10747000990AC113AFCF8091EB05882389F08091E1
:107480007213883068F446E7E42E4DE1F42E05E0EF
:1074900022E042E06091EA058EE393E10E9493F4DA
:1074A00080914F098823C9F0909172139F33A8F4FB
:1074B00090917413973388F0823010F081FF0DC0E3
:1074C00036E6E32E3DE1F32E08E022E047E360914B
:1074D00057098EE393E10E9493F480915209882327
:1074E000C9F060915109862F062E000C990B9C0162
:1074F0002D5F3F4F409172134217130609F054F469
:1075000020917413281719062CF044E0809150093B
:107510000E947EF0C3ECD5E001EE15E08A8188235D
:10752000B1F06981862F062E000C990B2091721301
:107530002817190609F05CF4029720917413281794
:1075400019062CF0625043E088810E947EF0239659
:107550000C171D0719F780915609882329F14091CE
:107560005509842F042E000C990B9C012A5F3F4F74
:10757000509172135217130609F0B4F4209174134A
:10758000281719068CF028E5E22E2DE1F22E07E0EF
:1075900022E0609154098EE393E10E9493F480917C
:1075A000560981508093560980914F09811102C07C
:1075B0000E944982809172138A3008F03EC2109274
:1075C000751389E0809376138091ED059091EE0517
:1075D0000E94C63580915309882309F42EC2C1E068
:1075E00090E1C92ED12C809153098C1708F425C243
:1075F000B6016C1B7109660F660F660F83E5E82EF6
:107600008DE1F82E05E021E041E08EE393E10E9458
:1076100093F4CF5FE8CF8093570966CE80935709E4
:1076200079CE843609F092CE81E080934F098ECED8
:107630008091E9058F5F8093E9059091E805292FF6
:1076400030E0359527958217130609F00CF494C0A5
:107650008091E70521E082278093E7051092E905F4
:10766000992309F489C08091E5059091E605980F6A
:107670002091E405921724F02091E3052917CCF41A
:1076800081958093E5058091E2058B5F8093E2050B
:107690009093E6052091E105082E000C990B3AE045
:1076A0002302800D911D1124C9971CF084E10E94D2
:1076B000F4E68091E6059091E505890F8093E60553
:1076C0008091E805882309F457C064E170E080E008
:1076D00090E00E9463EF672B682B692B09F04CC088
:1076E000E3ECF5E0D0E0C0E082818111C3C060919D
:1076F000E80570E06F5F7F4F072E000C880B990B39
:107700000E9463EF6C547A4FFB019081492F50E047
:10771000F4E055954795FA95E1F7FA01E754FD4FE6
:10772000208130E0BE01660F771FC60FD71FCD53F3
:10773000DA4F9F708091E605FEE09F9F800D112437
:10774000F901EA54FD4F9081890F2D543D4FF90105
:1077500090819695890F88838091E205FAE04F9F8A
:10776000800D1124885F898362E070E080E090E002
:107770000E9463EF6E5F6A8320915209222349F0D1
:1077800080915109280F2093510927FF7AC0109248
:107790005209C3ECD5E001EE15E08A81882339F067
:1077A0009981890F898380340CF415C11A8223963C
:1077B0000C171D0791F78091EB0581111BC064EF39
:1077C00071E080E090E00E9463EF672B682B692BEB
:1077D00089F462E070E080E090E00E9463EF672B44
:1077E000682B692B09F40FC181E08093EB0583EFCF
:1077F0008093EA0580915209882309F4A7CD8091EE
:10780000EB05882309F4A2CD8091510987300CF053
:107810009DCD209150098091EA0528170CF496CD52
:10782000022E000C330B082E000C990B0C968217BD
:1078300093070CF48BCD1092EB05109252098091B6
:10784000ED059091EE050A969093EE058093ED0577
:107850006AE070E088E290E00E940F888091EA057B
:107860008F5F8093540981E08093550984E0809371
:1078700056096CCD21963396CA30D10509F034CF24
:107880007BCF0091E20520170CF483CF022E000C71
:10789000330B002E000C110BC8014D968217930775
:1078A0000CF477CFC0915009AC2E0C2E000CBB0805
:1078B000D091E605C5018D1B9109D7FD93956EE02A
:1078C00070E00F94C64DE62E44E0461708F461CFF1
:1078D000201B310BC90102966AE070E00F94C64D7F
:1078E000F62E52E0561708F454CF41E050E060E025
:1078F00070E00E2C04C0440F551F661F771F0A94BA
:10790000D2F7AF2D0F2C000CBB0B8D010F541A4F6B
:10791000F801D0808D2D842309F43BCFCD0187540D
:107920009D4FFC01208130E0FEE0EF9ED00D112440
:10793000C9018A549D4FFC018081D80FCD170CF4EA
:1079400028CF2D543D4FF901C0818C2F90E08D0F31
:10795000911DD7FD9A95A816B9060CF01ACF109272
:107960005209942F90959D21F801908323E030E0F7
:107970002A1B3B0B8091ED059091EE05820F931F22
:107980009093EE058093ED056AE070E088E290E068
:107990000E940F889091E205FAE0FF9E900D11245D
:1079A0008C2F86958D0F855080935409909355099F
:1079B00084E0809356098091E80581508093E80522
:1079C000882319F00E947280E4CE84E180934F09ED
:1079D0000E9400B9DECE87330CF4E9CE2881809175
:1079E000570928170CF4E3CE022E000C330B082E97
:1079F000000C990B0A96821793070CF4D8CE88E7EF
:107A00000E94F4E6D4CE8FEF8093EB058FE7F0CEA3
:107A10008AE0A3CC813009F0AECC8091520981116B
:107A2000AACC809157098B5F8093500984E380939F
:107A300051098CEF809352099ECCDF91CF911F9119
:107A40000F91FF90EF90DF90CF90BF90AF909F90FD
:107A50008F907F906F900895AF92BF92CF92DF92F8
:107A6000EF92FF920F931F93CF93DF93EC015B0193
:107A70008A01FB01199587FD16C0C82ED12CF12C67
:107A8000E12C2196F801C082D182E282F382CE01FC
:107A9000DF91CF911F910F91FF90EF90DF90CF90EA
:107AA000BF90AF900895982F907E903CA9F48F716D
:107AB00090E0B0E0A0E06C017D0126E0CC0CDD1C84
:107AC000EE1CFF1C2A95D1F7CE010196F501199500
:107AD0008F73C82A2296D6CF982F907F903E11F5AB
:107AE0008F7090E0B0E0A0E06C017D0186E0CC0CEE
:107AF000DD1CEE1CFF1C8A95D1F7CE010196F50125
:107B000019958F73C82A96E0CC0CDD1CEE1CFF1C67
:107B10009A95D1F7CE010296F50119958F73C82A6F
:107B20002396B0CF982F987F903F79F5877090E09B
:107B3000B0E0A0E06C017D01F6E0CC0CDD1CEE1C99
:107B4000FF1CFA95D1F7CE010196F50119958F73B7
:107B5000C82AA6E0CC0CDD1CEE1CFF1CAA95D1F7B0
:107B6000CE010296F50119958F73C82AB6E0CC0CA8
:107B7000DD1CEE1CFF1CBA95D1F7CE010396F50172
:107B800019958F73C82A24967DCF982F9C7F983F94
:107B9000E1F5837090E0B0E0A0E06C017D0156E07B
:107BA000CC0CDD1CEE1CFF1C5A95D1F7CE010196C2
:107BB000F50119958F73C82A66E0CC0CDD1CEE1C0C
:107BC000FF1C6A95D1F7CE010296F50119958F73C6
:107BD000C82A76E0CC0CDD1CEE1CFF1C7A95D1F790
:107BE000CE010396F50119958F73C82AE6E0CC0CF7
:107BF000DD1CEE1CFF1CEA95D1F7CE010496F501C1
:107C000019958F73C82A25963DCF982F9E7F9C3F4C
:107C100009F049C0817090E0B0E0A0E06C017D0106
:107C200086E0CC0CDD1CEE1CFF1C8A95D1F7CE0142
:107C30000196F50119958F73C82A96E0CC0CDD1CCE
:107C4000EE1CFF1C9A95D1F7CE010296F50119950D
:107C50008F73C82A26E0CC0CDD1CEE1CFF1C2A9575
:107C6000D1F7CE010396F50119958F73C82A36E036
:107C7000CC0CDD1CEE1CFF1C3A95D1F7CE0104960E
:107C8000F50119958F73C82A46E0CC0CDD1CEE1C5B
:107C9000FF1C4A95D1F7CE010596F50119958F7312
:107CA000C82A2696EFCE982F907C903841F4807C9D
:107CB000803869F42196CE01F5011995F8CF8E7FB1
:107CC0008D3F28F02196CE01F5011995F8CFC12CF2
:107CD000D12C7601D7CE4F925F926F927F928F9286
:107CE0009F92BF92CF92DF92EF92FF920F931F93DA
:107CF000CF93DF9300D000D01F921F92CDB7DEB795
:107D00007C016A014901FB0190818CE0989F800D04
:107D10001124982FF7012081822F880F820F880F5E
:107D200080937513909376134115510571F1FA8282
:107D3000E9827C836B83011121C0AE014B5F5F4FF1
:107D4000B401C6010E942CBD6C016D817E818F81C2
:107D500098856115710581059105B9F00E94CC33B4
:107D6000F70180818F5F8083853138F3CE010196E2
:107D70000E94317FE2CFB12C860129C08A01B12C4B
:107D800026C0452846284728B1F728960FB6F8940C
:107D9000DEBF0FBECDBFDF91CF911F910F91FF903E
:107DA000EF90DF90CF90BF909F908F907F906F90DB
:107DB0005F904F900895B39407C0B1102EC0011585
:107DC0001105C9F20F5F1F4F01151105A9F2AE0190
:107DD0004B5F5F4FB401C6010E942CBD6C014D800A
:107DE0005E806F8078844114510461047104A9F0AD
:107DF000F0E24F16510461047104F9F2D301C2019B
:107E00008D97A109B1090297A105B10530F04BE2A8
:107E1000441651046104710471F6F7018081482F02
:107E20004B0D5527551F4631510534F0853020F054
:107E3000CE0101960E94317F81E04114510461041A
:107E4000710409F480E0B80EF70180818B0D808306
:107E5000BB2009F496CFBA94AE014B5F5F4FB401DB
:107E6000C8010E942CBD8C016D817E818F81988517
:107E70000E94CC33EDCF1F93CF93DF9300D01F929E
:107E8000CDB7DEB710E0AE014F5F5F4F63E371E83F
:107E90000E942CBD49815A816B817C81452B462BE8
:107EA000472B11F01F5FEFCF812F0F900F900F9096
:107EB0000F90DF91CF911F9108952F923F924F9293
:107EC0005F926F927F928F929F92AF92BF92CF926A
:107ED000DF92EF92FF920F931F93CF93DF93CDB773
:107EE000DEB72D970FB6F894DEBF0FBECDBF109250
:107EF00036098091370910923709882361F140E0F3
:107F000060E082EF95EB0E9419CB81E080939A05A7
:107F100082EB98E290933A128093391210923C12BD
:107F200010923B122D960FB6F894DEBF0FBECDBF58
:107F3000DF91CF911F910F91FF90EF90DF90CF9045
:107F4000BF90AF909F908F907F906F905F904F9079
:107F50003F902F9008952091550230915602409104
:107F60002F1250913012CA01820F931F243631050F
:107F700009F0BCC34730510544F006978A3091059B
:107F80000CF0C3C38AE090E0CAC306964A3F5F4F35
:107F9000ACF38091B706882309F429C160914B1294
:107FA00070914C12072E000C880B990B0F945749B7
:107FB00011E020914712309148124091491250919E
:107FC0004A120F944A5018160CF010E06091A31654
:107FD0007091A416072E000C880B990B0F9457492B
:107FE00020919F163091A0164091A1165091A21693
:107FF0000F944A5018160CF410681093B206C090F3
:108000002F02D0903002E0903102F090320220E056
:1080100030E0A901C701B6010F94504920E030E0DB
:1080200040E05FEB87FD04C020E030E040E05FE32C
:10803000C701B6010F94EA4D0F94564FCB010F9430
:10804000C52CBC018DEA96E00F944A51C0903302D2
:10805000D0903402E0903502F090360220E030E01B
:10806000A901C701B6010F94504920E030E040E07B
:108070005FEB87FD04C020E030E040E05FE3C70134
:10808000B6010F94EA4D0F94564FCB010F94C52CB7
:10809000BC0188EA96E00F944A51C0903702D09014
:1080A0003802E0903902F0903A0220E030E04AE7EE
:1080B00054E4C701B6010F94B6494B015C0120E0BE
:1080C00030E0A901C701B6010F94504920E030E02B
:1080D00040EA50EC87FD04C020E030E040EA50E484
:1080E000C501B4010F94EA4D20E030E040E251E4D4
:1080F0000F94E44E0F94564F6B017C0180E2F7FE23
:1081000009C0F094E094D094C094C11CD11CE11C2F
:10811000F11C8DE28093470960E2F0E1CF16F7E2AF
:10812000DF06E104F1048CF0C701B60120E137E27B
:1081300040E050E00F94654DCA01B9012AE030E0FB
:1081400040E050E00F94654D605D6093480960E247
:1081500028EEC21623E0D206E104F1048CF0C70138
:10816000B60128EE33E040E050E00F94654DCA01BF
:10817000B9012AE030E040E050E00F94654D605DC9
:1081800060934909C701B60124E630E040E050E0C1
:108190000F94654D9AE0892E912CA12CB12CCA0127
:1081A000B901A50194010F94654D605D60934A0982
:1081B000C701B601A50194010F94654D162FCA01A0
:1081C000B901A50194010F94654D112309F4B3C2BF
:1081D0008EE280934B09605D60934C09105D1093B3
:1081E0004D0967E479E080EA96E00F944A510E94D5
:1081F0003681D82E81E00E9460338091B20648E03B
:108200000CE087FD02C042E102E0909172139431CC
:1082100078F490917413941758F087FF9EC28EE8FB
:1082200098E27C0123E060E58EE393E10E9493F401
:10823000809172138431B8F480917413823098F075
:10824000DD2009F48DC28091080A882309F488C2D0
:1082500082E598E27C0102E123E042E068E68EE3F9
:1082600093E10E9493F4809172138C3108F049C11C
:108270008090471290904812A0904912B0904A12F4
:1082800060904B1270904C12843198F4809174136A
:10829000883078F08091B20680FF65C284E098E271
:1082A0007C010CE022E048E068E08EE393E10E946C
:1082B00093F4809172138830E0F5D11004C080915E
:1082C0002812811136C0B301770C880B990B0F94DB
:1082D000574920E030E040E05FE30F94EA4D0F940F
:1082E000564FCB010F94442DFC01808193E08032E6
:1082F00029F4818192E0803209F491E0892F880F7E
:10830000880F492F481B842F815F8093751387E066
:108310008093761323E030E0291B3109CF01820FCF
:10832000931F0E94E93469E070E080E090E00E94D1
:10833000CC33809172138C31B0F5809174138531F8
:1083400090F120E030E040E05FE3C501B4010F941C
:10835000EA4D0F94564FCB010F94442DFC018081C0
:1083600093E0803229F4818192E0803209F491E037
:10837000892F880F880F692F681B862F815F809354
:1083800075138CE18093761323E030E0291B3109CB
:10839000CF01820F931F0E94E93469E070E080E012
:1083A00090E00E94CC3380909F169090A016A090F1
:1083B000A116B090A21680917213883008F040C0C8
:1083C000D11004C08091231281113AC06091A3168C
:1083D0007091A416072E000C880B990B0F94574927
:1083E00020E030E040E05FE30F94EA4D0F94564FF9
:1083F000CB010F94442DFC01808193E0803229F45D
:10840000818192E0803209F491E0892F880F880FF2
:10841000292F281B822F845A8093751387E080931D
:10842000761323E030E0291B3109CF01820F931F1F
:108430000E94E93469E070E080E090E00E94CC3373
:10844000809172138C31B0F580917413853190F165
:1084500020E030E040E05FE3C501B4010F94EA4D55
:108460000F94564FCB010F94442DFC01808193E073
:10847000803229F4818192E0803209F491E0892FE1
:10848000880F880F492F481B842F845A80937513B7
:108490008CE18093761323E030E0291B3109CF0172
:1084A000820F931F0E94E93469E070E080E090E061
:1084B0000E94CC33809172138C3118F58091741323
:1084C0008531F8F08091080A8823D9F097E69093D7
:1084D00075139CE19093761364E6869FC001112486
:1084E00081589F4F6FEF70E00F94C64DCB010F94F2
:1084F000442D0E94E93465E270E080E090E00E9443
:10850000CC330E94E635882379F18091721384334D
:1085100058F5809174138A3238F107E028E04AE276
:108520006AE28EE393E10E9474F105E022E04CE2FE
:1085300062E38EE393E10E9474F124E04AE061E398
:108540008AE20E94FEF0609140137091411382E331
:1085500080935A138BE280935B132AE533E142E365
:108560008EE393E10E94B0EF80917213853350F453
:1085700080917413813330F024E04AE461E386E3B0
:108580000E94FEF08091971482FF2AC00E94E63577
:10859000882309F4EBC080918F1490919014A091DE
:1085A0009114B09192140097A105B10509F4DEC0B1
:1085B000BC01CD016D597F4F8F4F9F4F24E630E0B6
:1085C00040E050E00F94434D6091931470919414E7
:1085D00080919514909196140F94434D2093990592
:1085E00060919905623010F1809172138433F0F438
:1085F000809174138233D0F088E4689FB001112415
:10860000072E000C880B990B0F9457492AE037ED81
:1086100043E25CE30F94B6490F945D4F262F02E0CE
:1086200042E367E38EE393E10E9474F18091721359
:108630008F3208F0C1C080917413883208F4BCC036
:108640000F947C284B015C0120E13EE040E050E0CB
:108650000F94434DC22E732EE22EF32E8CE3282E60
:10866000312C412C512CC501B401A20191010F9470
:10867000434DCA01B901A20191010F94434D662EE9
:10868000572E8E010F5F1F4F90E8891691E59906CE
:1086900091E0A906B10408F46BC0C501B40120E85B
:1086A00031E541E050E00F94434D59015F926F92E4
:1086B000C70168E170E00F94B24D9F938F933F9391
:1086C0002F9381ED97E29F938F931F930F930F94B6
:1086D000E7480FB6F894DEBF0FBECDBF89E0FAE0E1
:1086E000AF16B10408F05BC088E059C024363105EC
:1086F0004CF485369105E4F48A30910534F48AE02F
:1087000090E009C0843691059CF0883EE3E09E0726
:1087100014F087EE93E02817390709F43ACC9093C8
:108720005602809355021092301210922F1231CCC3
:1087300084E690E0F4CF662351F08EE280934B09FB
:10874000605D60934C0980E280934D094ACD80E2E0
:1087500080934C0980934B09F6CF88E898E261CD6D
:108760008CE198E277CD8CEE97E29ACD20E036CF7F
:1087700024E6E216F10408F0DBC05F926F927F926C
:10878000CF9287EC97E29F938F931F930F930F9451
:10879000E7480FB6F894DEBF0FBECDBF85E0982F37
:1087A000990F990F891B855A809375138FE28093D7
:1087B0007613C8010E94E93480917213863208F062
:1087C00064C0809174138E3108F45FC008E020E823
:1087D0004EE160E08EE393E10E9474F180917213A8
:1087E000863208F052C0809174138F3108F44DC066
:1087F00010925E1383E08093751315E21093761345
:1088000068E570E080E090E00E94CC338BE08093DC
:10881000751310937613DD2009F49DC08DEA96E060
:108820000E94E93488E28093751315E21093761361
:1088300069E570E080E090E00E94CC3380E38093B3
:10884000751310937613DD2009F4A5C088EA96E02D
:108850000E94E9348DE48093751315E2109376132A
:108860006AE570E080E090E00E94CC3385E580937B
:10887000751310937613DD2009F4AFC080EA96E0FB
:108880000E94E93481E080935E13809172138233F9
:1088900048F5809174138B3228F183E00E94603395
:1088A00083E08093751312E31093761366E070E013
:1088B00080E090E00E94CC3381E00E9460338CE045
:1088C0008093751310937613809155029091560200
:1088D0000F94442D0E94E93465E270E080E090E05E
:1088E0000E94CC3380917213813408F01BCB8091AD
:1088F0007413873308F416CB109275138EE38093AC
:1089000076138BED91E10E943BBF182F863108F062
:1089100088C08BED91E10E94E934153109F402CB56
:1089200060E270E080E090E00E94CC331F5FF5CF02
:108930005F926F927F92CF928FEB97E29F938F938C
:108940001F930F930F94E7480FB6F894DEBF0FBE46
:10895000CDBF86E024CF8091CE0980FD13C00DEA03
:1089600016E0F80161918F01662309F45BCF6F3245
:108970000CF06FE3062E000C770B880B990B0E940E
:10898000CC33EFCF8091B90980FD48CF87EE97E2D5
:108990000E948E3447CF8091CE09869580FD13C00A
:1089A00008EA16E0F80161918F01662309F452CFBD
:1089B0006F320CF06FE3062E000C770B880B990BCF
:1089C0000E94CC33EFCF8091B909869580FD3ECFD0
:1089D00087EE97E20E948E343DCF8091CE09869536
:1089E000869580FD13C000EA16E0F80161918F01C1
:1089F000662309F447CF6F320CF06FE3062E000CAC
:108A0000770B880B990B0E94CC33EFCF8091B9097B
:108A10008695869580FD32CF8FED97E20E948E3449
:108A200031CFE090DA11F12CC70185529E4E7C01C6
:108A30000E943BBF182F60E870E0C7010E9492348B
:108A4000153130F56EE270E080E090E00E94CC33AA
:108A50001431F1F06EE270E080E090E00E94CC33DF
:108A60001331B1F0212F30E02E5F3F4F4AEF420328
:108A7000B001439F700D112460587F4F8BED91E141
:108A80000E94923460E270E080E090E00E94CC337B
:108A900080919F06D81609F445CAD0929F068BEDA7
:108AA00091E10E943BBF9091DA11981760F49F5FAB
:108AB000E92FF0E0E552FE4E8081807C8038B9F3EA
:108AC0009093DA112FCA1092DA112CCA1F93CF9308
:108AD000DF9300D01F92CDB7DEB710E0AE014F5F3D
:108AE0005F4F60E371E80E942CBD49815A816B8120
:108AF0007C81452B462B472B11F01F5FEFCF812F39
:108B00000F900F900F900F90DF91CF911F910895CC
:108B1000089580E008953FB7F8948091A115909151
:108B2000A215A091A315B091A41526B5A89B05C0C8
:108B30002F3F19F00196A11DB11D3FBFBA2FA92FDC
:108B4000982F8827BC01CD01620F711D811D911DD9
:108B500042E0660F771F881F991F4A95D1F7089545
:108B6000AF92BF92CF92DF92EF92FF920F931F933B
:108B7000CF93DF936C017B018B01040F151FEB0179
:108B80005E01AE18BF08C017D10759F06991D60130
:108B9000ED91FC910190F081E02DC6011995892B92
:108BA00079F7C501DF91CF911F910F91FF90EF9061
:108BB000DF90CF90BF90AF900895DC011696ED91B5
:108BC000FC91179712968C911297481B15968C91D1
:108BD000483018F0E80FF11D4770382F369536955C
:108BE0003695562F577080E890E002C0959587958E
:108BF0005A95E2F7439F402D112466956695669538
:108C0000460F5527551FE40FF51F3081222319F019
:108C1000832B8083089580958323FBCF0B96FC01E3
:108C2000849108950A96FC0184910895FC01849131
:108C300008950E9416C6882321F0823011F083E047
:108C4000089586E00895FC01E60FF11D849190E0FF
:108C5000982F88273196E4918E0F911D089568E032
:108C60000C9423C666E00C9423C681E008950F930C
:108C7000FC010150040F84A996A9941788F00817E5
:108C800010F4041778F42150260F83A995A996179C
:108C900058F0281760F481E0261720F40F9108950A
:108CA000081778F780E0FACF2817A8F7FBCF81E004
:108CB000F5CFFC0120E03EE2DB014D91BD014032E9
:108CC00049F0283011F430833196DB0111974C9133
:108CD000408331962F5F2B3079F7108208954F92A1
:108CE0005F926F927F928F929F92AF92BF92CF923C
:108CF000DF92EF92FF920F931F93CF93DF9325E2C2
:108D000036E130938B1120938A1110921E1642E0A7
:108D100050E060E070E040930716509308166093AF
:108D2000091670930A1610928911109285111092EB
:108D3000861110928711109288114FEF5FEFBA01E0
:108D40004093811150938211609383117093841129
:108D5000882309F481C040E060E070E0CB010E940C
:108D600084FF811113C0C0E08C2FDF91CF911F9140
:108D70000F91FF90EF90DF90CF90BF90AF909F90BA
:108D80008F907F906F905F904F90089580913F11EA
:108D90008F7749F780914B1190914C11A0914D1113
:108DA000B0914E1184369105A105B105E0F2C09055
:108DB0004711D0904811E0904911F0904A11C11428
:108DC000D104E104F10479F240E0C701B6010E9448
:108DD00084FFC82F882339F280918C0F90918D0FDA
:108DE0008115924009F0BFCFA091910FAA2309F4F9
:108DF000BACF60918F0F7091900F6115710509F4D2
:108E0000B2CF80908E0F882009F4ADCFA0931916B1
:108E100080920B1690E080E0912CB12CA12C412C7B
:108E2000512C32014394D82F93018201082E04C0A3
:108E3000000F111F221F331F0A94D2F780169106CC
:108E4000A206B30669F021E0280F0196893091054A
:108E500051F72093141687CFC12CD12C7601B4CFB3
:108E6000809314162091970F3091980F50E040E0B6
:108E70002115310541F42091A50F3091A60F4091A5
:108E8000A70F5091A80F20930C1630930D16409306
:108E90000E1650930F1646015701860E971EA11C01
:108EA000B11C80921A1690921B16A0921C16B092BA
:108EB0001D16E091920FF091930FF0932016E0931E
:108EC0001F16B0E00F94844DDC01CB01880D991D75
:108ED000AA1DBB1D8093211690932216A0932316E2
:108EE000B093241625E0EE0FFF1F2A95E1F7E1501D
:108EF000FE4FEF2FFF27E6958E0F9F1FA11DB11D7F
:108F00008093151690931616A0931716B093181603
:108F10008090940F9090950FB12CA12C8114910406
:108F200041F48090A10F9090A20FA090A30FB09059
:108F3000A40FC81AD90AEA0AFB0AC80CD91CEA1CF1
:108F4000FB1C04C0F694E794D794C794DA95D2F743
:108F5000C0921016D0921116E0921216F0921316CB
:108F600085EFC8168FE0D806E104F10420F48CE008
:108F700080931E16F8CE80E125EFC2162FEFD206A1
:108F8000E104F10488F08091AD0F9091AE0FA091B3
:108F9000AF0FB091B00F8093211690932216A0933B
:108FA0002316B093241680E280931E16DDCE2F92F6
:108FB0003F924F925F926F927F928F929F92AF9269
:108FC000BF92CF92DF92EF92FF920F931F93CF93B6
:108FD000DF93CDB7DEB7AE970FB6F894DEBF0FBE06
:108FE000CDBF682FCE0141960E945E434F8D49A3AD
:108FF000442309F4DFC0423009F0F5C08FEF90E060
:109000009BA38AA349895A895EA74DA78B899C890E
:109010009EA38DA380E1ECECF2E0DE0111960190BD
:109020000D928A95E1F7FE013196F8A7EFA311E0C2
:109030001CA2EE24EA94F12CBDEF2B2E312C01E082
:10904000412C84E2582E84EF682E712CF9A1F23065
:1090500009F4CEC0033009F47EC0053009F47BC0AA
:10906000EFA1F8A582819381FAE7F89F9001F99F1B
:10907000300D112450E040E0C301B2010F94654D62
:10908000C901019736952795CC24C394D12C00971C
:1090900031F0CAA0DBA08C159D0508F46C01882472
:1090A0008394912C2115310531F08AA09BA02815BD
:1090B000390508F44901EFA1F8A5A280B380C601E3
:1090C00001968A9D90018B9D300D9A9D300D112443
:1090D00050E040E0C301B2010F94654D29A73AA7C3
:1090E0004BA75CA7AA0CBB1CA89C9001A99C300DA7
:1090F000B89C300D112450E040E0C301B2010F9440
:10910000654DF101EA57F109F7FF03C0F195E195CB
:10911000F10969A57AA56A57710977FF03C07195AE
:1091200061957109C9018A57910997FF03C091950B
:10913000819591096E177F070CF060C0861797071D
:109140000CF45CC0F9A129A43AA40CA376011EE09A
:10915000F23009F413E00F5FEFA1F8A53296F8A7FB
:10916000EFA3083009F072CFEDA5FEA580818C7FBA
:10917000912F9370892B8083EDA1FEA12081812FF7
:1091800090E0959587959595879543E0880F991F71
:109190004A95E1F7277E822B80839081987F8CA16E
:1091A0008770892B8083F9A1F23021F0ED8DFE8D3F
:1091B000F182E082AE960FB6F894DEBF0FBECDBF4F
:1091C000DF91CF911F910F91FF90EF90DF90CF90A3
:1091D000BF90AF909F908F907F906F905F904F90D7
:1091E0003F902F900895EFEFFFEFFBA3EAA30ACF84
:1091F000CC24CA94D12C2FEF30E057CF8E179F0785
:109200000CF0A9CF89A119010CA374011AE08230D6
:1092100009F0A1CF11E09FCFCF93DF93CDB7DEB799
:1092200080911E12811110C09E01275F3F4F4F8118
:10923000588562E470E08BED91E10F94174910922C
:10924000DA1183E080934902DF91CF9108952F9244
:109250003F924F925F926F927F928F929F92AF92C6
:10926000BF92CF92DF92EF92FF920F931F93CF9313
:10927000DF9300D000D01F921F92CDB7DEB7D82E5B
:109280007B011A0128013901CC24C39420E030E08D
:1092900040EA50E4C301B8010F9450498111C12C38
:1092A0000E944F3784E0D89E80011124F801E654D3
:1092B000F64F80819181A281B3818D839E83AF839C
:1092C000B8872C2D41E0B7018D2D0E9459374B01F5
:1092D0005C012114310451F120E030E040EA50E417
:1092E000C301B2010F945049882301F16627772703
:1092F0006E197F092C2D40E08D2D0E945937A50154
:1093000094010F94E94D2B013C0120E030E0A901CC
:109310000F944A5087FF04C077FA709477F87094DE
:10932000D1014D925D926D927C921397F801E654B3
:10933000F64F8D819E81AF81B88580839183A28312
:10934000B38380E090E0A8E4B2E489839A83AB839E
:10935000BC83E090C209F090C3090091C409109148
:10936000C5092091BE093091BF094091C0095091B3
:10937000C1096091BA097091BB098091BC099091B3
:10938000BD09DE0111966D010F942C20C501B401B9
:1093900028960FB6F894DEBF0FBECDBFDF91CF91F8
:1093A0001F910F91FF90EF90DF90CF90BF90AF9003
:1093B0009F908F907F906F905F904F903F902F90F5
:1093C00008950F931F93CF93DF938B01EA01DB0185
:1093D0006D917C910F94F002D801ED91FC91119761
:1093E00088819081992349F08936A0F43196ED93D4
:1093F000FC9388818F5F8883EFCF893658F48FE2A2
:109400008083F80180819181019691838083888196
:109410008F5F8883DF91CF911F910F910895CF9334
:10942000DF93EC0186E491E30E948E44CE010E941A
:109430008E448AE0DF91CF910C943D442F923F926D
:109440004F925F926F927F928F929F92AF92BF9254
:10945000CF92DF92EF92FF920F931F93CF93DF9300
:10946000CDB7DEB767970FB6F894DEBF0FBECDBF9E
:109470004C012A013B013F8B2E8B198A1A8A1D86CB
:109480001E861F86188ADB01CA0137E0B695A795AC
:10949000979587953A95D1F79A878987842F8F7703
:1094A0008B8B80588B878C879FEF49165104610402
:1094B000710491F088F000913B1210913C12809160
:1094C000391290913A129D8B8C8BAA24A394B12CC3
:1094D0000115110509F04CC0498AB401AE014F5E77
:1094E0005F4F8E899F890E946A2F67960FB6F89406
:1094F000DEBF0FBECDBFDF91CF911F910F91FF90C7
:10950000EF90DF90CF90BF90AF909F908F907F9023
:109510006F905F904F903F902F9008958217930720
:1095200010F19C818B85981708F443C09B818C8532
:109530008917C8F06091391270913A12620D731D4B
:1095400048E050E0CE0109960F9489486F857889EC
:109550006115710509F28616970609F4BFCF8B894C
:109560008068898BBBCF86010A151B0508F4B4CF30
:109570007501E00EF11EF694E794670191E0C91AB7
:10958000D108160193E0220C331C9A95E1F76C89FF
:109590007D89620D731D48E050E0CE0101960F9465
:1095A000894829813A8189859A852817390708F0E1
:1095B000B5CF57018FEFA81AB80AD6CFAF92BF9296
:1095C000CF92DF92EF92FF920F931F93CF93DF938F
:1095D00000D01F92CDB7DEB77C018B015A01690123
:1095E00019821A821B821C82AE014F5F5F4FB50148
:1095F000C8010E942CBD8C0149815A816B817C81FC
:10960000411551056105710529F09601C7010E94B8
:109610001ECAE6CF0F900F900F900F90DF91CF9161
:109620001F910F91FF90EF90DF90CF90BF90AF9080
:1096300008950F931F9320913813309139132817F1
:10964000390769F1009135121091361220913712C5
:10965000309138120093311210933212209333124A
:109660003093341290933913809338131092301240
:1096700010922F1260932E1240932D128D559F4BF6
:1096800021F410922C1210922B1282E08093490246
:1096900081E080932A1210922912109206161F91CF
:1096A0000F9108958F929F92AF92BF92CF92DF92C7
:1096B000EF92FF920F931F93CF93DF93B0E2A0E05E
:1096C0006A2F70E0AB014B0F511D55954795411125
:1096D00019C0E1E1F9E265917491072E000C880B45
:1096E000990B0F945749DF91CF911F910F91FF90E4
:1096F000EF90DF90CF90BF90AF909F908F900895A4
:10970000B42FE0CF4A1711F0B41303C0EDE8F9E22B
:10971000E2CF9A0121503109220F331F220F331F4C
:10972000F901E15FF64DE590F490F901ED5EF64D3B
:10973000C591D4918E159F051CF3A42FC817D90786
:109740000CF4BECFF901EF5EF64D05911491F901CD
:10975000EB5EF64DC590D490BC016E197F09072EC3
:10976000000C880B990B0F9457494B015C01B60113
:10977000601B710B072E000C880B990B0F94574937
:109780009B01AC01C501B4010F94B6494B015C01CA
:10979000BE016E197F09072E000C880B990B0F94E0
:1097A00057499B01AC01C501B4010F94E44E6B0114
:1097B0007C01B801110F880B990B0F9457499B013D
:1097C000AC01C701B6010F94EA4D8DCF90E0FC01CA
:1097D000EB54FF4C2491815A9F4CFC0184918823C7
:1097E00099F090E0880F991FFC01EB5BFF4CA5916D
:1097F000B491FC01E55DFF4C859194918FB7F8948D
:10980000EC91E22BEC938FBF0895CF93DF932091DF
:109810001E1221111FC0FC0101900020E9F73197B1
:10982000EF01C81BD90BC334D1052CF02291207C49
:109830002038E1F3F5CFBC01DD27AE018BED91E1DE
:109840000F945F51C552DE4E18821092DA1183E0F8
:1098500080934902DF91CF9108952F923F924F92CA
:109860005F926F927F928F929F92AF92BF92CF92B0
:10987000DF92EF92FF920F931F93CF93DF931F928C
:109880001F92CDB7DEB76C012DB73EB73A8329835F
:109890008091F615811107C01092DB151092DE152C
:1098A00081E08093F6158091D315811107C0109245
:1098B000B8151092BB1581E08093D315FB01808110
:1098C0008F3209F072C080E992E1F60191838083C2
:1098D00010928D146F5F7F4FF601208031808B01D5
:1098E0002BEDE22E25E1F22E0115110509F440C001
:1098F0004DB65EB66FE270E0C8010F943F514C0167
:1099000008171907A8F53C01601A710A7724C301EA
:1099100001962DB73EB7281B390B0FB6F8943EBF02
:109920000FBE2DBF8DB79EB701965C01A301B80194
:109930000F945F51F501E60DF71D1082F60160816D
:10994000718121E0A501C7010F940B06811133C07D
:10995000B50187E190E30E941F4584E190E30E94F6
:109960008E440FB6F8945EBE0FBE4DBE10E000E010
:10997000C801E981FA810FB6F894FEBF0FBEEDBFB2
:109980000F900F90DF91CF911F910F91FF90EF906B
:10999000DF90CF90BF90AF909F908F907F906F900F
:1099A0005F904F903F902F90089585E792E1F601E8
:1099B0009183808391CFF6018081918128163906A9
:1099C00011F00F94E102F601F182E082A0918D1472
:1099D000AA3080F481E08A0F80938D14FBE1FA9F16
:1099E000D0011124A158BC4EF7018BE101900D92DA
:1099F0008A95E1F72BEDE21625E1F20669F498EB82
:109A0000E92E95E1F92E84010F5F1F4F0FB6F894F0
:109A10005EBE0FBE4DBE68CF8BEDE82E85E1F82E01
:109A2000F2CFCF93DF93EC010E943245CE010E942A
:109A30008E446091D6117091D7118091D811909178
:109A4000D9110E940E4A0E9486520E9483540196A8
:109A5000E1F70E948C521092D5111092D411DF912F
:109A6000CF910895FC01DB018C9120813181382751
:109A700098E0A901220F331F57FD05C09150C9F787
:109A8000318320830895B1E22B27B0E13B27F6CF45
:109A90008823A9F10E9480464091A0115091A11104
:109AA0006091A2117091A3118DE090E30E94C04BD0
:109AB0004091A4115091A5116091A6117091A71128
:109AC0008AE090E30E94C04B4091A8115091A911E7
:109AD0006091AA117091AB1187E090E30E94C04B96
:109AE0004091AC115091AD116091AE117091AF11D8
:109AF00084E090E30E94C04B8AE00C943D4480E2F5
:109B00000E943D44C9CF2F923F924F925F926F9235
:109B10007F928F929F92AF92BF92CF92DF92EF92FD
:109B2000FF920F931F93CF93DF93CDB7DEB7C45847
:109B3000D1090FB6F894DEBF0FBECDBF4B015A015D
:109B400069011701DC012D913D914D915C912796A2
:109B50002CAF3DAF4EAF5FAF27972091A011309152
:109B6000A1114091A2115091A31127966CAD7DAD2A
:109B70008EAD9FAD27970F94B6490F9457502B96F3
:109B80006CAF7DAF8EAF9FAF2B9769AB7AAB8BABD2
:109B90009CABD4012D913D914D915C9163962CAF7E
:109BA0003DAF4EAF5FAF63972091A4113091A511E7
:109BB0004091A6115091A71163966CAD7DAD8EAD0D
:109BC0009FAD63970F94B6490F9457502B013C01FA
:109BD0004DAA5EAA6FAA78AED5012D913D914D9107
:109BE0005C912F962CAF3DAF4EAF5FAF2F9720917A
:109BF000A8113091A9114091AA115091AB112F9643
:109C00006CAD7DAD8EAD9FAD2F970F94B6490F947F
:109C100057504B015C0189AE9AAEABAEBCAED601DB
:109C20002D913D914D915C9167962CAF3DAF4EAF1C
:109C30005FAF67972091AC113091AD114091AE119B
:109C40005091AF1167966CAD7DAD8EAD9FAD6797AE
:109C50000F94B6490F9457506B017C012196CCAEFE
:109C6000DDAEEEAEFFAE219727962CAD3DAD4EADED
:109C70005FAD279729A33AA34BA35CA363968CAD52
:109C80009DADAEADBFAD63978DA39EA3AFA3B8A7A7
:109C90002F962CAD3DAD4EAD5FAD2F9729A73AA7BE
:109CA0004BA75CA767968CAD9DADAEADBFAD67977A
:109CB0008DA79EA7AFA7B8AB8091800F83FF16C07A
:109CC000C0921813D0921913E0921A13F0921B133A
:109CD00067962CAD3DAD4EAD5FAD679720930813F1
:109CE0003093091340930A1350930B1380917E0F06
:109CF00090917F0F892B11F00C9409E0D801BC9151
:109D00006896BFAF6897F801F181A096FFAFA09762
:109D1000D8011296BC91A896BFAFA897F801F3811D
:109D2000AA96FFAFAA978091FA129091FB12891B15
:109D300080958F7019F40E94DB55F5CF0091FA12CF
:109D4000EF960FAFEF971091FA12EE961FAFEE97C6
:109D5000012F10E025961FAF0EAF259780910C13B1
:109D600090910D13A0910E13B0910F132B962CAD63
:109D70003DAD4EAD5FAD2B97281B390B4A0B5B0BEE
:109D80002B962CAF3DAF4EAF5FAF2B97809110134A
:109D900090911113A0911213B0911313481A590AFC
:109DA0006A0A7B0A8091141390911513A0911613DF
:109DB000B091171395018401081B190B2A0B3B0B5B
:109DC0002F960CAF1DAF2EAF3FAF2F97809118137A
:109DD00090911913A0911A13B0911B13A70196012A
:109DE000281B390B4A0B5B0B63962CAF3DAF4EAF74
:109DF0005FAF6397232B242B252B09F48CC0809114
:109E0000190A811133C060914712709148128091F4
:109E1000491290914A120F94564F20914702309167
:109E200048026217730714F5C0921813D0921913E1
:109E3000E0921A13F0921B1367968CAD9DADAEADF8
:109E4000BFAD67978093081390930913A0930A13EB
:109E5000B0930B130E94804689EE9FE20E948E44CD
:109E600063961CAE1DAE1EAE1FAE639763966CADBF
:109E70007DAD8EAD9FAD63970F94574920914302FE
:109E80003091440240914502509146020F94B649E8
:109E90004B015C0120E030E0A9010F944A5087FF9C
:109EA00004C0B7FAB094B7F8B09420E030E048E4CA
:109EB00053E46091AC117091AD118091AE1190910D
:109EC000AF110F94B649A50194010F94504987FF33
:109ED00022C0C0921813D0921913E0921A13F09274
:109EE0001B1367960CAD1DAD2EAD3FAD679700936C
:109EF00008131093091320930A1330930B130E9435
:109F000080468AEC9FE20E948E4463961CAE1DAE92
:109F10001EAE1FAE63972B968CAD9DADAEADBFADA3
:109F20002B978827B7FD83959927AA27BB27182F3A
:109F300077FC12602F962CAD3DAD4EAD5FAD2F97E7
:109F400057FD146063968CAD9DADAEADBFAD63970C
:109F5000B7FD186063966CAD7DAD8EAD9FAD639718
:109F60000F94574920914302309144024091450299
:109F7000509146020F94B6496B017C0120E030E01D
:109F8000A9010F944A5087FD02C00C94D0D7C70195
:109F9000B601905820E030E040E05FE30F94EA4DD6
:109FA0000F945D4F67966CAF7DAF8EAF9FAF679795
:109FB00086E52596AEADBFAD25978A9FF0018B9FB4
:109FC000F00D1124E25EF54F108215AB2B962CADEF
:109FD0003DAD4EAD5FAD2B976F962CAF3DAF4EAF05
:109FE0005FAF6F9757FF0DC0509540953095219505
:109FF0003F4F4F4F5F4F6F962CAF3DAF4EAF5FAFB0
:10A000006F9786E525964EAD5FAD2597849FF0014D
:10A01000859FF00D1124E25EF54F6F968CAD9DADDE
:10A02000AEADBFAD6F97858B968BA78BB08FA79684
:10A030004CAE5DAE6EAE7FAEA79777FE0DC0222709
:10A040003327A9012419350946095709A7962CAFCA
:10A050003DAF4EAF5FAFA79786E525964EAD5FAD9E
:10A060002597849FF001859FF00D1124E25EF54F46
:10A07000A7968CAD9DADAEADBFADA797818F928FEA
:10A08000A38FB48F2F962CAD3DAD4EAD5FAD2F9706
:10A09000E1962CAF3DAF4EAF5FAFE19757FF0DC0DC
:10A0A00050954095309521953F4F4F4F5F4FE1962A
:10A0B0002CAF3DAF4EAF5FAFE19786E525964EAD35
:10A0C0005FAD2597849FF001859FF00D1124E25E1E
:10A0D000F54FE1968CAD9DADAEADBFADE197858FEF
:10A0E000968FA78FB0A32B966CAD7DAD8EAD9FAD37
:10A0F0002B970F9457492091090A30910A0A4091F1
:10A100000B0A50910C0A0F94B649E5966CAF7DAFDF
:10A110008EAF9FAFE597698B7A8B8B8B9C8BC3013E
:10A12000B2010F94574920910D0A30910E0A4091C7
:10A130000F0A5091100A0F94B649E9966CAF7DAFA3
:10A140008EAF9FAFE9976D8B7E8B8F8B988F2F96FD
:10A150006CAD7DAD8EAD9FAD2F970F94574920917B
:10A16000110A3091120A4091130A5091140A0F9467
:10A17000B6494B015C01898E9A8EAB8EBC8E2091C4
:10A18000150A3091160A4091170A5091180AC70112
:10A19000B6010F94B6496B017C01CD8EDE8EEF8E39
:10A1A000F8A26F962CAD3DAD4EAD5FAD6F972630EA
:10A1B0003105410551050CF0F7C6A7968CAD9DAD54
:10A1C000AEADBFADA7970697A105B1050CF0ECC6E3
:10A1D000E1962CAD3DAD4EAD5FADE197263031053A
:10A1E000410551050CF0E0C620E030E0A901C701AF
:10A1F000B6010F944A5087FF04C0F7FAF094F7F8BD
:10A20000F09486E525960EAD1FAD2597809FF00151
:10A21000819FF00D1124E25EF54FC586D686E78654
:10A22000F08A86E525960EAD1FAD2597809FF0013B
:10A23000819FF00D1124E25EF54F67962CAD3DAD88
:10A240004EAD5FAD679721A332A343A354A34589C5
:10A2500056896789708D018D128D238D348D858D82
:10A26000968DA78DB0A180179107A207B30710F4B0
:10A27000D901C80184179507A607B70710F4DB01B9
:10A28000CA0167960CAD1DAD2EAD3FAD6797801727
:10A290009107A207B30710F4D901C80126E5259656
:10A2A0000EAD1FAD2597209FF001219FF00D1124C9
:10A2B000E25EF54F85A396A3A7A3B0A70697A105D5
:10A2C000B10510F40C94E9DFEF5AFF4F8091080AB2
:10A2D0008083452B462B472B09F0179886E525965A
:10A2E0000EAD1FAD2597809FF001819FF00D1124C9
:10A2F000E25EF54F818D928DA38DB48D892B8A2BD3
:10A300008B2B09F0169886E525960EAD1FAD259787
:10A31000809FF001819FF00D1124E25EF54F858D45
:10A32000968DA78DB0A1892B8A2B8B2B09F01598C0
:10A3300067962CAD3DAD4EAD5FAD6797232B242BBB
:10A34000252B11F40C940BE08091B715882319F09C
:10A3500081508093B715149880E28093B715E090F0
:10A36000CC11F090CD110091CE111091CF11970129
:10A37000A80168966FAD6897A0967FADA097A89644
:10A380008FADA897AA969FADAA970F94504987FDC5
:10A390000CC06896EFAC6897A096FFACA097A89603
:10A3A0000FADA897AA961FADAA9786E525964EAD44
:10A3B0005FAD2597849FF001859FF00D1124E25E2B
:10A3C000F54F258536854785508960E070E080E847
:10A3D0009FE30F94E44EA7966CAF7DAF8EAF9FAF17
:10A3E000A7979701A8010F94B6494B015C01809192
:10A3F000FA129091F812891B8F70A8968FAFA897C8
:10A40000A501940160E074E284E799E40F94E44EBE
:10A410000F9457506B017C01A8968FADA89782507E
:10A420008630C0F580919C1190919D11A0919E1154
:10A43000B0919F11C816D906EA06FB0658F5BC0173
:10A44000CD016C197D098E099F09660F771F881F42
:10A45000991FA8960FADA897202F30E050E040E05C
:10A460000F94434DCA01B9010F9455490F94564FAB
:10A47000C60ED71EE81EF91EC701B6010F94554936
:10A480009B01AC0160E074E284E799E40F94E44E30
:10A490004B015C0180916F00282F227081FF05C065
:10A4A00080916F008D7F80936F008091040A90915E
:10A4B000050AA091060AB091070A8C0D9D1DAE1DDC
:10A4C000BF1D8093040A9093050AA093060AB093D7
:10A4D000070A222329F080916F00826080936F0029
:10A4E00086E525962EAD3FAD2597829F8001839FFF
:10A4F000100D1124025E154FD8011D962D913D912E
:10A500004D915C915097C501B4010F94B6499B01E0
:10A51000AC010F94B649E1966CAF7DAF8EAF9FAFA3
:10A52000E197F801618372838383948325A136A127
:10A5300047A150A56B962CAF3DAF4EAF5FAF6B9769
:10A54000CA01B9010F945549A3966CAF7DAF8EAF88
:10A550009FAFA3979B01AC01C501B4010F94B6490D
:10A560000F94C84E0F945D4FE5966CAF7DAF8EAFE4
:10A570009FAFE597F801EF5BFF4F608371838283A4
:10A5800093838E010F5E1F4FAB961FAF0EAFAB973D
:10A59000005111096D961FAF0EAF6D9700EB11E1E1
:10A5A000E7961FAF0EAFE7978E010F5D1F4F239603
:10A5B0001FAF0EAF23976D960EAD1FAD6D97EB9647
:10A5C0001FAF0EAFEB97212C312C10E828961FAF50
:10A5D00028970FE32C960FAF2C97AB96AEADBFAD7F
:10A5E000AB972D913D914D915D91AB96BFAFAEAFC5
:10A5F000AB97C501B4010F94B6496B017C01EB9692
:10A60000EEADFFADEB97C192D192E192F192EB9654
:10A61000FFAFEEAFEB9720E030E0A9010F944A5076
:10A6200087FF04C0F7FAF094F7F8F094E796AEAD20
:10A63000BFADE7974D905D906D907D90E796BFAF71
:10A64000AEAFE797A7019601C301B2010F9450493D
:10A6500087FF1AC0A7019601C301B2010F94E44E0F
:10A660007B018C01910128964FAD28972C965FAD08
:10A670002C970F94504987FF07C0170128960FAFFA
:10A6800028972C961FAF2C9723960EAD1FAD2397BE
:10A69000AB962EAD3FADAB970217130709F09DCFD8
:10A6A00020E030E040E85FE3B10128968FAD2897C5
:10A6B0002C969FAD2C970F94504987FF6CC06D96D8
:10A6C000CEACDFAC6D9730E1C30ED11C6D96EEAC15
:10A6D000FFAC6D97D7016D917D918D919D917D011D
:10A6E0008D0104501109910128964FAD28972C96A1
:10A6F0005FAD2C970F94B649F80160837183828314
:10A700009383CE14DF0431F726E525960EAD1FADF9
:10A710002597209FC001219F900D11249C01225E4E
:10A72000354F790189010F5B1F4FE5966CAD7DAD0B
:10A730008EAD9FADE5970F945549910128964FAD89
:10A7400028972C965FAD2C970F94B6490F945D4FC8
:10A75000D8016D937D938D939C93139791012896C7
:10A760004FAD28972C965FAD2C97B10128968FADF1
:10A7700028972C969FAD2C970F94B649E1962CAD57
:10A780003DAD4EAD5FADE1970F94B649F7016183E2
:10A79000728383839483A3962CAD3DAD4EAD5FADA4
:10A7A000A397A7966CAD7DAD8EAD9FADA7970F9487
:10A7B000B6492B966CAF7DAF8EAF9FAF2B9786E5DA
:10A7C00025962EAD3FAD2597829F8001839F100D6A
:10A7D0001124025E154FD80155968D909D90AD9035
:10A7E000BC90589781149104A104B10409F009C6E2
:10A7F00059968D919D910D90BC91A02D892B8A2BFE
:10A800008B2B09F0FEC5F801858D968DA78DB0A123
:10A81000892B8A2B8B2B09F0F4C52091C411309120
:10A82000C5114091C6115091C7112B966CAD7DADED
:10A830008EAD9FAD2B970F94B6490F94C84E0F94D1
:10A840005D4F2B013C01D801D6961C9286E52596DA
:10A850002EAD3FAD2597829F8001839F100D11245F
:10A86000025E154FF801E35BFF4F40825182628226
:10A870007382C301B2010F9455496B017C012B9681
:10A880002CAD3DAD4EAD5FAD2B970F94E44EA3962E
:10A890006CAF7DAF8EAF9FAFA397D80151966D93EC
:10A8A0007D938D939C9354972DEB37E346E051E4D1
:10A8B000C701B6010F94B6490F945D4FF80161AB23
:10A8C00072AB83AB94AB86A9882381F1FD9620817E
:10A8D00031814281538160911A0A70911B0A8091E3
:10A8E0001C0A90911D0A0F94B649A3962CAD3DAD5C
:10A8F0004EAD5FADA3970F94B6492091AC11309146
:10A90000AD114091AE115091AF110F94B6499B011A
:10A91000AC0160E074E284EF99E40F94E44E0F948C
:10A920005D4FD801D8967C936E93D79786E5259690
:10A930000EAD1FAD2597809FF001819FF00D112472
:10A94000E25EF54F2181328143815481AD962CAF77
:10A950003DAF4EAF5FAFAD97CA01B9010F949850AC
:10A96000162F072F382E292E44EF59E0AF965FAFF0
:10A970004EAFAF976D966EAC7FAC6D9750E1650EA4
:10A98000711C84EF99E0A5969FAF8EAFA5976D9649
:10A990004EAC5FAC6D9728961FAF289760960FAFAF
:10A9A00060972C963FAE2C9764962FAE649768966E
:10A9B0001FAE6897D201CD90DD90ED90FD902D01F6
:10A9C00020E030E0A901C701B6010F944A5087FF8B
:10A9D00004C0F7FAF094F7F8F094A596EEADFFAD49
:10A9E000A59781909190A190B190A596FFAFEEAF01
:10A9F000A597A7019601C501B4010F94504987FF9F
:10AA00003BC06896FFAD6897FF2311F40C9460DD9E
:10AA1000A5019401612F702F832D922D0F94B649BB
:10AA20004B015C0128962FAD289760963FAD60974B
:10AA30002C964FAD2C9764965FAD6497C701B60115
:10AA40000F94B6499B01AC01C501B4010F94504964
:10AA500087FF12C0A7019601C501B4010F94E44E0F
:10AA600028966FAF289760967FAF60972C968FAF30
:10AA70002C9764969FAF64976414750409F09ACF7D
:10AA8000A8963FADA897332311F40C94B9DDC0907C
:10AA90002A16D0902B16E0902C16F0902D162DEB48
:10AAA00037E346E855E3C701B6010F94504987FFE5
:10AAB00002C00C94B9DDC701B6010F9498506B0128
:10AAC0007C019B01AC01612F702F832D922D0F947F
:10AAD000504987FD04C01C2D0D2D3E2C2F2C9601B6
:10AAE000A701612F702F832D922D0F94E44EA7960E
:10AAF0006CAF7DAF8EAF9FAFA7974EE256E1A996A0
:10AB00005FAF4EAFA997412C512C20E8622E2FE366
:10AB1000722E68961FAE6897A996AEADBFADA99785
:10AB20002D913D914D915D91A996BFAFAEAFA99783
:10AB3000A7966CAD7DAD8EAD9FADA7970F94B6492E
:10AB40004B015C016D96EEADFFAD6D97C190D1905C
:10AB5000E190F1906D96FFAFEEAF6D976896FFAD07
:10AB60006897FF2371F0A30192010F94B6494B013E
:10AB70005C01A3019201C701B6010F94B6496B01B4
:10AB80007C01A7019601C501B4010F944A5020E051
:10AB900030E0A90118160CF0CBC7C701B6010F941D
:10ABA0004A5018164CF020E030E0A901C501B4016C
:10ABB0000F94504987FFACC7A7019601C501B401A6
:10ABC0000F94E94D6B017C01AF96AEADBFADAF9771
:10ABD0008D909D90AD90BD90AF96BFAFAEAFAF974B
:10ABE000A7019601C501B4010F94504987FF15C014
:10ABF000A7019601C501B4010F94E44E9B01AC017D
:10AC0000C301B2010F94B6492B013C016896BFAD58
:10AC10006897BF5F6896BFAF6897EEE3F6E1A996C5
:10AC20002EAD3FADA997E217F30709F075CF6896EF
:10AC30003FAD6897332361F0A3019201612F702F1C
:10AC4000832D922D0F94B649162F072F382E292EBB
:10AC500024EA30E74DE75FE3612F702F832D922DBB
:10AC60000F94B6496B017C012091B3153091B41556
:10AC70004091B5155091B6150F94504987FF12C0F9
:10AC800028962FAD289760963FAD60972C964FADD4
:10AC90002C9764965FAD6497C701B6010F94504935
:10ACA00087FD67C728968FAD289760969FAD609700
:10ACB0002C96AFAD2C976496BFAD64978093B31577
:10ACC0009093B415A093B515B093B61596E5D92E0B
:10ACD00025964EAD5FAD2597D49EC001D59E900DB3
:10ACE0001124DC01A25EB54F7D01212F302F432DB1
:10ACF000522D612F702F832D922D0F94B649F7019D
:10AD00006187728783879487EE96FFADEE97FD9DEE
:10AD100080011124025E154FA3966CAD7DAD8EAD02
:10AD20009FADA39790589B01AC010F94EA4DD801B9
:10AD30001D962D913D914D915C9150970F94B64980
:10AD40009B01AC016BE077ED83E29BE30F94E94D4F
:10AD50009B01AC018BE097EDA3E2BBE3F701858398
:10AD60009683A783B0871081AD966CAD7DAD8EAD17
:10AD70009FADAD970F94504918160CF407C783E0A8
:10AD8000182B86E525962EAD3FAD2597829FF001C5
:10AD9000839FF00D1124E25EF54F108380E1FE01E8
:10ADA0003196AEE2B6E101900D928A95E1F7AD964B
:10ADB0008CAD9DADAEADBFADAD9780932A1690938F
:10ADC0002B16A0932C16B0932D1680E1FE01F19660
:10ADD000ACE0B3E101900D928A95E1F780E1FE01CC
:10ADE000B196ACEFB2E101900D928A95E1F79091A6
:10ADF000FA128091FB12981303C084E68093F71235
:10AE0000EF968FADEF978F5F8F708093FA128091DE
:10AE1000FA129091F91281508F70891709F470C756
:10AE20001091FA122090F9128091FA12281609F462
:10AE3000CCC611501F70D12CC12C121509F4C5C6F7
:10AE4000812E912C96E5989DF001999DF00D11248D
:10AE5000E25EF54F808183FDB3C62596FFAFEEAF6E
:10AE60002597B1840285A384348445805680678009
:10AE70007084A30192016B2D702F8A2D932D0F9456
:10AE80005049811108C0C114D10409F47BC0F601F6
:10AE9000808180FF77C026E5289DF001299DF00D77
:10AEA0001124E25EF54F808181FD47C0C114D104B9
:10AEB00009F473C6D6011596CD90DD90ED90FC9007
:10AEC0001897B6E5B89DF001B99DF00D1124E25E2A
:10AED000F54F618972898389948990589B01AC01EF
:10AEE0000F94EA4D2596EEADFFAD25972585368565
:10AEF000478550890F94B6499B01AC01C701B60143
:10AF00000F94E94DD62EC72E28968FAF28976096BE
:10AF10009FAF6097262F372FAC016B2D702F8A2D96
:10AF2000932D0F94504987FD08C0BD2C0C2D2896F9
:10AF3000AFAC289760963FAC60972B2D302F4A2DF1
:10AF4000532DC301B2010F9450498823D9F0F6E57F
:10AF5000F89DC001F99D900D11249C01225E354F92
:10AF60006901D9018C9181608C9325968EAD9FAD3E
:10AF700025970F94CE0E882309F418C6F601808118
:10AF80008E7F808311501F70822D2090F912281619
:10AF900009F4FEC5181709F418C68F5F8F70F5CF36
:10AFA000C701B6010C94CACFD101CD90DD90ED90D0
:10AFB000FC9020E030E0A901C701B6010F94504990
:10AFC000882309F4A0C186E525962EAD3FAD2597CF
:10AFD000829FF001839FF00D1124E25EF54FC5863C
:10AFE000D686E786F08A8091B215012F08272B9626
:10AFF0002CAD3DAD4EAD5FAD2B97232B242B252BD8
:10B0000009F40E7F45284628472809F40D7F2F961E
:10B010002CAD3DAD4EAD5FAD2F97232B242B252BB3
:10B0200009F40B7F80278093B2156091DF096623B6
:10B0300009F4F7C870E090E080E00F94554920E0F3
:10B0400030E04FE753E40F94E44E2F966CAF7DAFA2
:10B050008EAF9FAF2F9780913F0290914002A091B9
:10B060004102B0914202E1968CAF9DAFAEAFBFAF4F
:10B07000E197A3EDB9E0E396BFAFAEAFE397E6EAA1
:10B08000F5E12996FFAFEEAF299786E5EE963FAD45
:10B09000EE97389F90011124E7963FAF2EAFE797C8
:10B0A000312C212CC12CD12C7601212F30E050E005
:10B0B00040E0ED962CAF3DAF4EAF5FAFED97202F48
:10B0C00030E050E040E0C158DF4F288339834A83A5
:10B0D0005B83CF57D04025960EAD1FAD2597809F3F
:10B0E0009001819F300D11248901055D154FCD57C9
:10B0F000DF4F19830883C358D0402F962CAD3DAD48
:10B100004EAD5FAD2F9750586F962CAF3DAF4EAF01
:10B110005FAF6F97E396AEADBFADE3978D909D9017
:10B12000AD90BD90E396BFAFAEAFE39720E030E0C7
:10B13000A901C501B4010F945049882309F4CFC077
:10B14000ED962CAD3DAD4EAD5FADED97022C04C03C
:10B1500056954795379527950A94D2F7A7962CAF21
:10B160003DAF4EAF5FAFA797C158DF4F8881998140
:10B17000AA81BB81CF57D040022C04C0B695A795B9
:10B18000979587950A94D2F780FF42C02996AEAD75
:10B19000BFAD29976D917D918D919C910F945749E9
:10B1A0002B013C01A496BFADA497B0FFE9C06C96FB
:10B1B0007FAD6C976D966FAD6D976E969FAD6E97E8
:10B1C0006F968FAD6F978101000F111F000F111F38
:10B1D00004571E4E272F362F492F582FC501B40173
:10B1E0000F94B649F80124893589468957890F9407
:10B1F000B649A30192010F94EA4D0F94564F299638
:10B20000AEADBFAD29976D937D938D939C931397AE
:10B210002996EEADFFAD299780809180A280B38002
:10B2200081149104A104B10409F459C020E030E074
:10B23000A901E1966CAD7DAD8EAD9FADE1970F9408
:10B240005049882309F4A9C0A4968FADA4978170B2
:10B25000B501A401442777FD439555276627772735
:10B2600084133DC020E030E0A901C701B6010F946E
:10B270005049811122C0E1962CAD3DAD4EAD5FAD80
:10B28000E197CD57DF4FA881B981C358D0406D9168
:10B290007D918D919C910F94E44E6B017C0120E097
:10B2A00030E040E85FE30F944A50181634F4C12CA4
:10B2B000D12C50E8E52E5FE3F52EC501B4010F94C3
:10B2C0005749A70196010F94B6490F94C84E0F94A1
:10B2D000564F611571058105910509F060C0BFEFFA
:10B2E0002B1A3B0A29960EAD1FAD29970C5F1F4FF5
:10B2F00029961FAF0EAF299713E02116310409F0EC
:10B3000009CF0C9411D1E5962CAD3DAD4EAD5FAD9E
:10B31000E597CA01B9010F94B6496B017C01E99622
:10B320002CAD3DAD4EAD5FADE997CA01B9010F94AB
:10B33000B6499B01AC01C701B6010F94EA4D6B0100
:10B340007C01A5019401C501B4010F94B6499B018C
:10B35000AC01C701B6010F94EA4D0F94985026E551
:10B3600025964EAD5FAD2597249FF001259FF00DEA
:10B370001124E25EF54F658776878787908B33CE01
:10B380002C967FAD2C972D966FAD2D972E969FAD59
:10B390002E972F968FAD2F9716CFC501B401F101CF
:10B3A000EE0FFF1FEE0FFF1FE7960EAD1FADE797E5
:10B3B000E00FF11FE25EF54F2B013C0197FF07C044
:10B3C000442455243201461A570A680A790A058925
:10B3D00016892789308D040D151D261D371D058BF7
:10B3E000168B278B308F861A970AA80AB90A2996D6
:10B3F000AEADBFAD29978D929D92AD92BC92139741
:10B400006ECF67960CAD1DAD2EAD3FAD6797012B8E
:10B41000022B032B09F448C12091C0113091C111B6
:10B420004091C2115091C3112B966CAD7DAD8EAD84
:10B430009FAD2B970F94B6490F94C84E0F945D4F54
:10B440002B013C0167962CAD3DAD4EAD5FAD6797CE
:10B45000232B242B252B19F180911A0A90911B0A7A
:10B46000A0911C0AB0911D0A2F968CAF9DAFAEAF74
:10B47000BFAF2F9720E030E0A901BC01CD010F94B0
:10B480005049882361F063960CAD1DAD2EAD3FADE4
:10B49000639710161106120613060CF40EC186E50A
:10B4A00025960EAD1FAD2597809FF001819FF00D71
:10B4B0001124E25EF54F16AA8091F0099091F109EE
:10B4C000A091F209B091F3096B960CAD1DAD2EADB4
:10B4D0003FAD6B9780179107A207B30708F4C0C16F
:10B4E00081149104A104B10421F16091E0097091EB
:10B4F000E1098091E2099091E309641575058605DB
:10B500009705B8F4A90198010F94334D6B017C01A4
:10B51000A5019401C301B2010F94334DC616D7069D
:10B52000E806F90630F4C701B6010F94434D29012E
:10B530003A0186E525960EAD1FAD2597809FF00157
:10B54000819FF00D1124E25EF54FC18CD28CE38C0B
:10B55000F48CC114D104E104F10441F16091E409D7
:10B560007091E5098091E6099091E70964157505E8
:10B5700086059705D8F46B962CAD3DAD4EAD5FAD0D
:10B580006B970F94334D4B015C01A7019601C301EA
:10B59000B2010F94334D86169706A806B90630F40B
:10B5A000C501B4010F94434D29013A0186E5259662
:10B5B0000EAD1FAD2597809FF001819FF00D1124E6
:10B5C000E25EF54FC58CD68CE78CF0A0C114D10497
:10B5D000E104F10441F16091E8097091E909809179
:10B5E000EA099091EB096415750586059705D8F46D
:10B5F0006B962CAD3DAD4EAD5FAD6B970F94334D5B
:10B600004B015C01A7019601C301B2010F94334DB8
:10B6100086169706A806B90630F4C501B4010F9442
:10B62000434D29013A0186E525960EAD1FAD2597BC
:10B63000809FF001819FF00D1124E25EF54FC1A0C3
:10B64000D2A0E3A0F4A0C114D104E104F10409F4F0
:10B65000FDC86091EC097091ED098091EE0990911F
:10B66000EF09641575058605970508F0EFC86B9618
:10B670002CAD3DAD4EAD5FAD6B970F94334D4B018F
:10B680005C01A7019601C301B2010F94334D8616E8
:10B690009706A806B90608F0D9C8C501B4010F94E9
:10B6A000434D29013A01D2C82091C8113091C911E6
:10B6B0004091CA115091CB11B7CE86E525962EAD9B
:10B6C0003FAD2597829F8001839F100D1124025E5C
:10B6D000154F81E0D801D6968C932091FC123091C1
:10B6E000FD124091FE125091FF1269A17AA18BA127
:10B6F0009CA10F94E94D63966CAF7DAF8EAF9FAF69
:10B7000063972091001330910113409102135091DF
:10B7100003136DA17EA18FA198A50F94E94D6796A3
:10B720006CAF7DAF8EAF9FAF6797209104133091C0
:10B730000513409106135091071369A57AA58BA5AF
:10B740009CA50F94E94D6B017C0163962CAD3DAD3A
:10B750004EAD5FAD6397CA01B9010F94B6496396C8
:10B760006CAF7DAF8EAF9FAF639767962CAD3DAD4D
:10B770004EAD5FAD6797CA01B9010F94B6499B0101
:10B78000AC0163966CAD7DAD8EAD9FAD63970F94AC
:10B79000EA4D63966CAF7DAF8EAF9FAF6397A70105
:10B7A0009601C701B6010F94B6499B01AC0163969F
:10B7B0006CAD7DAD8EAD9FAD63970F94EA4D0F9448
:10B7C00098506B017C01209108133091091340912E
:10B7D0000A1350910B136DA57EA58FA598A90F9400
:10B7E000E94DA70196010F94E44E6B017C01F8012D
:10B7F000FD96C082D182E282F38220E030E040E414
:10B8000050E40F944A50181614F4F80154CEA701CE
:10B8100096012F966CAD7DAD8EAD9FAD2F970F9499
:10B82000B6499B01AC016091000A7091010A8091B8
:10B83000020A9091030A0F94E44E2B962CAD3DAD75
:10B840004EAD5FAD2B970F94B6490F945D4F6415C5
:10B8500075058605970508F02FCE2B013C012CCEEF
:10B8600081149104A104B104C9F16091E0097091BF
:10B87000E1098091E2099091E30964157505860557
:10B88000970560F50F945549A3962CAD3DAD4EAD8F
:10B890005FADA3970F94B6496B017C01C501B4015C
:10B8A0000F9455494B015C01C301B2010F945549F6
:10B8B000A50194010F94B6499B01AC01C701B601E3
:10B8C0000F94504987FF0AC0A5019401C701B60132
:10B8D0000F94E44E0F945D4F2B013C0186E52596B5
:10B8E0000EAD1FAD2597809FF001819FF00D1124B3
:10B8F000E25EF54F818C928CA38CB48C8114910400
:10B90000A104B104C9F16091E4097091E509809145
:10B91000E6099091E709641575058605970560F5B8
:10B920000F945549A3962CAD3DAD4EAD5FADA39799
:10B930000F94B6496B017C01C501B4010F945549C0
:10B940004B015C01C301B2010F945549A50194015B
:10B950000F94B6499B01AC01C701B6010F94504941
:10B9600087FF0AC0A5019401C701B6010F94E44EF8
:10B970000F945D4F2B013C0186E525960EAD1FAD62
:10B980002597809FF001819FF00D1124E25EF54F15
:10B99000858C968CA78CB0A081149104A104B1046D
:10B9A000C9F16091E8097091E9098091EA099091E3
:10B9B000EB09641575058605970560F50F945549E3
:10B9C000A3962CAD3DAD4EAD5FADA3970F94B64998
:10B9D0006B017C01C501B4010F9455494B015C0119
:10B9E000C301B2010F945549A50194010F94B649C2
:10B9F0009B01AC01C701B6010F94504987FF0AC0F3
:10BA0000A5019401C701B6010F94E44E0F945D4F58
:10BA10002B013C0186E525960EAD1FAD2597809F35
:10BA2000F001819FF00D1124E25EF54F81A092A0FC
:10BA3000A3A0B4A081149104A104B10411F40C9446
:10BA400026D46091EC097091ED098091EE099091F6
:10BA5000EF09641575058605970510F00C9426D43A
:10BA60000F945549A3962CAD3DAD4EAD5FADA39758
:10BA70000F94B6496B017C01C501B4010F9455497F
:10BA80004B015C01C301B2010F945549A50194011A
:10BA90000F94B6499B01AC01C701B6010F94504900
:10BAA00087FD02C00C9426D4A5019401C701B601FC
:10BAB0000F94E44E0F945D4F2B013C010C9426D45F
:10BAC000A7019601C501B4010F94E44E9B01AC019E
:10BAD00028966FAD289760967FAD60972C968FADB6
:10BAE0002C9764969FAD64970F94B64928966FAFD4
:10BAF000289760967FAF60972C968FAF2C976496AF
:10BB00009FAF649721E068962FAF68970C943CD55F
:10BB1000F7FAF094F7F8F094A7019601C501B40183
:10BB20000F944A5018160CF04FC8750164014CC8A8
:10BB3000C701B6010F94504987FD09C020E030E0ED
:10BB4000A901C501B4010F944A5018162CF4A5019F
:10BB50009401C701B60134C8B7FAB094B7F8B094ED
:10BB6000A5019401C701B6010F94504987FF2CC865
:10BB7000DCCF28961FAD289760960FAD60972C9666
:10BB80003FAC2C9764962FAC64978CC881E0F8C8C2
:10BB90002596CEACDFAC259750C98BE0C82E87ED3B
:10BBA000D82E83E2E82E8BE3F82E8BC98B2D902FB5
:10BBB000AA2DB32DF60185839683A783B087E2C9AA
:10BBC0002596DFAECEAE2597DDC91091F912D12CA6
:10BBD000C12C06E58091FA12811709F491C0812EDB
:10BBE000912C089DC001099D900D11249C01225E9D
:10BBF000354F1901D9018C91560183FD75C059014A
:10BC0000C114D10409F470C0C6010F94CE0E811185
:10BC10006BC0F601808181FD52C0D10115964D9017
:10BC20005D906D907C901897D60115962D913D9161
:10BC30004D915C91189727962CAF3DAF4EAF5FAFFB
:10BC40002797A301920127966CAD7DAD8EAD9FAD78
:10BC500027970F94504987FF32C0F6016189728996
:10BC60008389948990589B01AC010F94EA4DD601C9
:10BC70001D962D913D914D915C9150970F94B64931
:10BC80009B01AC0127966CAD7DAD8EAD9FAD279726
:10BC90000F94E94D6B017C01A30192010F9450496F
:10BCA00087FF0DC0F101808181608083C5010F9401
:10BCB000CE0E8823E9F0D1018C918E7F8C93089D64
:10BCC000F001099DF00D1124E25EF54F21853285CA
:10BCD0004385548565817681878190850F9450498D
:10BCE000811102C01093F9121F5F1F70650172CF9E
:10BCF000F101C582D682E782F0861093F912DFCF78
:10BD0000D090FB128090FA1226E5D81409F4C8C02E
:10BD10008FEF880D8F70289FF0011124E25EF54FA0
:10BD2000908193FDBBC0312C212C24961FAE24970B
:10BD300028961FAE289710E000E0F12CE12CD814D3
:10BD400009F4C5C0F6E5DF9E80011124025E154F9F
:10BD5000D8018C9183FDA6C015966D917D918D9132
:10BD60009C9118970F949850B62EC72EA82E992EF6
:10BD7000E114F10409F490C0F701808180FD04C052
:10BD8000D8018C9180FF88C0F70180818160808319
:10BD9000C7010F94CE0E81117BC0D70111966D9112
:10BDA0007D918D919C9114970F94985063966CAFF0
:10BDB0007DAF8EAF9FAF63979B01AC0160E070E0F9
:10BDC00080E89FE30F94E44E2B013C01AC019B0102
:10BDD0006B2D7C2D8A2D992D0F94B64969837A831A
:10BDE0008B839C83232D322D24964FAD2497289648
:10BDF0005FAD2897C301B2010F94B649698B7A8B66
:10BE00008B8B9C8BAE014F5F5F4FBE016F5E7F4F90
:10BE1000C7010F94BF1AF70186A98823C9F12091A1
:10BE20001A0A30911B0A40911C0A50911D0AFD9676
:10BE300060817181828193810F94B6492091AC1108
:10BE40003091AD114091AE115091AF110F94B649A0
:10BE50002B013C01AC019B0163966CAD7DAD8EADB9
:10BE60009FAD63970F94B6490F945D4FD701DA9653
:10BE70007C936E93D997A30192016B2D7C2D8A2D13
:10BE8000992D0F94B6490F945D4FF70174AF63AFCE
:10BE9000D7018C918E7F8C9378010CC0882E35CF82
:10BEA0008D2C41CFB32CC22C2496AFAC249728966E
:10BEB0009FAC2897D394BD2DBF70DB2E3B2C2C2C30
:10BEC0002496AFAE249728969FAE289738CF0115B9
:10BED000110509F47EC0F801808181608083C7016B
:10BEE0000F94CE0E811171C0D80111966D917D9184
:10BEF0008D919C9114970F9498506B017C01AC012B
:10BF00009B0160E070E080E89FE30F94E44E4B01FA
:10BF10005C012DEC3CEC4CE45DE30F94B649698385
:10BF20007A838B839C83A5019401632D722D2496C3
:10BF30008FAD249728969FAD28970F94B649698BAB
:10BF40007A8B8B8B9C8BAE014F5F5F4FBE016F5E18
:10BF50007F4FC8010F94BF1AF80186A98823A9F161
:10BF600020911A0A30911B0A40911C0A50911D0A17
:10BF7000FD9660817181828193810F94B6492091F1
:10BF8000AC113091AD114091AE115091AF110F94A1
:10BF9000B6494B015C01AC019B01C701B6010F948E
:10BFA000B6490F945D4FD801DA967C936E93D9977A
:10BFB0002DEC3CEC4CE45DE3C501B4010F94B649B3
:10BFC0000F945D4FF80174AF63AFD8018C918E7FF1
:10BFD0008C9380916F00826080936F0081E0CC57DA
:10BFE000DF4F0FB6F894DEBF0FBECDBFDF91CF910C
:10BFF0001F910F91FF90EF90DF90CF90BF90AF9087
:10C000009F908F907F906F905F904F903F902F9078
:10C01000089580E0E4CFE090D011F090D11100912C
:10C02000D2111091D3110C94B7D1CF92DF92EF922D
:10C03000FF920F931F93CF93DF93CDB7DEB7649733
:10C040000FB6F894DEBF0FBECDBFC98ADA8AEB8A7D
:10C05000FC8AFC0180819181A281B38189839A83CA
:10C06000AB83BC83FB0180819181A281B3818D83ED
:10C070009E83AF83B887FA0180819181A281B381C9
:10C0800089879A87AB87BC87F90180819181A281DA
:10C09000B3818D879E87AF87B88B8091D209882323
:10C0A00051F0AE01475F5F4FBE016B5F7F4FCE0126
:10C0B00001960F94EA1780917E0F90917F0F892B44
:10C0C000F1F4CE0141967C019E01235F3F4FAE010A
:10C0D000475F5F4FBE016B5F7F4F40970E9483CDEC
:10C0E00064960FB6F894DEBF0FBECDBFDF91CF913F
:10C0F0001F910F91FF90EF90DF90CF90089580E017
:10C10000EFCFCF93DF93CDB7DEB760970FB6F8943C
:10C11000DEBF0FBECDBF80912F0290913002A09163
:10C120003102B091320289839A83AB83BC838091C0
:10C13000330290913402A0913502B09136028D8382
:10C140009E83AF83B8878091370290913802A09187
:10C150003902B0913A0289879A87AB87BC87809170
:10C160003B0290913C02A0913D02B0913E028D872E
:10C170009E87AF87B88B8091D209882351F0AE019A
:10C18000475F5F4FBE016B5F7F4FCE0101960F94FB
:10C19000EA179E01235F3F4FAE01475F5F4FBE012D
:10C1A0006B5F7F4FCE0101960F94321960960FB6E8
:10C1B000F894DEBF0FBECDBFDF91CF91089567FD2C
:10C1C00007C08130E1F098F0823019F1833059F1E5
:10C1D00047FD12C08130B9F180F18230D1F1833056
:10C1E00059F48091080141118095807137C0662310
:10C1F00021F0A19A47FF21C00895A198FBCF80911B
:10C2000008016111809580788093060147FF1BC06B
:10C2100008958091080161118095807480930601D2
:10C2200047FF17C0089580910801611180958870BB
:10C230008093060147FFD5CF0895442311F0A09ABB
:10C240000895A0980895442311F0A29A0895A29801
:10C2500008958091080141118095807280930601B4
:10C2600008958AE592E10F94AC028AE592E10F9479
:10C27000E102809197148D7F8E7F809397141092A6
:10C28000931410929414109295141092961481E0C5
:10C2900080937D1308950E9480466091D00970912B
:10C2A000D10989E79DE20E941F4586E79DE20C9433
:10C2B0008E441F93CF93DF938091CE09C82FC27015
:10C2C000D82FD470182F117080FF05C0CC2319F01F
:10C2D00080E0D11141C00E94804680E79DE20E942B
:10C2E0008E44111103C088E50E943D44C11103C072
:10C2F00089E50E943D44D11103C08AE50E943D4476
:10C3000088E69DE20E948E444DEB53E0D11102C0BD
:10C3100042EF53E02DEB33E0C11102C022EB33E0DA
:10C320008DEB93E0111102C084EB93E05F934F9388
:10C330003F932F939F938F9386E59DE29F938F93D7
:10C340001F920E940CC98DB79EB709960FB6F8943C
:10C350009EBF0FBE8DBF81E0DF91CF911F910895E9
:10C36000CF92DF92EF92FF92CF93DF9300D000D075
:10C370001F921F92CDB7DEB780E090E0A0EAB0E454
:10C380008D839E83AF83B887C090CA09D090CB09B4
:10C39000E090CC09F090CD0920E030E0A901C70180
:10C3A000B6010F94504987FF0CC0A701960160E0C9
:10C3B00070E080EA90E40F94E94D6D837E838F8373
:10C3C000988720E030E04FE153E46D817E818F81DA
:10C3D00098850F944A50181644F480E090E0AFE13D
:10C3E000B3E48D839E83AF83B8872D813E814F81D7
:10C3F000588560913702709138028091390290918E
:10C400003A020F94504987FF0BC019821A821B828F
:10C410001C82BE016F5F7F4FCE0105960F940F21E6
:10C4200028960FB6F894DEBF0FBECDBFDF91CF9137
:10C43000FF90EF90DF90CF9008952F923F924F9210
:10C440005F926F927F928F929F92AF92BF92CF92A4
:10C45000DF92EF92FF920F931F93CF93DF93CDB7AD
:10C46000DEB769970FB6F894DEBF0FBECDBF1C01D3
:10C470002A013B01298B8CE0ECEDF2E0DE01119604
:10C4800001900D928A95E1F7C1010E943B3989899B
:10C49000823059F0833009F4FBC0813009F0C1C00B
:10C4A00080E090E0A0E8BFEBF7C080E090E0A0E87B
:10C4B000BFE38D879E87AF87B88BDD24D394ED2DA6
:10C4C000F0E0EE0FFF1FEE0FFF1FD101AE0FBF1FF9
:10C4D000BB8BAA8B81E090E08C0F9D1FE80FF91FAA
:10C4E00020E030E040E05FE36081718182819381F0
:10C4F0000F94B6496C8B7D8B8E8B9F8BAA89BB89E1
:10C50000A05CBF4FB98FA88F20E030E040E05FE330
:10C510006D917D918D919C910F94B6492C893D89A7
:10C520004E895F890F94EA4DA30192010F94EA4D61
:10C530002D853E854F85588950580F94B649EA8914
:10C54000FB8920813181428153810F94EA4DAB01F7
:10C55000BC01812C912C5401CC24CA948501740116
:10C560002FEF8D2D0E94283823E333E343E35FE36D
:10C57000D1011C966D917D918D919C911F970F9487
:10C58000E94DAB01BC012FEF82E00E942838B98948
:10C59000AB2EB12C7501E8E0EE0EF11CEE0CFF1C89
:10C5A000EE0CFF1CE20CF31C6D857E858F8598894F
:10C5B0000F94564F93018201A7018D2D0E9427C928
:10C5C0002B013C0120E030E040E05FE3A88DB98D15
:10C5D0006D917D918D919C910F94B6492C893D89E7
:10C5E0004E895F890F94EA4D2D853E854F85588988
:10C5F0000F94B649A30192010F94EA4DEA89FB8991
:10C600006083718382839383F5013396EE0FFF1F5E
:10C61000EE0FFF1FE20DF31D408251826282738292
:10C620001EC0A101405E5F4F930182016FEF7FEF5B
:10C6300082E00E9427C92B013C0120E030E040E469
:10C640005FE30F94E94DD10118966D937D938D931F
:10C650009C931B97F101448655866686778669967A
:10C660000FB6F894DEBF0FBECDBFDF91CF911F9103
:10C670000F91FF90EF90DF90CF90BF90AF909F9081
:10C680008F907F906F905F904F903F902F90089584
:10C6900080E090E0A0E8BFE38D879E87AF87B88BEE
:10C6A000D12C0DCF2F923F924F925F926F927F923B
:10C6B0008F929F92AF92BF92CF92DF92EF92FF92B2
:10C6C0000F931F93CF93DF93CDB7DEB764970FB669
:10C6D000F894DEBF0FBECDBF1C017B8B6A8B4C8BE9
:10C6E0002D87DB01CD90DD90ED90FC9020E030E0D7
:10C6F00040E152E4C701B6010F94EA4D6E877F878F
:10C70000888B998B22ED30E040EE50EC0F944A502C
:10C7100087FD31C227E030E04EE353E46E857F852C
:10C72000888999890F94504918160CF424C2F10194
:10C73000408051806280738020E030E04CE352E41E
:10C74000C301B2010F94E94D4B015C0123EA31E0D2
:10C7500040E450EC0F944A5087FD0DC227E030E0D2
:10C7600042E253E4C501B4010F94504918160CF489
:10C7700002C226EE3FEF47E452E4C301B2010F9438
:10C780004A5087FDF8C127E030E041E153E4C3019E
:10C79000B2010F94504918160CF4EDC127E93FEF90
:10C7A0004FE151E4C701B6010F944A5087FDE3C140
:10C7B00027E030E041E153E4C701B6010F9450494E
:10C7C00018160CF4D8C10E94B0E1E0903702F09046
:10C7D00038020091390210913A0280912B02909117
:10C7E0002C02A0912D02B0912E0289879A87AB87E7
:10C7F000BC878091270290912802A0912902B091D4
:10C800002A0280932B0290932C02A0932D02B093C6
:10C810002E0219821A821B821C82DE0111966D0182
:10C820002E853F8548895989C501B4010F942C2074
:10C8300081E00F947922811129C18091B909412C9D
:10C84000512C30E2632E31EC732E82FF10C0209108
:10C85000CA093091CB094091CC095091CD0960E0D3
:10C8600070E080EA90EC0F94E94D2B013C0120E050
:10C8700030E040E051E4C301B2010F94BD218823B0
:10C8800009F444C060E070E080EC9FE72091CA09A1
:10C890003091CB094091CC095091CD090F94EA4DCC
:10C8A0006B017C019C89923009F0E6C080E090E049
:10C8B000A0E0B1E489839A83AB83BC8320E030E0BD
:10C8C00040EA50E460913702709138028091390259
:10C8D00090913A020F94EA4D6D837E838F839887FF
:10C8E000BE016F5F7F4FCE0105960F940F21BD856E
:10C8F000B33008F403C106EB13E0F80181918F0116
:10C90000882309F4CEC00E943D44F7CFC09037027F
:10C91000D0903802E0903902F0903A0280E090E046
:10C92000A0E0B1E489839A83AB83BC8320E030E04C
:10C9300040EA50E4C701B6010F94EA4D6D837E834F
:10C940008F8398875E01B5E0AB0EB11CBE016F5FAF
:10C950007F4FC5010F940F2120E030E040E85FE3F6
:10C96000C301B2010F94BD2181118CCF8091B80910
:10C970008F3F09F45EC040903702509038026090BB
:10C98000390270903A021A2D0B2D80903702909048
:10C990003802A0903902B0903A0220E030E040E046
:10C9A0005FE3C301B2010F94EA4D9B01AC01C501E5
:10C9B000B4010F94504987FF1DC01C9B1BC080E031
:10C9C00090E0A0E8BFE38D839E83AF83B8872AE021
:10C9D00037ED43EA5BE3C501B4010F94EA4D698387
:10C9E0007A838B839C83612F702FCE0101960F94E5
:10C9F0000F21CBCFA3019201C501B4010F94E94DE2
:10CA00009B01AC016091B2097091B3098091B409A6
:10CA10009091B5090F94EA4D6093B2097093B309F0
:10CA20008093B4099093B5098091B8098F5F809382
:10CA3000B80920E030E040E450E4609137027091A2
:10CA400038028091390290913A020F94B6494B0115
:10CA50005C01A7019601C701B6010F94EA4D9B0145
:10CA6000AC01C501B4010F94EA4D2DEC3CEC4CE453
:10CA70005EE30F94B6490ACFAC89A13009F037CFF5
:10CA800080E00F947922882309F431CF9D8593307B
:10CA900008F478C0C12CD12C90ECE92E9FE7F92E38
:10CAA0002ACFD1016D917D918D919C9143E00E949F
:10CAB000B54A0EEB13E0F80181918F01882319F03C
:10CAC0000E943D44F8CFAA89BB896D917D918D91DB
:10CAD0009C9143E00E94B54A03EC13E0F801819178
:10CAE0008F01882319F00E943D44F8CF43E0C7012D
:10CAF000B6010E94B54A8AE00E943D4489859A8524
:10CB0000AB85BC8580932B0290932C02A0932D02C1
:10CB1000B0932E02A7019601C701B6010F94DC5015
:10CB2000882371F080E00F94792260E085E49DE233
:10CB30000E9448880E94324583E39DE20E948E4411
:10CB4000C701B60164960FB6F894DEBF0FBECDBF25
:10CB5000DF91CF911F910F91FF90EF90DF90CF90D9
:10CB6000BF90AF909F908F907F906F905F904F900D
:10CB70003F902F900895C12CD12C20ECE22E2FE76E
:10CB8000F22EDECF89859A85AB85BC8580932B02FA
:10CB900090932C02A0932D02B0932E02C12CD12C85
:10CBA00080ECE82E8FE7F82EBDCF8F929F92AF9248
:10CBB000BF920F931F93CF93DF93CDB7DEB7A197AB
:10CBC0000FB6F894DEBF0FBECDBF19A2423008F4F5
:10CBD0004AE08E010F5D1F4F842E912CB12CA12CA9
:10CBE000A50194010F94434DE62FB901CA01EA3023
:10CBF00044F5E05DD801EE938D01232B242B252BEA
:10CC000079F790E080E0109769F0FD010190002035
:10CC1000E9F73197AF014A1B5B0BBD018AE393E152
:10CC20000E94B0C5A1960FB6F894DEBF0FBECDBF6F
:10CC3000DF91CF911F910F91BF90AF909F908F90F8
:10CC40000895E95CD7CF0F931F93CF93DF938B01A8
:10CC5000C42F622F0E942333882371F1CC23E1F08B
:10CC6000C8010E9466C525E130E0A901481B5109B1
:10CC7000CA0157FD019695958795C0E8DFE7D80F63
:10CC80008D2F8C0F87FD09C060E270E080E090E09E
:10CC90000E94CC33C150F4CFC0E86C2F70E0C801C3
:10CCA0000E943734C81BC73038F060E270E080E083
:10CCB00090E00E94CC33F6CFDF91CF911F910F917E
:10CCC00008950F931F93CF93DF93982F862F8A0198
:10CCD000D22F692F0E942333882341F162E770E04D
:10CCE000C8010E943734C2E7C81BC73038F060E281
:10CCF00070E080E090E00E94CC33F6CF8091A909EB
:10CD00009AE790937513809376136D2FDD0F770B51
:10CD1000880B990B0E94CC3360E270E080E090E0D9
:10CD2000DF91CF911F910F910C94CC33DF91CF9174
:10CD30001F910F9108951F93CF93DF93D82FC62F84
:10CD4000142F682F8C2F0E942333882309F448C0A6
:10CD5000112331F062E070E080E090E00E94CC337B
:10CD60008091670981112CC08AE599E068E770E03D
:10CD70000E949234C8E7C81BC73090F160E270E0AF
:10CD800080E090E00E94CC33F6CF8091A515C817C3
:10CD900089F0C093A51587E699E00E943BBF8451B6
:10CDA000990B97FD80E0809359091092580988E00B
:10CDB000809326028091580990E08959964FD6CFEA
:10CDC00087E699E0DD2391F28DE08150F0F2CC0FFF
:10CDD000C11DE82FF0E0E65AF64F9081C927F5CF44
:10CDE000DF91CF911F910895CF93C82F0E9400B972
:10CDF000809157098093540987E38093550986E011
:10CE0000809356096AE070E088EE93E00E940F88F4
:10CE100080915309815080935309882361F01092C7
:10CE20005209C0934F091092570910923012109274
:10CE30002F12CF91089510924F09FBCF8F929F929E
:10CE4000AF92BF92CF92DF92EF92FF92CF93FC010D
:10CE5000C080D180E280F38020E030E44CE156E4F1
:10CE6000C701B6010F94B6494B015C0120E030E0E8
:10CE7000A901C701B6010F94504920E030E040EA13
:10CE800050E487FF04C020E030E040EA50ECC501E8
:10CE9000B4010F94EA4D20E030E040E251E40F94F9
:10CEA000E44E0F94564F6B017C01C114D104E10490
:10CEB000F10409F456C0F7FE54C0F094E094D09405
:10CEC000C094C11CD11CE11CF11C8DE28093480967
:10CED000C701B60128EE33E040E050E00F94654D05
:10CEE0008AE0882E912CA12CB12CCA01B901A50190
:10CEF00094010F94654D605D609349098EE28093C3
:10CF00004A09C701B60124E630E040E050E00F9442
:10CF1000654DCA01B901A50194010F94654D605D8D
:10CF200060934B09C701B601A50194010F94654DAB
:10CF3000C62FCA01B901A50194010F94654D605D2A
:10CF400060934C09C05DC0934D0988E499E0CF918E
:10CF5000FF90EF90DF90CF90BF90AF909F908F9019
:10CF6000089580E2B3CF2F923F924F925F926F92DB
:10CF70007F928F929F92AF92BF92CF92DF92EF9269
:10CF8000FF920F931F93CF93DF931C01EB01790165
:10CF9000BA01550F880B990B0F9457494B015C014F
:10CFA00020E030E040E057EC0F944A5018162CF087
:10CFB000812C912CA12C97ECB92EC501B4010F94B2
:10CFC000564F2B013C01B701FF0C880B990B0F94B6
:10CFD00057496B017C0120E03EEF4FEF56E40F9480
:10CFE000504987FD07C0C12C8EEFD82EEE24EA945D
:10CFF00086E4F82E68817981072E000C880B990B46
:10D000000F9457494B015C01C301B2010F9457497A
:10D010009B01AC01C501B4010F94E94D0F945D4F24
:10D020004B01C701B6010F94564F6B017C01C41828
:10D03000D508E608F7080E94E08B83E08093490258
:10D040003092460920924509D0934409C093430980
:10D0500040923F0950924009609241097092420902
:10D06000C0923B09D0923C09E0923D09F0923E0902
:10D070009092301280922F1283E89CEA9093391399
:10D080008093381310933A090093390910923809A4
:10D09000DF91CF911F910F91FF90EF90DF90CF9094
:10D0A000BF90AF909F908F907F906F905F904F90C8
:10D0B0003F902F9008952F923F924F925F926F92E0
:10D0C0007F928F929F92AF92BF92CF92DF92EF9218
:10D0D000FF920F931F93CF93DF9300D000D0CDB773
:10D0E000DEB71C017E836D8349015A012701380197
:10D0F000860120E030E040E057ECC501B4010F9418
:10D100004A5018162CF0812C912CA12C97ECB92E9A
:10D11000C501B4010F94564F4B015C0120E03EEF76
:10D120004FEF56E4C301B2010F94504987FD07C089
:10D13000412C8EEF582E66246A9486E4782EC50121
:10D14000B4010F9457499B01AC01ED81FE816081D0
:10D150007181828193810F94E94D0F945D4F6983B2
:10D160007A838B839C83C301B2010F94564F6B016A
:10D170007C01C818D908EA08FB080E94E08B83E00C
:10D180008093490230924609209245098D819E8103
:10D19000909344098093430980923F0990924009FB
:10D1A000A0924109B0924209C0923B09D0923C0939
:10D1B000E0923D09F0923E09E981FA81F093301244
:10D1C000E0932F128DE79CEA9093391380933813E4
:10D1D00010933A09009339091092380926960FB630
:10D1E000F894DEBF0FBECDBFDF91CF911F910F919D
:10D1F000FF90EF90DF90CF90BF90AF909F908F9077
:10D200007F906F905F904F903F902F900895CF92B6
:10D21000DF92EF92FF920F931F93CF93DF938C01D6
:10D22000EB0120E030E04AE754E4688179818A81AB
:10D230009B810F94B6490F945D4F6B010E94E08B68
:10D2400083E0809349021093460900934509D093E7
:10D250004409C093430910923F091092400910926B
:10D260004109109242098CEA96E2A0E0B0E0809376
:10D270003B0990933C09A0933D09B0933E09D0929D
:10D280003012C0922F1287E79CEA90933913809353
:10D29000381310923A091092390910923809DF9127
:10D2A000CF911F910F91FF90EF90DF90CF90089555
:10D2B000CF92DF92EF92FF920F931F93CF93DF9362
:10D2C0008C01EB0120E030E040E251E4688179819B
:10D2D0008A819B810F94B64920E030E048E452E413
:10D2E0000F94E94D0F945D4F6B010E94E08B83E03A
:10D2F000809349021093460900934509D09344094D
:10D30000C093430982E390E0A0E0B0E080933F093E
:10D3100090934009A0934109B09342098DEC9FE797
:10D32000A0E0B0E080933B0990933C09A0933D09B5
:10D33000B0933E09D0923012C0922F1281E79CEA3E
:10D34000909339138093381381E493E890933A09CA
:10D350008093390910923809DF91CF911F910F9175
:10D36000FF90EF90DF90CF9008954F925F926F9271
:10D370007F928F929F92AF92BF92EF92FF920F9304
:10D380001F93CF93DF937C01EB01CA01B9010F9486
:10D3900055492AE037ED43E25CE30F94B6492B018F
:10D3A0003C0120E03EEF4FEF56E40F94504987FDDB
:10D3B00007C0412C8EEF582E66246A9486E4782E9E
:10D3C000688179818A819B810F9455492AE037EDE4
:10D3D00043E25CE30F94B64920E030E040E85FE3CD
:10D3E0000F94E94D0F945D4F4B010E94E08B83E059
:10D3F00080934902F0924609E0924509D09344098E
:10D40000C093430981E090E0A0E0B0E080933F0941
:10D4100090934009A0934109B0934209C301B2011E
:10D420000F94564F615071098109910960933B092E
:10D4300070933C0980933D0990933E09909230127D
:10D4400080922F128BE69CEA9093391380933813C5
:10D4500010933A090093390910923809DF91CF915E
:10D460001F910F91FF90EF90BF90AF909F908F9082
:10D470007F906F905F904F90089581E08093360980
:10D480001092320910923309109234091092350922
:10D490000895BF92CF92DF92EF92FF920F931F9366
:10D4A000CF93DF93D82F709331096093300961E0F7
:10D4B00081E00E94A489C0912E1285E0B82EBC0E96
:10D4C00091E005E00C1B1C2F119584E0F82EFC1A4E
:10D4D00083E0E82EEC1A82E0D82EDC1AC92ECC1A92
:10D4E000D13009F4AAC008F453C0D23009F4C7C03F
:10D4F00040913B0250913C0260913D0270913E028E
:10D5000040932B0950932C0960932D0970932E0999
:10D51000C1111EC0992389F080912F0918166CF053
:10D5200020912F12309130122F5F3F4F30933012E5
:10D5300020932F128F5F80932F09809149028823B7
:10D5400039F021E041E064E17DE2812F0E9423E691
:10D550008091190A81111EC0609147127091481282
:10D560008091491290914A120F94564F2091470290
:10D5700030914802621773076CF4C13009F4A1C0FE
:10D5800082E0CF5F90E0BC12ABCF80932D12BBC086
:10D59000CC23C9F0C13009F0CFC080912F09813070
:10D5A00009F4BBC080914902882359F181E0909130
:10D5B0002F09913009F080E024E04AEF5CE26C2D05
:10D5C0000E9461E61EC0992389F080912F091816E8
:10D5D0006CF020912F12309130122F5F3F4F30931B
:10D5E000301220932F128F5F80932F098091490270
:10D5F000882339F021E041E06CE27DE2812F0E9436
:10D6000023E6D230D1F5C53009F059C080912F09F9
:10D61000853009F4EEC080914902882309F44FC097
:10D6200081E090912F09953009F080E023E04FECE4
:10D630005CE2602F0E9461E642C0C111ABCF99232A
:10D6400089F080912F0918166CF020912F123091DB
:10D6500030122F5F3F4F3093301220932F128F5F85
:10D6600080932F0980914902882339F021E041E01D
:10D6700065E27DE2812F0E9423E685E082CFC11121
:10D6800089CF992389F080912F0918166CF0209189
:10D690002F12309130122F5F3F4F30933012209372
:10D6A0002F128F5F80932F0980914902882339F0D0
:10D6B00021E041E06EE17DE2812F0E9423E686E0D9
:10D6C00060CF80912F09813091F0809149028823A9
:10D6D00009F456CF81E090912F09913009F080E054
:10D6E00024E044E05DE26C2D0E9461E649CF809128
:10D6F000370910923709882341F30E942F8F8091B8
:10D700002A12882311F3DF91CF911F910F91FF907F
:10D71000EF90DF90CF90BF900895809137091092DD
:10D720003709882309F43ECF0E942F8F80912A1257
:10D73000882309F437CFE7CFC23009F06BC080915E
:10D740002F09823081F080914902882309F459CF52
:10D7500081E090912F09923009F080E023E040EFC2
:10D760005CE26D2D2DCF8091370910923709882307
:10D7700051F385EE91E80E94058C80912A1288234E
:10D7800011F3C1CF80912F098330A9F08091490214
:10D79000882309F436CF81E090912F09933009F066
:10D7A00080E023E047EE5CE26E2D0E9461E6D2301D
:10D7B00009F063CF84CF809137091092370988230D
:10D7C00029F38FED91E80E94058C80912A1288231D
:10D7D000E9F299CF8091370910923709882321F116
:10D7E00089ED91E80E94058C80912A128823E1F04E
:10D7F0008ACF8091370910923709882309F40BCF1B
:10D8000083ED91E80E94058C80912A12882309F407
:10D8100002CF79CFC33009F4B5CFC43009F0F1CECF
:10D8200080912F098430B1F280914902882309F454
:10D83000E8CE81E090912F09943009F080E023E058
:10D840004CED5CE26F2DB1CF8150823108F05AC0AF
:10D85000E82FF0E08827E05DF3418F4F0D94DA4D1B
:10D8600050EC54EC42EC48EC4CEC82EC57EC5DECA8
:10D8700061EC67EC6BEC6FEC75EC79EC82EC7DECB9
:10D8800083EC87EC809180008F77809380000895EF
:10D89000809180008F7DF9CF80918000877FF5CFC8
:10D8A00084B58F7784BD089584B58F7DFBCF80913B
:10D8B000B0008F778093B00008958091B0008F7D85
:10D8C000F9CF809190008F77809390000895809198
:10D8D00090008F7DF9CF80919000877FF5CF809168
:10D8E000A0008F778093A00008958091A0008F7D85
:10D8F000F9CF8091A000877FF5CF809120018F77AD
:10D90000809320010895809120018F7DF9CF80912F
:10D910002001877FF5CF1F93CF93DF93282F30E02F
:10D92000F901E758F34D8491F901EB54FF4CD49180
:10D93000F901E15AFF4CC491CC23A9F0162F8111B3
:10D940000E9424ECEC2FF0E0EE0FFF1FE55DFF4C92
:10D95000A591B4918FB7F894EC91111108C0D095AE
:10D96000DE23DC938FBFDF91CF911F910895DE2BD3
:10D97000F8CF1F93CF93DF93182FEB010E94E6CBD4
:10D98000209739F460E0812FDF91CF911F910C94A3
:10D990008BECCF3FD10511F461E0F5CFE12FF0E042
:10D9A000E758F34DE491E150E23108F0B3C0F0E004
:10D9B0008827E252F3418F4F0D94DA4DF0ECF8ECEA
:10D9C000FDEC07ED11ED8AED1BED23ED2BED35EDB3
:10D9D0003FED49ED58ED62ED8AED6CED76ED80EDB1
:10D9E00084B5806884BDC7BDDF91CF911F91089534
:10D9F00084B5806284BDC8BDF7CF80918000806807
:10DA000080938000D0938900C0938800EDCF8091EF
:10DA10008000806280938000D0938B00C0938A0046
:10DA2000E3CF80918000886080938000D0938D0048
:10DA3000C0938C00D9CF8091B00080688093B000F3
:10DA4000C093B300D1CF8091B00080628093B000CA
:10DA5000C093B400C9CF80919000806880939000FB
:10DA6000D0939900C0939800BFCF809190008062BE
:10DA700080939000D0939B00C0939A00B5CF809183
:10DA80009000886080939000D0939D00C0939C008C
:10DA9000ABCF8091A00080688093A0008091A0000F
:10DAA0008F7B8093A000D093A900C093A8009CCF47
:10DAB0008091A00080628093A000D093AB00C093BF
:10DAC000AA0092CF8091A00088608093A000D0939C
:10DAD000AD00C093AC0088CF809120018068809316
:10DAE0002001D0932901C09328017ECF809120018D
:10DAF000806280932001D0932B01C0932A0174CFC0
:10DB000080912001886080932001D0932D01C093E3
:10DB10002C016ACFC038D1050CF03ECF33CF8F92A5
:10DB20009F92AF92BF92CF92DF92EF92FF926B01E2
:10DB30007C010E948BC54B015C01C114D104E1043E
:10DB4000F104B9F00E948BC5681979098A099B090B
:10DB5000683E73408105910580F321E0C21AD10827
:10DB6000E108F10888EE880E83E0981EA11CB11C24
:10DB7000E4CFFF90EF90DF90CF90BF90AF909F9059
:10DB80008F9008952FB7F89460919D1570919E1510
:10DB900080919F159091A0152FBF0895CF92DF928D
:10DBA000EF92FF9260914B1270914C1261157105CA
:10DBB000C9F1C0904712D0904812E0904912F090FD
:10DBC0004A126D507109072E000C880B990B0F94A7
:10DBD00057499B01AC01C701B6010F94504987FF1B
:10DBE00021C020E030E040E050E4C701B6010F94CE
:10DBF000EA4D0F945D4F70933E1260933D120E9468
:10DC0000C2ED605E714B8F4F9F4F60933F127093D8
:10DC100040128093411290934212FF90EF90DF9058
:10DC2000CF90089510923F1210924012109241121C
:10DC300010924212F2CF4F925F926F927F928F9228
:10DC40009F92BF92CF92DF92EF92FF920F931F931A
:10DC5000CF93DF937C014B01B22E80912812D0E04C
:10DC6000C0E0222321F080912312C1E0D0E0811195
:10DC70002DC0FA014080518062807380CE01880FF0
:10DC8000991F880F991F9C0122503A4E6901A301E8
:10DC90009201F60160817181828193810F945049D4
:10DCA000882309F1F6014082518262827382DD2469
:10DCB000D39420E030E0A901C301B2010F944A508F
:10DCC00018160CF0D12CF701D4820DC0F701148284
:10DCD000FE01EE0FFF1FEE0FFF1FE250FA4E108203
:10DCE000118212821382F70184818230E9F083303D
:10DCF00009F462C0813009F040C0FE01EE0FFF1F41
:10DD0000EE0FFF1FE250FA4E208131814281538194
:10DD1000F40160817181828193810F94504987FD64
:10DD20002CC082E0F7018483CC0FDD1FCC0FDD1FF8
:10DD3000C250DA4EB80190E080E00F9455499B0143
:10DD4000AC01688179818A819B810F94E94D9B01A7
:10DD5000AC01F40160817181828193810F944A50FA
:10DD600087FD1BC00E94C2ED6856754C8F4F9F4FB8
:10DD7000F7016083718382839383DF91CF911F9139
:10DD80000F91FF90EF90DF90CF90BF909F908F907A
:10DD90007F906F905F904F9008950E94C2EDF701C1
:10DDA0000081118122813381601B710B820B930BE7
:10DDB00097FDE3CF83E08483FFEF4BE051E3BF1295
:10DDC00002C042E251E366E371E38B2DDF91CF9114
:10DDD0001F910F91FF90EF90DF90CF90BF909F9099
:10DDE0008F907F906F905F904F900D941D08CF9211
:10DDF000DF92EF92FF920E94C2ED6B017C0128E559
:10DE0000C20E22E0D21EE11CF11C0E9462678F3F0D
:10DE100071F00E94C2ED6C197D098E099F0997FD72
:10DE2000F4CF80E0FF90EF90DF90CF90089581E0F5
:10DE3000F9CF1F920F920FB60F9211242F933F9399
:10DE40008F939F93AF93BF9380919D1590919E1553
:10DE5000A0919F15B091A01530919C1523E0230F40
:10DE60002D3758F50196A11DB11D20939C15809367
:10DE70009D1590939E15A0939F15B093A01580912A
:10DE8000A1159091A215A091A315B091A41501968A
:10DE9000A11DB11D8093A1159093A215A093A31568
:10DEA000B093A415BF91AF919F918F913F912F9106
:10DEB0000F900FBE0F901F90189526E8230F029623
:10DEC000A11DB11DD2CFCF92DF92EF92FF926B01D5
:10DED0007C01C114D104E104F10441F00F94994490
:10DEE000A70196010F94654D6B017C01C701B60136
:10DEF000FF90EF90DF90CF900895FC018081928198
:10DF0000980F92832181921760F494819F5F94838C
:10DF10009381890F821710F08FEF820F838381E046
:10DF2000089580E00895FC011282808181508383EE
:10DF300014820895FB014181DC0112962C91129705
:10DF4000421768F013962C911397241740F06081C4
:10DF500015962C91621718F424810C94DDC5089550
:10DF6000DB01ED91FC9119940F931F93CF93DF93F5
:10DF70001F92CDB7DEB70091401310914113E0918D
:10DF80006F13F091701382E0199530E020E04AE0C1
:10DF9000B8018EE393E10E94B0EF182FE0916F1368
:10DFA000F091701383E01995E0916F13F091701365
:10DFB00080E019951123B9F16091401370914113DC
:10DFC0009E012F5F3F4F46E48EE393E10E94B0EF46
:10DFD000898180933E1360914013709141139E019B
:10DFE0002F5F3F4F47E48EE393E10E94B0EF8981BA
:10DFF00080933F13609140137091411330E020E013
:10E0000048E48EE393E10E94B0EF8093491360915E
:10E0100040137091411321E733E147E18EE393E12F
:10E020000E94B0EF11E0812F0F90DF91CF911F91EF
:10E030000F910895DF92EF92FF920F931F93CF936A
:10E04000DF93182F062FC42FD42FF62EF40EEE24B4
:10E05000E394DD24DA948F2D8D1BD83090F58C2F2E
:10E06000887F800F9C2F96959695969528EF929F86
:10E07000C00D1124CC23D1F197E0C9276091401342
:10E080007091411310935A1380935B1381E0809336
:10E090005D13CF5FC7708FEF90E001C0880FCA9506
:10E0A000EAF780935C132AE533E14BE38EE393E1D7
:10E0B000DF91CF911F910F91FF90EF90DF900C9423
:10E0C000B0EF609140137091411310935A138093F5
:10E0D0005B13E0925D13D0925C132AE533E14BE3CE
:10E0E0008EE393E10E94B0EFD850B5CFDF91CF918E
:10E0F0001F910F91FF90EF90DF9008950F931F9362
:10E10000CF93DF93C82FD62F142F042F21E0462F53
:10E11000682F8EE393E10E9437C6882349F0412F90
:10E120006D2F8C2FDF91CF911F910F910C941AF0CE
:10E13000DF91CF911F910F910895AF92BF92CF922F
:10E14000DF92EF92FF920F931F93CF93DF93EC0137
:10E15000E62EF42E122F022FD62ED20ECC24CA94E5
:10E160005C012CE1A20EB11C8D2D801B083070F5D6
:10E17000812F887F8E0D912F96959695969528EFF5
:10E18000929F100D1124112371F197E019276A81D4
:10E190007B818C8FFD8E1F8E1F5F17708FEF90E03D
:10E1A00001C0880F1A95EAF78E8F9E01245E3F4FBB
:10E1B0004BE3CE01DF91CF911F910F91FF90EF9034
:10E1C000DF90CF90BF90AF900C94B0EF6A817B81CD
:10E1D0008C8FFD8E1F8ECE8E95014BE3CE010E945B
:10E1E000B0EF0850C1CFDF91CF911F910F91FF90F9
:10E1F000EF90DF90CF90BF90AF900895FF920F9374
:10E200001F93CF93DF93D82F162FF42EC22F022FF8
:10E21000242F462F682F8EE393E10E9437C6882370
:10E2200009F12F2D412F6D2F8EE393E10E949DF078
:10E230004C2F612F8D2F0E941AF08FEF8F0D4C2FD6
:10E24000612F8D0F0E941AF04FEF4C0F410F2F2DB1
:10E250006D2F8EE393E1DF91CF911F910F91FF908E
:10E260000C949DF0DF91CF911F910F91FF90089535
:10E270000F931F93CF93DF93C82FD62F142F01E056
:10E28000242F462F682F8EE393E10E9437C6882300
:10E2900059F0212F4D2F6C2F8EE393E1DF91CF9119
:10E2A0001F910F910C949DF0DF91CF911F910F91D1
:10E2B0000895EF92FF920F931F93CF93DF937C010A
:10E2C000D62FC42F122F040F212F4C2F6D2FC701D3
:10E2D0000E949DF0CF5FC013F7CFDF91CF911F91C8
:10E2E0000F91FF90EF900895DF92EF92FF920F93BE
:10E2F0001F93CF93DF93EC01162FF42EE22E0E9492
:10E3000037C6882331F02E2D4F2D612FCE010E946C
:10E3100059F1DF91CF911F910F91FF90EF90DF9016
:10E320000895EF92FF920F931F93CF93DF93182FCF
:10E330007B01D42FCB010E9466C5C12FCC0FC10F2A
:10E34000CC0FDD2391F091E090935E13282F220FE4
:10E35000280F220F2E5F0BE043E36FEF6C0F8EE36D
:10E3600093E10E9474F110925E13C09375138CE3D5
:10E3700080937613C7010E948E34DD2319F081E06B
:10E3800080935E13DF91CF911F910F91FF90EF90DB
:10E3900008953F924F925F926F927F928F929F92D9
:10E3A000AF92BF92CF92DF92EF92FF920F931F93A3
:10E3B000CF93DF931F921F92CDB7DEB75C01680148
:10E3C000E0912F12F0913012309759F091E01E1623
:10E3D0001F060CF090E090930616109230121092E7
:10E3E0002F121091370910923709111105C0809131
:10E3F0004902882309F46AC049012A013B0130908F
:10E400000616C9010E9466C5082FC7010E9466C58D
:10E410001A821982C114D104B1F4402F50E0282F80
:10E4200030E0CA01820F931F46976CF485E190E0BB
:10E43000841B950B821B930B97FD019695958795F1
:10E440008A8381E0898301E020E331E8A401BE01F1
:10E450006F5F7F4FCE0102960E946BBEC114D10444
:10E4600091F08A81882321F01A8289818F5F8983C4
:10E4700000E023E331E8A601BE016F5F7F4FCE01CC
:10E4800002960E946BBE00E020E331E8A701BE01C6
:10E490006F5F7F4FCE0102960E946BBE41E0432525
:10E4A000B30181E00E9491F1C5010E9466C5432D30
:10E4B000B50194E1981B892F0E9491F1112331F04D
:10E4C000809106168823B1F0F20119950F900F90F4
:10E4D000DF91CF911F910F91FF90EF90DF90CF9040
:10E4E000BF90AF909F908F907F906F905F904F9074
:10E4F0003F9008950E942F8FE9CFEF92FF921F93D4
:10E50000CF93DF93EC01EE85FF85309709F01995E5
:10E51000EA80FB80E9A9FAA982E01995E9A9FAA99C
:10E5200081E0199530E020E045E1B701CE010E947D
:10E53000B0EF182F882341F09E012D5C3F4F47E13B
:10E54000B701CE010E94B0EFE9A9FAA980E01995C0
:10E55000812FDF91CF911F91FF90EF900895DC0103
:10E5600014968D919C9115978617970709F43CC0D6
:10E5700015967C936E9314976115710579F15796F2
:10E580008C915797FB01811130C03596E4915896D4
:10E59000EC935897645F7F4FFB01649159966C939D
:10E5A000599758968C915897082E000C990B5996AC
:10E5B0002C915997821B910927FD93955A962C917E
:10E5C0005A97203441F0829FC001112426E096958D
:10E5D00087952A95E1F75B968C935B9789E895EC94
:10E5E00056969C938E9355970895813041F43F96AB
:10E5F000E4915896EC935897605F7F4FCDCF3D964E
:10E60000E4915896EC935897625F7F4FC5CFBF92C5
:10E61000CF92DF92EF92FF920F931F93CF93DF93EE
:10E620008C01E62EDC011496CD91DC91CE010E9486
:10E6300016C6F82EF801848195810E9419C6B82E5D
:10E64000F1E0CC24CA94FF1202C02FE0C22ED80100
:10E6500014968D919C910E9412C6F82EF801848127
:10E6600095810E940EC6D82ED80114968D919C914A
:10E670000E942FC6B0E6BE1520F5009711F1C80F15
:10E68000D91F91E6F92EDE1468F5D80150961C9238
:10E69000509753961C92539754961C9254975196A8
:10E6A0001C92519752961C92D0E0C0E0CE01DF91AF
:10E6B000CF911F910F91FF90EF90DF90CF90BF907F
:10E6C0000895F801848195810E9432C6F0E4FE1518
:10E6D00038F4009729F0C80FD91F81E4F82ED3CF62
:10E6E0006196D1CFDF1488F28B2D90E0FE0124914A
:10E6F0002F3F29F42196FD1441F2F394F7CFFE1039
:10E700004BC0D80114968D919C910E9416C69E0113
:10E710002F5F3F4FFE01882311F08230E1F4849196
:10E72000D80153968C935397F901249154962C93C6
:10E730005497FE013396E4915096EC935097FE0166
:10E740003496E4915196EC935197FE013596E491FD
:10E750005296EC93ABCF8491982F9F709250D80132
:10E7600052969C93529782958F7051968C935197A5
:10E77000F9012491822F8F7054968C93549722958F
:10E780002F7053962C935397FE013296E491E295A5
:10E79000EF705096EC938ACF3296E491EC21E80F1B
:10E7A000F92FF11DCE0FDF1FA6CF5F926F927F92E0
:10E7B0008F929F92AF92BF92CF92DF92EF92FF9291
:10E7C0000F931F93CF93DF93EC01562E142F622FDC
:10E7D0000E9407F36C0180E0C114D104B1F08C8178
:10E7E0009D810E9419C6B82EFB88EC888989580E35
:10E7F0001E198A89181B0E2D2F2D412F652DCE0134
:10E800000E9437C6811111C08889DF91CF911F9175
:10E810000F91FF90EF90DF90CF90BF90AF909F90BF
:10E820008F907F906F905F900895CB0CD11C87E004
:10E83000F80EF694F694F694E10E4E01ECE18E0E8D
:10E84000911C6F2C712C1E15F9F2052D560111C06B
:10E85000F50184916A817B810C8F1D8F1F8E8E8FB5
:10E8600094014BE3CE010E94B0EFFFEFAF1ABF0A55
:10E87000085F8A2D8C198F1558F3C60CD71C1F5FA3
:10E88000E2CFFF920F931F93CF93DF93D82FF62EF3
:10E890008A01E0915313F09154138EE393E119959B
:10E8A000F80EC0E0F8012491222359F04F2D6D2F6E
:10E8B0008EE393E10E94D5F3D80FC80F0F5F1F4F6F
:10E8C000F1CF8C2FDF91CF911F910F91FF90089581
:10E8D000CF92DF92EF92FF920F931F93CF93DF932C
:10E8E0007C01D62E042FC22E132FDC015596ED91FC
:10E8F000FC911995080FCC2DD12F10E029912111F1
:10E900000AC0812FDF91CF911F910F91FF90EF905F
:10E91000DF90CF900895402F6D2DC7010E94D5F351
:10E92000D80E180FEBCF4F925F926F927F928F921B
:10E930009F92AF92BF92CF92DF92EF92FF920F938E
:10E940001F93CF93DF93EC01562E142F622E402E8F
:10E95000220F220F220F0E9437C6882319F1410E81
:10E960005E018CE1A80EB11C862C912C762C052D15
:10E970006701F60184916A817B810C8F1D8F1F8E48
:10E980008E8F95014BE3CE010E94B0EFFFEFCF1ABF
:10E99000DF0A7A94085F7110ECCFE80CF91C1F5F56
:10E9A0004112E4CFDF91CF911F910F91FF90EF9033
:10E9B000DF90CF90BF90AF909F908F907F906F909F
:10E9C0005F904F900895EF92FF920F938CE8E82E9E
:10E9D0008DE2F82E00E428E040E060E08EE393E171
:10E9E0000E9493F465E770E48EE393E10E94AFF236
:10E9F00028EC33E041E169E38EE393E10E9468F49F
:10EA00006AE17DE38EE393E10E94AFF22DEC33E007
:10EA10004CE16AE38EE393E10E9468F46DE776E3EC
:10EA20008EE393E10E94AFF22DED33E049E26BE318
:10EA30008EE393E10E9468F46DE776E38EE393E161
:10EA40000E94AFF229EE33E04EE36DE38EE393E1F3
:10EA50000E9468F424E933E04EE362E48EE393E13C
:10EA60000E9468F460E571E38EE393E10F91FF90FB
:10EA7000EF900C94AFF28BE1E0E9F2E1A5E7B2E1AF
:10EA800001900D928A95E1F708951092CE0680913B
:10EA900097148F7D8B7F809397140E94E63588238F
:10EAA00021F08AE592E10D94E10208958091971496
:10EAB00083FF03C084608093971408955F926F92E0
:10EAC0007F928F929F92AF92BF92CF92DF92EF92FE
:10EAD000FF920F931F93CF93DF93CDB7DEB76DB641
:10EAE0007EB6DC010D900020E9F79D01281B390B53
:10EAF0002C5F3F4FEDB7FEB7E21BF30B0FB6F89458
:10EB0000FEBF0FBEEDBF0DB71EB70F5F1F4F9F9328
:10EB10008F9386EE99E29F938F931F930F930F9499
:10EB2000E7487801F4E0EF0EF11C0F900F900F9082
:10EB30000F900F900F90D7018D917D01882349F0A0
:10EB4000082E000C990B0F94FC50F701319780832D
:10EB5000F2CFC8010E945E5A82EEE82E89E2F82EBA
:10EB600010E000E08DB69EB6F701E00FF11F549063
:10EB70006801BFEFCB1ADB0A552019F0EAE05E12FC
:10EB800022C04DB75EB74C195D090FB6F8945EBF51
:10EB90000FBE4DBF8DB79EB701965C01A801B701AE
:10EBA0000F948948F501E00FF11F1082C5010E9402
:10EBB0005E5A552051F0EC0CFD1C0FB6F8949EBE29
:10EBC0000FBE8DBECFCF8601CFCF0FB6F8947EBEDD
:10EBD0000FBE6DBEDF91CF911F910F91FF90EF900F
:10EBE000DF90CF90BF90AF909F908F907F906F906D
:10EBF0005F9008958F929F92AF92BF92CF92DF92D3
:10EC0000EF92FF92CF9380919714877F8093971410
:10EC100080919312882321F080E992E10F94E10220
:10EC2000109229161092261685E3809325160E94CD
:10EC3000C2ED6B017C0120EDC20E27E0D21EE11C6B
:10EC4000F11CA89561E0809125160E948BEC8091C3
:10EC500025160E94E6CB209A289A219A2398229A78
:10EC600081E00E94696785E0809327160E946967AA
:10EC7000CAE08FEF0E945D67C150D9F7A89520E0E8
:10EC800030E0A90160E085E296E10E9434FE8093C5
:10EC90002816813021F10E94C2ED6C197D098E0980
:10ECA0009F0997FDECCF81E08093261685E296E1DF
:10ECB0000E942CFE0E94804684ED99E20E948E44C0
:10ECC0000E943BF583E080934902CF91FF90EF9043
:10ECD000DF90CF90BF90AF909F908F900895A895B0
:10ECE0002AEA31E040E050E068E085E296E10E94E7
:10ECF00034FE853069F581E080932916A8958091CE
:10ED00002916812C912C5401823029F4812C912CCC
:10ED1000A12C80E4B82E20E030E0A90167E385E271
:10ED200096E10E9434FEA501940169E285E296E134
:10ED30000E9434FE809328168823F9F00E94C2EDC9
:10ED40006C197D098E099F0997FDE5CF8AE0ACCF4C
:10ED5000C4E00E94626780932816C150D1F78A3AB6
:10ED600011F482E0C9CF0E94C2ED6C197D098E09B1
:10ED70009F0997FDB5CF82E097CF80912916823009
:10ED8000D1F420E030E0A9016AE385E296E10E9437
:10ED900034FE882311F088E087CF0E946267807C70
:10EDA000803C19F483E0809329160E9462670E94D8
:10EDB00062670E94626785E296E10E942CFE1092D3
:10EDC000271681E00E946FC681110AC080E00E9470
:10EDD0006FC6811105C00E94324580EC99E26ECF6A
:10EDE00067E076E180E992E10F94AE00811105C001
:10EDF0000E9432458FEA99E261CF80919714886032
:10EE0000809397140E94804683EA99E20E948E4480
:10EE10000E948B4055CF2F923F924F925F926F92FC
:10EE20007F928F929F92AF92BF92CF92DF92EF929A
:10EE3000FF920F931F93CF93DF93CDB7DEB7C356E7
:10EE4000D1090FB6F894DEBF0FBECDBF8C016B01A8
:10EE50004A012DB63EB6512C9DE0492E7E0187E534
:10EE6000E80EF11CF6018381823008F4AAC0808587
:10EE70009185A285B3858F719927AA27BB27892BF6
:10EE80008A2B8B2B09F09DC01092670940E250E05D
:10EE9000BE016F5F7F4FC6010F942A039C018097CC
:10EEA00009F08FC08981882309F48BC0853E61F306
:10EEB0008E3251F39C85492F4F734F3029F54B8D7E
:10EEC0005C8D452B09F5482F4F715FEF540F55307E
:10EED000D8F44150550B449E9001459E300D1124AD
:10EEE000D901A959B64FFE01319640E0453050F5A1
:10EEF00051815D934F5F32964D30C1F786FF04C05C
:10EF0000F901EC58F64F108293FDC0CF222309F48B
:10EF100058C0892F88718031D9F420913C07215045
:10EF20002230B0F06DB67EB6BE016F5F7F4FC70175
:10EF30000E9459C60115110509F062C021E081E067
:10EF400090E06BC04B3010F45481D3CF5681D1CFB9
:10EF5000209167092E3209F485CF9A7009F082CF8B
:10EF600021E0803109F020E09091971420FB94F982
:10EF700090939714803141F08985873409F072CFDE
:10EF80008A858E3709F46ECF80913C07813009F471
:10EF9000A3C008F4ABC0823009F064CFBE016F5F3C
:10EFA0007F4F8AE599E00E9459C68114910409F4C3
:10EFB000C9C06AE579E0C4010F942151892B09F099
:10EFC000C9C00FB6F8943EBE0FBE2DBECD59DF4F5F
:10EFD0000FB6F894DEBF0FBECDBFDF91CF911F916A
:10EFE0000F91FF90EF90DF90CF90BF90AF909F90E8
:10EFF0008F907F906F905F904F903F902F900895EB
:10F00000F8018081882309F499CF01900020E9F765
:10F010003197CF01801B910B20E0F7010190002078
:10F02000E9F73197EE19FF09E80FF91F32968DB70E
:10F030009EB78E1B9F0B0FB6F8949EBF0FBE8DBF61
:10F04000EDB7FEB731965F016BEE73E0211101C0A1
:10F05000B801C5010F944A51B701C5010F9434514D
:10F060006BEE73E0C5010F94345119A21CA221E08C
:10F07000A701B601CE0181960F940B0681110DC038
:10F0800080913C07811109C00E9480468FE899E277
:10F090000E948E44C7010E9476548BE1FE01B19616
:10F0A000DE01DC9601900D928A95E1F750E040E098
:10F0B000BE01645C7F4FC5010E940BF7CE01CC9668
:10F0C0000F94EA02CE0181960F94EA020FB6F894EB
:10F0D0007EBE0FBE6DBEC6CE8091CC069091CD0691
:10F0E00001969093CD068093CC06BCCEBE016F5F97
:10F0F0007F4F8AE599E00E9459C658010115110514
:10F1000061F48AE5A82E89E0B82EF50181915F01AE
:10F11000882359F00E943D44F8CFF50181915F01A9
:10F12000882379F30E943D44F8CF80E20E943D4459
:10F130006D8D7E8D8F8D98A14AE00E948C490E9432
:10F14000865290CE8091991590919A15581619066D
:10F1500009F437CF539486CE0F931F93CF93DF9349
:10F16000CDB7DEB76B970FB6F894DEBF0FBECDBF3D
:10F170008B0122E020933C0790939A158093991578
:10F1800085E792E10F9492018BE1E5E7F2E1DE0180
:10F19000119601900D928A95E1F7A801BE016F5F6B
:10F1A0007F4F90E080E00E940BF7CE0101960F9414
:10F1B000EA026B960FB6F894DEBF0FBECDBFDF91AB
:10F1C000CF911F910F910895DF92EF92FF920F93CD
:10F1D0001F93CF93DF9300D01F92CDB7DEB720915E
:10F1E000971423FF19C0F42EE62E8C010E94E635F9
:10F1F000882309F4E3C0FF2009F403C1F0908E14C2
:10F20000FF20B1F00E94324585EA9AE20E948E44C6
:10F2100090E080E00E94CA480F900F900F900F90EE
:10F22000DF91CF911F910F91FF90EF90DF900895A4
:10F2300084ED96E09A8389838FE28093D30681E000
:10F240008B839BE1D92E80918D14F81678F4FD9C68
:10F25000C0011124AE014D5F5F4FBE016F5F7F4F54
:10F2600081589C4E0E94E1C9F394EDCF8B818B3580
:10F2700078F4AE014D5F5F4FBE016F5F7F4F8AE54F
:10F2800092E10E94E1C989819A8101979A838983D9
:10F29000E981FA811082E0918E1484E0E89FF00108
:10F2A0001124E153F94F8091931490919414A091FB
:10F2B0009514B091961480839183A283B3830E94A6
:10F2C0008046B8018CE89AE20E941F4560918E1436
:10F2D00089E6689FB00111246D52794F81E89AE266
:10F2E0000E941F454091931450919414609195147D
:10F2F000709196148BE79AE20E94F0498AE00E948E
:10F300003D4480918E148F5F80938E140E9445F54A
:10F31000B801CE0103960E942DCC8C01009709F410
:10F320007BCF6B817C81EE2009F47BC021E0AC01B6
:10F330008AE592E10F940B06882309F468C0809156
:10F340006B1290916C12A0916D12B0916E1280931D
:10F350008F1490939014A0939114B09392141092E0
:10F360009314109294141092951410929614B8015C
:10F3700084E49AE20E941F4540918F1450919014AA
:10F3800060919114709192148CE39AE20E94F0497A
:10F390008AE00E943D448DE29AE20E948E44B801C8
:10F3A00090E080E00E94ACF880916709882311F01A
:10F3B00007E619E0C8010E9405CC2ECFFF2039F0E6
:10F3C0000E9480468BE69AE20E948E449FCF109264
:10F3D0008E1482E0F82E0E94804686E69AE20E9411
:10F3E0008E4481E0F81210C088E59AE20E948E44B3
:10F3F000B8018EE59AE20E941F458AE00E943D44D2
:10F4000085CFFF24F394E7CF82E59AE2EFCFB801EE
:10F4100089E19AE20E941F4586E19AE20E948E44A9
:10F42000FBCE26E5AC018AE592E10F940B06811133
:10F4300008C0B80182E09AE20E941F458FEF99E26E
:10F44000EDCF80919714816080939714B80190E07C
:10F4500080E00E94ACF810927D13B8018DEE99E225
:10F460000E941F458AE00E943D44A4CF4F925F92C4
:10F470006F927F928F929F92AF92BF92CF92DF92C4
:10F48000EF92FF920F931F93CF93DF93EC014230E3
:10F4900051056105710590F480E0DF91CF911F91D6
:10F4A0000F91FF90EF90DF90CF90BF90AF909F9023
:10F4B0008F907F906F905F904F90089589859A8587
:10F4C000AB85BC850196A11DB11D84179507A607C4
:10F4D000B70710F38F898031C9F5852E962EA72E98
:10F4E000BB248B899C89AD89BE89880E991EAA1E72
:10F4F000BB1E280139016A017B0141E0C501B4014D
:10F500000E9484FF882341F29F89903181F5DD2498
:10F51000EE24FF24F601EE0FFF1FEF57F04F11838B
:10F5200000839A89923008F4B8CF4D815E816F8153
:10F530007885840E951EA61EB71E80928511909226
:10F540008611A0928711B0928811A7CF803209F05E
:10F55000A3CF8B899C89AD89BE894A015B01E7E015
:10F56000B694A79497948794EA95D1F7BECFE89480
:10F57000C7F8DD24EE24FF24F601EE0FFF1FEE0F87
:10F58000FF1FEF57F04F4082518262827382C9CFD2
:10F590008F929F92AF92BF92CF92DF92EF92FF92A3
:10F5A0000F931F93CF93DF9300D01F92CDB7DEB799
:10F5B000FC018381813091F080E00F900F900F90DB
:10F5C0000F90DF91CF911F910F91FF90EF90DF90FF
:10F5D000CF90BF90AF909F908F900895818181FFD1
:10F5E000EBCF81899289A389B489892B8A2B8B2BB4
:10F5F00009F460C07F0140E050E0BA01CF010F94F0
:10F60000FE008823C9F2F701C18CD28C85889688C8
:10F61000A788B08C82E090E0A0E0B0E0F6018083A3
:10F620009183A283B3839E012F5F3F4FB501A40155
:10F63000C6010E94C1FF882309F4BECF00E010E09C
:10F640009801B501A401C6010E9436FA882309F485
:10F65000B3CF89809A80AB80BC80F60187898031E6
:10F6600001F5F8EF8F16FFEF9F06A104B104D8F261
:10F67000F701158A168A178A108E118A128A138A40
:10F68000148A818180688183C7010F94AC0288232A
:10F6900009F492CF40E050E0BA01C7010F94FE0098
:10F6A0008CCF88EF88168FEF9806A8068FE0B806F3
:10F6B000F8F6B9CF81E081CF90916F00292F2270A9
:10F6C00091FF05C090916F009D7F90936F0034E093
:10F6D000839FC0011124FC01EA5AF84E40815181F8
:10F6E00062817381865B984EFC0140835183628303
:10F6F000738381E080934917222329F080916F0062
:10F70000826080936F000895CF93DF9390916F0094
:10F71000292F227091FF05C090916F009D7F9093DB
:10F720006F0094E0899FA0011124FA01EA5AF84E73
:10F730006081718182819381222329F020916F0061
:10F74000226020936F00EA01C75FD54F0F9457499D
:10F75000288139814A815B810F94B649DF91CF912D
:10F76000089580916F00982F927081FF05C080915D
:10F770006F008D7F80936F001092040A1092050A2B
:10F780001092060A1092070A992329F080916F00BF
:10F79000826080936F0008950F931F938091FA12F7
:10F7A0009091FB12891B8F7009F449C09091F71258
:10F7B000992361F0833040F48FEF890F29F0809313
:10F7C000F71290E080E038C01092F7128091FB129F
:10F7D00026E5829FC0011124825E954FFC012081A5
:10F7E00020FDEFCF4091040A5091050A6091060A6E
:10F7F0007091070AEE5AFF4F0081118122813381F7
:10F80000401B510B620B730B4093040A5093050A83
:10F810006093060A7093070A2091FB122F5F2F70E6
:10F820002093F8123091FB122091F912321304C088
:10F830002091F8122093F9121F910F9108950E94C0
:10F84000B1FBBFCF8F929F92AF92BF92CF92DF92C8
:10F85000EF92FF92CF93DF93EC018090351290905E
:10F860003612A0903712B090381220E030E0A90193
:10F87000C501B4010F945049882309F454C0C880CD
:10F88000D980EA80FB80A7019601C501B4010F94DD
:10F89000504918160CF04CC02091831630918416F4
:10F8A0004091851650918616C701B6010F945049B4
:10F8B000882331F1C0928316D0928416E092851687
:10F8C000F092861620917F16309180164091811615
:10F8D00050918216688179818A819B810F94B64903
:10F8E0009B01AC0160E070E080E89FE30F94E94D7C
:10F8F00060936F0270937002809371029093720212
:10F9000060916F0270917002809171029091720209
:10F91000DF91CF91FF90EF90DF90CF90BF90AF90AD
:10F920009F908F90089560E070E080E89FE3F0CFB3
:10F9300060E070E0CB01ECCFCF92DF92EF92FF92CC
:10F940008091D6161E9987C081608093D6168091CB
:10F95000D616379982C080618093D6168091D616CC
:10F960001D997DC082608093D6168091D61602992B
:10F9700078C080628093D6168091D6161C9B73C087
:10F9800084608093D6168091D6169091D5169817DC
:10F9900009F46BC092E09093D4168093D5168091B1
:10F9A0004107811105C080914407882309F476C07E
:10F9B000C0903A17C0FE10C08091D31690914307B3
:10F9C00090FF60C080FF08C080912909816080930A
:10F9D000290980E00E945CFBD12CF12CE12CD7019D
:10F9E000C601B695A7959795879580FF11C0909110
:10F9F000D31680914307869580FF4AC091FF08C0C7
:10FA00008091290982608093290981E00E945CFB32
:10FA100082E0F694E794D794C7948A95D1F7C0FE14
:10FA20003DC0809143078695869580FF37C08091C1
:10FA30004407882399F18091D31682FF2FC08091CB
:10FA4000290984608093290982E0FF90EF90DF907C
:10FA5000CF900C945CFB8E7F78CF8F7E7DCF8D7F97
:10FA600082CF8F7D87CF8B7F8CCF8091D4168823D8
:10FA700009F495CF81508093D416811190CF909343
:10FA8000D3168DCF84FFA8CF8091290980619FCFA5
:10FA900095FFBECF809129098062B5CFFF90EF908E
:10FAA000DF90CF900895CF92DF92EF92FF92609116
:10FAB000A3167091A41661157105B9F1C0909F1637
:10FAC000D090A016E090A116F090A216685071098F
:10FAD000072E000C880B990B0F945749A70196012C
:10FAE0000F944A5018160CF520E030E040E050E446
:10FAF000C701B6010F94EA4D0F945D4F70939B17A9
:10FB000060939A170E94C2ED605A75418F4F9F4FC4
:10FB100060939C1770939D1780939E1790939F17E7
:10FB2000FF90EF90DF90CF90089510929C17109265
:10FB30009D1710929E1710929F17F2CF8091FA1284
:10FB40009091FB12891B80958F7019F40E94DB55F0
:10FB5000F5CF8091FA128F5F8F70E091FA1296E5DF
:10FB6000E99FF0011124E25EF54FDF011D929A95A5
:10FB7000E9F798E0908340910C1350910D13609138
:10FB80000E1370910F13458B568B678B708F4091BE
:10FB90001013509111136091121370911313418F30
:10FBA000528F638F748F409114135091151360918D
:10FBB000161370911713458F568F678F70A340915E
:10FBC00018135091191360911A1370911B1341A3CC
:10FBD00052A363A374A32091FA129091FB122913EC
:10FBE00003C094E69093F7128093FA1280916F000D
:10FBF000826080936F000895CF93C82FCB010E943D
:10FC00008E4480E49DE40E948E4481E39DE4CC23F5
:10FC100011F086E39DE40E948E448AE0CF910C941B
:10FC20003D44CF92DF92EF92FF920F931F93C12C2E
:10FC3000D12C76018C012BE332E047E352E063E301
:10FC400072E08FE292E00E9415E01F910F91FF9009
:10FC5000EF90DF90CF90089561E0FC0180810E94D9
:10FC60008BEC8FEF0C945D67DF92EF92FF920F9316
:10FC70001F93CF93DF938C01C62FD22FF32EE42E48
:10FC8000D52EFC0182810E94696760E0F8018081C5
:10FC90000E948BEC0E94F7EE8C2F80640E945D67BF
:10FCA0008D2D0E945D678E2D0E945D678F2D0E94B5
:10FCB0005D678D2F0E945D6787E8C11101C085E9EE
:10FCC0000E945D67CC3011F40E946267C0E00E9420
:10FCD0006267F801838387FF04C0CF3F11F0CF5FD5
:10FCE000F6CFDF91CF911F910F91FF90EF90DF90B2
:10FCF00008950F931F93CF93DF93EC0189018C81BB
:10FD0000833039F089E0440F551F661F771F8A95AD
:10FD1000D1F79A01AB0168E1CE010E9434FE811156
:10FD20004AC08EEF8EBDF801C8019E5F0DB407FE7C
:10FD3000FDCF20812EBD0DB407FEFDCF21812EBD4C
:10FD40003296E817F90791F70DB407FEFDCF8FEF54
:10FD50000E945D678FEF0E945D670E9462678B83E0
:10FD60008F71853089F40E94F7EE182F882301F1F6
:10FD700020E030E0A9016DE0CE010E9434FE88232E
:10FD800051F086E1898305C083E18983CE010E9419
:10FD90002CFE10E004C00E9462678111F2CFCE01F8
:10FDA0000E942CFE812FDF91CF911F910F9108951A
:10FDB00087E18983F4CF86E0E5CFCF9380918911E5
:10FDC000C1E08823A1F0409181115091821160918E
:10FDD00083117091841121E83FE080918A11909104
:10FDE0008B110E9479FEC82F811104C0C0E08C2FB6
:10FDF000CF9108954091851150918611609187119E
:10FE000070918811411551056105710591F021E846
:10FE10003FE080918A1190918B110E9479FE882396
:10FE200029F3109285111092861110928711109269
:10FE3000881110928911DBCFCF92DF92EF92FF925F
:10FE40000F931F93CF93DF93EC0189018C81833053
:10FE500039F089E0440F551F661F771F8A95D1F747
:10FE60009A01AB0161E1CE010E9434FE882381F04A
:10FE700084E08983CE010E942CFE10E0812FDF9167
:10FE8000CF911F910F91FF90EF90DF90CF90089549
:10FE90000E94C2ED6B017C012CE2C20E21E0D21E59
:10FEA000E11CF11C0E9462678B838F3F61F40E940A
:10FEB000C2ED6C197D098E099F0997FDF3CF81E191
:10FEC000898310E01BC08E3FE9F48FEF8EBDF801EF
:10FED000D801A150BE4F0DB407FEFDCF9EB5919342
:10FEE0008EBDAE17BF07B9F70DB407FEFDCF8EB5B7
:10FEF0008C930E9462670E94626711E0CE010E94AB
:10FF00002CFEBCCF8FE0DCCFCF92DF92EF92FF923E
:10FF1000CF936B017C01C42F80918111909182114C
:10FF2000A0918311B09184118C159D05AE05BF057C
:10FF300001F10E94DDFE811108C0C0E08C2FCF913D
:10FF4000FF90EF90DF90CF90089521E83FE0B70158
:10FF5000A60180918A1190918B110E941CFF882329
:10FF600061F3C0928111D0928211E0928311F092DC
:10FF70008411CC2321F081E080938911DFCFC1E08F
:10FF8000DDCFCF92DF92EF92FF920F931F93CF932B
:10FF9000DF93FC0181859285A385B4850196A11D1F
:10FFA000B11D84179507A607B70750F480E0DF91CD
:10FFB000CF911F910F91FF90EF90DF90CF90089518
:10FFC00087898031A9F5BB27A72F962F852FC38856
:10FFD000D488E588F6888C0D9D1DAE1DBF1DE901F6
:10FFE0006A017B018F0140918111509182116091D2
:10FFF00083117091841184179507A607B70749F5F7
:020000022000DC
:10000000F8018789803169F5B701A6015527662770
:100010007727440F551F4F57504FFA018081918128
:10002000B0E0A0E088839983AA83BB8381E0BFCF3F
:10003000803209F0BBCFC388D488E588F688DB011D
:10004000CA01C7E0B695A79597958795CA95D1F748
:10005000C2CF40E0BC01CD010E9484FF8111D0CF0E
:10006000A5CFB701A6014F77552766277727440FFD
:10007000551F440F551F4F57504FFA0180819181F2
:10008000A281B381BF70CECF4F925F926F927F9269
:10009000AF92BF92CF92DF92EF92FF920F931F9396
:1000A000CF93DF9300D01F92CDB7DEB78C01498389
:1000B0005A836B837C835901C12CD12C7601412C4E
:1000C00082E0582E612C712C49815A816B817C8190
:1000D0009E012F5F3F4FC8010E94C1FF882319F185
:1000E000F8018585A301920104C0220F331F441F2C
:1000F000551F8A95D2F7DA01C901C80ED91EEA1E2A
:10010000FB1E49815A816B817C8187898031F1F4A2
:1001100081E0483F5F4F61057105B0F2F501C08293
:10012000D182E282F3820F900F900F900F90DF91B7
:10013000CF911F910F91FF90EF90DF90CF90BF90E4
:10014000AF907F906F905F904F90089581E0483F0F
:100150005F4F6F4F7F4008F4B7CFE0CF0F931F93EF
:10016000CF93DF93FC012381222331F080E0DF91E4
:10017000CF911F910F9108958B01EC01FB018789AD
:10018000803139F582E08B831D8A1E8A1F8A188E82
:10019000808D918DB0E0A0E025E0880F991FAA1F07
:1001A000BB1F2A95D1F7898B9A8BAB8BBC8B1A8F8F
:1001B000098F81E08983188619861A861B861C821E
:1001C0001D821E821F82188A1C861D861E861F861F
:1001D000CECF803259F683E08B83428D538D648D70
:1001E000758D4D8B5E8B6F8B788F9E012F5E3F4F91
:1001F000C8010F9444008111DACFB8CF8F929F923B
:10020000AF92BF92CF92DF92EF92FF920F931F9324
:10021000CF93DF93EC018B8181110EC080E0DF91E1
:10022000CF911F910F91FF90EF90DF90CF90BF90F3
:10023000AF909F908F90089509891A892B893C89E6
:10024000041715072607370748F34A015B01823078
:1002500031F488869986AA86BB8681E0E0CF811436
:100260009104A104B10449F4188619861A861B86E4
:100270001C821D821E821F82F0CF088519852A8567
:100280003B85E98DFA8D858590E00996B901A80135
:100290004150510961097109082E04C0769567958E
:1002A000579547950A94D2F775016401E1E0CE1A9B
:1002B000D108E108F10804C0F694E794D794C794F4
:1002C0008A95D2F7C416D506E606F70620F0012B6C
:1002D000022B032B11F58D899E89AF89B88D8C83F4
:1002E0009D83AE83BF838E010C5F1F4FC114D10469
:1002F000E104F10409F4ADCF4C815D816E817F8111
:100300009801898D9A8D0E94C1FF91E0C91AD10888
:10031000E108F1088111EACF81CFC41AD50AE60AB3
:10032000F70AE1CF40E050E0BA010D94FE003F92A1
:100330004F925F926F927F928F929F92AF92BF92F5
:10034000CF92DF92EF92FF920F931F93CF93DF93A1
:10035000CDB7DEB72C970FB6F894DEBF0FBECDBF7A
:100360005C01DC0159968D909C90F4018185928509
:10037000A385B4859C01AD012F5F3F4F4F4F5F4F69
:1003800029873A874B875C87D50114964D905D90FD
:100390006D907C901797411451046104710409F425
:1003A00059C0BFEF4B1A5B0A6B0A7B0A312C7301F1
:1003B00062011D821E821F821886F401818592854A
:1003C000A385B4852D813E814F8158852817390733
:1003D0004A075B0708F056C089859A85AB85BC85BE
:1003E0008C159D05AE05BF0550F482E0C82ED12CBA
:1003F000E12CF12C92E0492E512C612C712C9E01A4
:100400002F5F3F4FB701A601C4010E94C1FF88239F
:10041000C9F189819A81AB81BC81892B8A2B8B2B75
:1004200001F1260137019FEF491A590A690A790A31
:100430002D813E814F8158852F5F3F4F4F4F5F4F3A
:100440002D833E834F8358873FEFC31AD30AE30AB5
:10045000F30AB3CF40805180628073803324339499
:10046000A6CFC414D504E604F70411F70FEF1FEF6D
:100470002FEF3FE0B701A601C4010E9436FA782EA3
:1004800081111AC0712C872D2C960FB6F894DEBFFF
:100490000FBECDBFDF91CF911F910F91FF90EF90D5
:1004A000DF90CF90BF90AF909F908F907F906F9094
:1004B0005F904F903F900895F5014481558166818A
:1004C0007781411551056105710539F09701860164
:1004D000C4010E9436FA8823A9F2D5011496CD9260
:1004E000DD92ED92FC921797332051F0D701C601AF
:1004F0000196A11DB11DF40180839183A283B38372
:10050000F50185899689A789B08D892B8A2B8B2B3C
:1005100009F0B9CFC58AD68AE78AF08E81818068D2
:100520008183B1CFCF93DF93EC01462F41706C856F
:100530007D858E859F850E9484FF882351F0888960
:1005400020E2829FC00111248F57904FDF91CF91FD
:10055000089590E080E0FACFCF93DF93EC018B8198
:10056000882349F1898187FF22C061E0CE010F9481
:100570009202FC01892BF9F08081853EE1F08B81AC
:10058000823040F489899A89AB89BC89848F958FA0
:10059000A68FB78F8D899E89938F828F8D899E8933
:1005A000AF89B88DB58BA48B89818F778983DF91D3
:1005B000CF910C94DDFE81E0888380E0DF91CF91C4
:1005C0000895CF93DF93EC010F94AC021B82DF916F
:1005D000CF910895FC01238121110D94E10208952A
:1005E000CF93DF93EB01FC012381211104C080E054
:1005F000DF91CF9108952250223028F48FE2888332
:10060000198281E0F5CF60E00F949202009779F3B0
:10061000DC0160E080E09EE22D91203299F088308C
:1006200031F49E01260F311DF90190836F5F9E0109
:10063000260F311DAD0141505109FA014081F901E8
:1006400040836F5F8F5F8B3039F7FE01E60FF11D3E
:100650001082D7CF2F923F924F925F926F927F92EC
:100660008F929F92AF92BF92CF92DF92EF92FF92C2
:100670000F931F93CF93DF9300D01F92CDB7DEB7B8
:100680009C838B834B017A01DC0113968C91811141
:1006900019C08FEF9FEF0F900F900F900F90DF9189
:1006A000CF911F910F91FF90EF90DF90CF90BF906F
:1006B000AF909F908F907F906F905F904F903F9002
:1006C0002F900895EB81FC81818180FFE2CF8189A9
:1006D0009289A389B4894085518562857385841B7D
:1006E000950BA60BB70BA70170E060E08417950788
:1006F000A607B70708F47C0167018B819C810496EB
:100700009A838983612C32E0732EC114D10409F4D9
:10071000B7C0AB81BC8118964D915D916D917C9174
:100720001B975A01B1E0BB22EB81FC81818D928D38
:100730001A012B0129E056944794379427942A955F
:10074000D1F72381223091F5DC015A966D917D918C
:100750008D919C915D97620D731D841D951D830184
:100760000A191B09C016D10608F486010115B2E06A
:100770001B0771F4209181113091821140918311F6
:1007800050918411621773078407950709F059C0C7
:1007900040E00E9484FF882309F47BCFB5016F57A6
:1007A000704FA801C4010F94115157C0FC0114816E
:1007B00011501221A114B10481F411110EC0452B66
:1007C000462B472B79F5EB81FC8185899689A78992
:1007D000B08D84839583A683B783AB81BC81599602
:1007E000ED91FC915A9714966D917D918D919C910C
:1007F00017976250710981099109258504C0660F18
:10080000771F881F991F2A95D2F72685378540893B
:100810005189620F731F841F951F610F711D811D08
:10082000911D9DCFAB81BC8114964D915D916D91D1
:100830007C91179729813A810E94C1FF8111CDCF08
:1008400028CF9401AB01BC0180918A1190918B114A
:100850000E941CFF882309F41CCF800E911EEB819F
:10086000FC8180859185A285B385800F911FA11D94
:10087000B11D80879187A287B387C01AD10A45CF5F
:10088000C70109CF4F925F926F927F92AF92BF9252
:10089000CF92DF92EF92FF920F931F93CF93DF934C
:1008A0001F92CDB7DEB78C017B015A01C22EDB014E
:1008B00059968D919C91F801928F818FCB010F9465
:1008C0009201712CF70180859185A285B3854189BC
:1008D00052896389748984179507A607B70708F0BA
:1008E00052C055E0B695A795979587955A95D1F73B
:1008F000F82FFF70DF2ED70113968C91823010F401
:1009000080E0DBC041E050E0BE016F5F7F4FC70178
:100910000F942A030197A1F7F70180859185A2859D
:10092000B3854F96A11DB11D80879187A287B3879C
:10093000F0E2DF9EB00111246F57704F6115710511
:10094000F9F2DB018C91882341F0853E09F04CC01F
:10095000772029F077247394B5CF71100EC0809161
:10096000811190918211A0918311B0918411F801AD
:1009700084879587A687B787D08ADB018C91811100
:10098000E9CF772473948C2D8274823409F0B8CF28
:10099000772009F4A2C0F801D08861E0C8010F9463
:1009A0009202009709F4ACCF20E2DC011D922A9557
:1009B000E9F72BE0F501DC0101900D922A95E1F7B2
:1009C00021E238E2FC01318B208B40E058E0578770
:1009D0004687338B228B318F208F578B468B0E941B
:1009E000DDFE811109C08CCF4BE050E0C5010F94B2
:1009F0000451892B09F066CFF0E2DF9ED00111246B
:100A00009D012F57304FF9018385817121F08C2D85
:100A1000827109F0FCC0F801818D928D40918111A5
:100A20005091821160918311709184114487558790
:100A300066877787D08AFD01EF57F04F4488558845
:100A4000712C612C320155244424D80155964D92C5
:100A50005D926D927C925897428D538D70E060E06C
:100A6000442955296629772955964D935D936D93B1
:100A70007C935897D9011B962C91287109F0B9C025
:100A8000848D958DA68DB78DF801818B928BA38B6C
:100A9000B48B81E083838C2D8F70F8018183148265
:100AA000158216821782108611861286138681E0BF
:100AB000C4FE03C0C8010E94C8FA0F90DF91CF9115
:100AC0001F910F91FF90EF90DF90CF90BF90AF906C
:100AD0007F906F905F904F900895D70113968C91FF
:100AE0001397823009F40CCF51968D919D910D9002
:100AF000BC91A02D803E9F4FAF41B10508F000CFC3
:100B0000C7010F949701882309F4FACE0E94DDFEF5
:100B1000882309F4F5CED7015996ED91FC915A97A7
:100B200014964D905D906D907C901797B2E04B1AA3
:100B3000510861087108858504C0440C551C661C69
:100B4000771C8A95D2F786859785A089B189480E4A
:100B5000591E6A1E7B1E81E080938911409281118B
:100B6000509282116092831170928411E1E8FFE04B
:100B700080E092E0DF019C011D9221503040E1F7BE
:100B8000DD24D394D7015996ED91FC918481D81638
:100B900098F421E83FE0B301A2014D0D511D611D04
:100BA000711D80918A1190918B110E9479FE88238A
:100BB00009F4A6CED394E6CF258580E092E0A0E0AC
:100BC000B0E004C0880F991FAA1FBB1F2A95D2F757
:100BD000F7014189528963897489840F951FA61F83
:100BE000B71F818B928BA38BB48B81E89FE0D12CB4
:100BF000DBCE203161F498012F5E3F4F0F9444000B
:100C0000882329F084E0D80113968C9344CFD8012F
:100C100013961C9275CE2F923F924F925F926F92D5
:100C20007F928F929F92AF92BF92CF92DF92EF927C
:100C3000FF920F931F93CF93DF93CDB7DEB7C354CB
:100C4000D1090FB6F894DEBF0FBECDBF4C015B01DA
:100C50006A01222E19821C821C8E1F8E611571055D
:100C600021F510E0CE014C960F94EA02CE010196D8
:100C70000F94EA02812FCD5BDF4F0FB6F894DEBFF1
:100C80000FBECDBFDF91CF911F910F91FF90EF90DD
:100C9000DF90CF90BF90AF909F908F907F906F909C
:100CA0005F904F903F902F900895FC0183818111B8
:100CB000D8CFFA0180818F32A9F18B01CE01019644
:100CC0007C013C0180E2382E2E019CE1490E511C32
:100CD0002396EFAE23972496FFAE249722963FAE3D
:100CE000229721963FAE21973FAE3EAE3DAE3CAE41
:100CF0003BAE3AAE39AE38AE3FAA960190E047E03F
:100D0000D9018D91882309F448C08F3209F445C078
:100D1000282F8E3209F54A3009F4A3CF98E04AE033
:100D20009D01EECFFB01838182508B01823060F008
:100D3000618D728DCE014C960F94AE008E01045ED3
:100D40001F4F882309F48DCFC6016C010196F6016F
:100D500020812F32D1F3B2CFEEEAF8E5349133237C
:100D600021F031968313FACF7CCF491708F479CF5D
:100D7000813208F476CF8F3709F473CF3FE9380F0B
:100D80003A3110F420EE280FE7E3F0E0EC0FFD1FFE
:100D9000E90FF11D20839F5FC3CF8FA9803209F433
:100DA00060CF6901F90180812F5F3F4F8F32C9F316
:100DB000882301F121E0AE01495C5F4FB801C70112
:100DC0000F944204882309F44CCF0A151B0519F02F
:100DD000C8010F94E102942D852D6E147F0431F02B
:100DE00023969FAD239724968FAD24978701E92EF4
:100DF000F82E74CF222DAE01495C5F4FB801C401BB
:100E00000F944204182F2ECF0F930FB70F9300911A
:100E10006E000B7F00936E0078940F930BB70F93C7
:100E20000CB70F921F922F933F934F935F936F9343
:100E30007F938F939F93AF93BF93EF93FF9311246F
:100E40000F947808FF91EF91BF91AF919F918F918F
:100E50007F916F915F914F913F912F911F900F90D4
:100E60000CBF0F910BBF0F910460F89400936E00BC
:100E70000F910FBF0F91189580912302909124023A
:100E80000F971816190614F490E080E090934C1216
:100E900080934B120E94CEED1092A4161092A316CE
:100EA0000E9453FD80912302909124020F971816FF
:100EB000190614F490E080E090934C1280934B124A
:100EC0000E94CEED10924D1275981092A4161092B9
:100ED000A3161092A516A59808958F929F92AF928F
:100EE000BF92CF92DF92EF92FF920F931F93CF9317
:100EF000DF93BAE3A0E06A2F70E0AB014B0F511D06
:100F000055954795411119C0EEE3F7E56591749148
:100F1000072E000C880B990B0F945749DF91CF9146
:100F20001F910F91FF90EF90DF90CF90BF90AF9007
:100F30009F908F900895B42FE0CFA41711F0B413B1
:100F400003C0E2E2F8E5E2CF9A0121503109220F15
:100F5000331F220F331FF901E45CF84AE590F49047
:100F6000F901E05CF84AC591D4918E159F051CF3F8
:100F7000A42FC817D9070CF4BECFF901E25CF84AD8
:100F800005911491F901EE5BF84AC590D490BC012B
:100F90006E197F09072E000C880B990B0F94574987
:100FA0004B015C01B601601B710B072E000C880B16
:100FB000990B0F9457499B01AC01C501B4010F94E3
:100FC000B6494B015C01BE016E197F09072E000C6A
:100FD000880B990B0F9457499B01AC01C501B401D3
:100FE0000F94E44E6B017C01B801110F880B990B33
:100FF0000F9457499B01AC01C701B6010F94EA4D0C
:101000008DCFCF93DF93C3E4D2E18A819B810E948D
:1010100052CB6C837D838E839F83CBE9D6E18A811B
:101020009B810F946D076C837D838E839F83A8952E
:1010300010929416DF91CF910895EF92FF921F9333
:10104000CF93DF93182F7B01EA0180917F028823E1
:10105000A9F00E943245C7010E948E448CE896E5B3
:101060000E948E4417FD31C0612F110F770B880B42
:10107000990B0E940E4A8AE00E943D440F943C075F
:101080008091661781112EC081E0809366171092BF
:101090007F0215E111508091020180958470809348
:1010A00000011123B9F069E170E080E090E00E9456
:1010B0008FED8091020184708093000160E570E003
:1010C00080E090E00E948FEDE5CF88E896E50E94F1
:1010D0008E44D1CFCE01DF91CF911F91FF90EF9041
:1010E0000C94CA48DF91CF911F91FF90EF90089523
:1010F0000F931F93CF93DF93809182028F3708F471
:1011000094C08F5790914D129093A317992309F48F
:101110008AC0759A9091A5169093A217992309F405
:101120008EC0A59A805F809382028091A11791E082
:1011300089278093A11781110E94A4888091810240
:10114000C1E0C80F85300CF0C0E0823009F42AC13C
:101150000CF077C0882309F48CC0813009F417C1E2
:10116000C093810230E020E074E0C901880F991F2C
:10117000FC01EB56F94E408151814115510509F4AE
:1011800032C0F894E0910901213009F439C12230CC
:1011900009F450C1E270179860910B0114161506FE
:1011A0000CF460956270609309010000000000007B
:1011B000409A672F6A950000E9F7409860910B010B
:1011C000E11160956270609309017894FC01EB561F
:1011D000F94E141615060CF047C14081518141505B
:1011E0005109518340832F5F3F4F2330310509F070
:1011F000BCCF0E949CFC80917E0F90917F0F009746
:1012000069F0019790937F0F80937E0F892B31F4C3
:1012100082E998E59093470780934607DF91CF9145
:101220001F910F910895759875CF9091A317891705
:1012300008F075989091A217891708F473CFA598B4
:1012400071CF843009F4C5C00CF4BFC0853009F0FB
:1012500087CF9091A017911102C08093A017809121
:10126000A01781508093A017882309F479CFC5E097
:1012700077CF809180028F5F80311CF48093800251
:101280006FCF1092800280919416811113C08091CB
:10129000431290914412909346128093451280918C
:1012A0009B1690919C1690939E1680939D1681E0BC
:1012B00080939416109244121092431210929C162E
:1012C00010929B16009145121091461280914B127C
:1012D00090914C12D1E0181619062CF080914D1205
:1012E000811101C0D0E080911F0290912002081767
:1012F00019073CF444E258E569E478E580E00F948E
:101300001D08DD2371F080911D0290911E0280174F
:1013100091073CF44BE558E560E878E580E00F94F0
:101320001D088091A3169091A416D1E018161906F5
:101330002CF08091A516811101C0D0E020919D165E
:1013400030919E1680913E0790913F078217930738
:101350003CF048E358E569E478E58FEF0F941D0809
:10136000DD2309F4FDCE20919D1630919E168091CB
:101370001B0290911C02281739070CF4F1CE4FE69E
:1013800058E560E878E58FEF0F941D08E9CE1092DC
:101390007B0080E480937C0080917A00806480935D
:1013A0007A00DECE80917A0086FD26C020917800FA
:1013B000309179008091431290914412820F931FD3
:1013C0009093441280934312CBCE10927B0082E420
:1013D000E1CF80917A0086FD11C020917800309194
:1013E000790080919B1690919C16820F931F909389
:1013F0009C1680939B16B4CEC2E0B2CEC4E0B0CEB1
:10140000E170169860910B01141615060CF06095AA
:10141000617060930901000000000000419A672F8D
:101420006A950000E9F7419860910B01E111609520
:101430006170C9CEE470159860910B011416150601
:101440000CF46095647060930901000000000000D6
:10145000429A672F6A950000E9F7429860910B0164
:10146000E11160956470AFCE808191810196918386
:101470008083B9CE2F923F924F925F926F927F926C
:101480008F929F92AF92BF92CF92DF92EF92FF9294
:101490000F931F93CF93DF93CDB7DEB763970FB64C
:1014A000F894DEBF0FBECDBF80919316811146C266
:1014B00080919416811119C063960FB6F894DEBF1F
:1014C0000FBECDBFDF91CF911F910F91FF90EF9095
:1014D000DF90CF90BF90AF909F908F907F906F9054
:1014E0005F904F903F902F9008950F9401080E94B5
:1014F000C2ED2B013C016091230270912402072E62
:10150000000C880B990B0F9457499B01AC0160911B
:101510004712709148128091491290914A120F948B
:101520004A5018160CF42DC280912812882309F411
:101530000DC260914B1270914C12072E000C880B5B
:10154000990B0F94574969837A838B839C830EE1AF
:1015500010E020E0AE014F5F5F4F67E472E185E984
:1015600097E10E941BEEC0904712D0904812E09085
:101570004912F0904A126091210270912202072EC6
:10158000000C880B990B0F9457499B01AC01C701C4
:10159000B6010F944A5018160CF018C1609123023E
:1015A00070912402072E000C880B990B0F94574959
:1015B0009B01AC01C701B6010F94504987FF06C1DA
:1015C00060914B1270914C126115710509F4F3C2D0
:1015D000072E000C880B990B0F945749A701960111
:1015E0000F94E94D4B015C0120E030E040E251EC0A
:1015F0000F94504987FDDFC2809128128111DBC210
:1016000020E030E040E251E4C501B4010F944A50BB
:1016100018160CF4E9C280918F178111EAC28091EB
:10162000871790918817A0918917B0918A178D8399
:101630009E83AF83B88720918B1730918C17409190
:101640008D1750918E1729873A874B875C87A701A2
:10165000960160917B1770917C1780917D17909116
:101660007E170F94E94D20915612309157124091F8
:101670005812509159120F94B6492D813E814F81D5
:1016800058850F94E94D20ED3CEC4CE45DE30F945C
:10169000B6492D813E814F8158850F94EA4D6D8367
:1016A0007E838F83988760938717709388178093C2
:1016B000891790938A178091521290915312A0919A
:1016C0005412B09155128D879E87AF87B88B2985AC
:1016D0003A854B855C85C501B4010F94EA4D162F00
:1016E000072F1C0120E030E0A9010F94504987FD2D
:1016F0008BC22D853E854F85588960E070E08FE76D
:1017000093E40F94E44E6987798B8A8B9B8B212F0E
:10171000302FA1010F94504987FF04C01985098912
:101720002A883B88812F902FD10180938B1790932B
:101730008C17A0938D17B0938E1720914E12309175
:101740004F124091501250915112C501B4010F94A3
:10175000B6494B015C0180927F1790928017A0924E
:101760008117B0928217212F302FA1016D857E85C0
:101770008F8598890F94B6499B01AC0120938317FC
:10178000309384174093851750938617C501B40191
:101790000F94EA4D2D813E814F8158850F94EA4D7B
:1017A0004B015C0120E030E0A9010F94504987FD16
:1017B00005C220E030E04FE753E4C501B4010F94C7
:1017C0004A5018160CF004C26FE7F9C160E060934C
:1017D0004D1280913F1290914012A0914112B09110
:1017E00042120097A105B10509F1A3019201281B3E
:1017F000390B4A0B5B0BDA01C901B7FD17C06091C9
:101800003D1270913E1290E080E00F9455499B018B
:10181000AC01C701B6010F94504987FFDDC040EF0E
:1018200056E566E077E580E00F941D0820E030E0A3
:1018300046E153E460919F167091A0168091A11625
:101840009091A2160F944A5018160CF4A2C08091E1
:101850009C1790919D17A0919E17B0919F1700978C
:10186000A105B10539F1A3019201281B390B4A0BDF
:101870005B0BDA01C901B7FD1DC060919A17709129
:101880009B1790E080E00F9455499B01AC0160915B
:101890009F167091A0168091A1169091A2160F9498
:1018A000504987FF9CC04AEA56E56DEB76E58FEF1D
:1018B0000F941D0880912312882309F472C060914F
:1018C000A3167091A416072E000C880B990B0F9489
:1018D000574969837A838B839C830AE010E02FEF5A
:1018E000AE014F5F5F4F6FE976E180E997E10E94BB
:1018F0001BEE80912312811126C0C0909F16D090BC
:10190000A016E090A116F090A21620E030E040EA88
:1019100050E4C701B6010F944A5087FD0BC020E088
:1019200030E046E153E4C701B6010F945049181660
:101930000CF058C060E06093A516BECD90E080E04A
:101940000E94CA48B5CD1092A516B6CD809124123A
:1019500090912512A0912612B09127120097A1050F
:10196000B10509F4E6CDA3019201281B390B4A0BFE
:101970005B0BDA01C901B7FDDCCD81E08093281251
:10198000D8CD45E157E56CE277E580E00F941D087E
:10199000CBCD4CEC56E560EE76E58FEF0F941D084D
:1019A00056CF80911F1290912012A0912112B091D8
:1019B00022120097A105B10509F481CFA30192017C
:1019C000281B390B4A0B5B0BDA01C901B7FD77CF36
:1019D00081E08093231273CF0E94CEED27CF0E9427
:1019E00053FD68CF8091AA169091AB16A091AC16CA
:1019F000B091AD168D839E83AF83B8876091A31697
:101A00007091A416072E000C880B990B0F94574960
:101A1000A70196010F94E94D4B015C0120917717C6
:101A2000309178174091791750917A170F94EA4DB9
:101A3000562E672E782E492E20E030E0A9010F9413
:101A4000504987FDCCC02D813E814F81588560E093
:101A500070E08FE793E40F94E44E162F072F382E93
:101A6000292E252D362D472D542D0F94504987FFB3
:101A700004C0512E602E732C422C852D962DA72D3F
:101A8000B42D8093771790937817A0937917B0931C
:101A90007A172091A6163091A7164091A81650915A
:101AA000A916C501B4010F94B6494B015C0180929F
:101AB0006B1790926C17A0926D17B0926E17252D30
:101AC000362D472D542D6D817E818F8198850F9401
:101AD000B6496D837E838F83988760936F17709369
:101AE00070178093711790937217409073175090EE
:101AF00074176090751770907617A7019601609122
:101B00006717709168178091691790916A170F9401
:101B1000E94D2091AE163091AF164091B01650911C
:101B2000B1160F94B649A30192010F94E94D20ED2F
:101B30003CEC4CE45DE30F94B649A30192010F9491
:101B4000EA4D2B013C01409273175092741760923A
:101B5000751770927617C0926717D0926817E09247
:101B60006917F0926A172D813E814F815885C50112
:101B7000B4010F94EA4DA30192010F94EA4D6B0159
:101B80007C0120E030E0A9010F94504987FDD2CEBE
:101B900020E030E04FE753E4C701B6010F944A500C
:101BA0006FE718160CF4C7CEC701B6010F94564F55
:101BB00075956795C0CE81E080938F1760E0C092E5
:101BC0007B17D0927C17E0927D17F0927E17FFCDA5
:101BD000C501B4010F94564F75956795F0CF512C00
:101BE000612C712C412C49CF81E080938F176FE7D6
:101BF000E6CF10928F1719861A861B861C861D82C7
:101C00001E821F82188623CD10E000E0212C312C8B
:101C100089CD83E796E50E948E4491993CC080E38C
:101C20000E943D44909939C080E30E943D448FE674
:101C300096E50E948E448091060187FD30C080E3C6
:101C40000E943D4492992DC080E30E943D448BE662
:101C500096E50E948E448091060186FD24C080E3B3
:101C60000E943D448091060185FD1FC080E30E94D3
:101C70003D4486E696E50E948E448091060183FDF0
:101C800016C080E30E943D448091060184FD11C08E
:101C900080E30C943D4481E3C3CF81E3C6CF81E36D
:101CA000CFCF81E3D2CF81E3DBCF81E3E0CF81E30C
:101CB000E9CF81E3EECF6430B9F058F4613089F0B8
:101CC00040E0623059F00E9432458EE496E50C9473
:101CD0008E44683011F06031B1F741E061E00C945E
:101CE000DFE040E060E0FBCF41E0FCCFDB01909122
:101CF00042079923C1F18330B0F594E0899FF00148
:101D00001124E957F94EAB01770F660B770B40832F
:101D10005183628373832FEF30E0813071F0823022
:101D2000B9F00F94E24D20ED37E040E050E00F9421
:101D3000654DB9018EE20C94B9EC0F94E24D20EDA3
:101D400037E040E050E00F94654DB9018DE2F3CFEC
:101D50000F94E24D20ED37E040E050E00F94654DE8
:101D6000B9018CE2E8CF0895809142078823A9F059
:101D7000609187167091881680E00F94760E6091BE
:101D80008B1670918C1681E00F94760E60918F16F1
:101D90007091901682E00D94760E0895BC0120910A
:101DA000471730914817409147175091481724170B
:101DB000350731F481E02617370709F080E00895F0
:101DC0009A01F1CF0F930FB70F9300916E000F930D
:101DD0000B7F00936E0000916F000D7F00936F00EA
:101DE0000F930BB70F930CB70F921F922F933F9344
:101DF0004F935F936F937F938F939F93AF93BF9313
:101E0000EF93FF9311240F94650FFF91EF91BF9112
:101E1000AF919F918F917F916F915F914F913F9182
:101E20002F911F900F900CBF0F910BBF0F9102606D
:101E3000F89400936F000F9100936E000F910FBF05
:101E40000F9118958091430780FF28C080910B0166
:101E50008270809309018FEF8093F516809143077C
:101E6000869580FF23C080910B01809581708093BF
:101E700009018FEF8093F61680914307869586952A
:101E800080FF1BC080910B018470809309018FEF4C
:101E90008093F716000000000000089580910B0168
:101EA000809582708093090181E0D6CF80910B01EB
:101EB00081708093090181E0DDCF80910B018095D5
:101EC00084708093090181E0E3CF2F923F924F927B
:101ED0005F926F927F928F929F92AF92BF92CF92BA
:101EE000DF92EF92FF920F931F93CF93DF9300D077
:101EF0001F921F92CDB7DEB78FEF9FEF90938900AF
:101F0000809388002AE02983312C212C78948091B9
:101F1000431790914417A0914517B0914617892B0C
:101F20008A2B8B2B09F0CEC1809149178823E1F0D1
:101F3000809147179091481710924917892B09F4FF
:101F4000C1C110923A1710924817109247179091FA
:101F5000FA128091FB12981709F4B4C18091FB1218
:101F60008F5F8F708093FB12809147179091481775
:101F7000892B09F4A7C100913F17109140172091B8
:101F800041173091421780913B1790913C17A091D7
:101F90003D17B0913E1740912D1750E070E060E082
:101FA000801B910BA20BB30B481759076A077B07DD
:101FB00010F4DB01CA01482F800F911FA21FB31F2D
:101FC00080933F1790934017A0934117B093421707
:101FD0002091840030918500225E3F4F809113173D
:101FE00090911417A0911517B0911617C090031770
:101FF000D0900417E0900517F09006178C0D9D1DEA
:10200000AE1DBF1D8093131790931417A09315173F
:10201000B0931617B7FD1CC0409AC0905617D090C9
:102020005717E0905817F09059179091F516892F8F
:10203000990F990BAA0BBB0B8C0D9D1DAE1DBF1DDF
:102040008093561790935717A0935817B09359172A
:102050008091171790911817A0911917B0911A171E
:10206000C0900717D0900817E0900917F0900A1752
:102070008C0D9D1DAE1DBF1D8093171790931817D3
:10208000A0931917B0931A17B7FD1CC0419AC090BE
:102090005A17D0905B17E0905C17F0905D17909105
:1020A000F616892F990F990BAA0BBB0B8C0D9D1D52
:1020B000AE1DBF1D80935A1790935B17A0935C17BA
:1020C000B0935D1780911B1790911C17A0911D175D
:1020D000B0911E17C0900B17D0900C17E0900D1701
:1020E000F0900E178C0D9D1DAE1DBF1D80931B170C
:1020F00090931C17A0931D17B0931E17B7FD1CC01B
:10210000429AC0905E17D0905F17E0906017F090F1
:1021100061179091F716892F990F990BAA0BBB0B9A
:102120008C0D9D1DAE1DBF1D80935E1790935F1794
:10213000A0936017B0936117C0901F17D09020171D
:10214000E0902117F090221780910F1790911017AF
:10215000A0911117B09112178C0D9D1DAE1DBF1DC2
:1021600080931F1790932017A0932117B0932217E5
:10217000B7FD38C08090621790906317A0906417E5
:10218000B09065175091F816C52E550FDD08EE0872
:10219000FF08C80CD91CEA1CFB1CC0926217D09225
:1021A0006317E0926417F0926517C090FF16D09005
:1021B0000017E0900117F09002178C199D09AE09E5
:1021C000BF0980931F1790932017A0932117B093F6
:1021D000221780912B179091430793FF71C0815074
:1021E00080932B178091840090918500821793072C
:1021F000C8F38091131790911417A0911517B091FF
:102200001617B7FD15C0C090FF16D0900017E090CC
:102210000117F09002178C199D09AE09BF09809330
:10222000131790931417A0931517B093161740988F
:102230008091171790911817A0911917B0911A173C
:10224000B7FD15C0C090FF16D0900017E0900117A1
:10225000F09002178C199D09AE09BF0980931717DA
:1022600090931817A0931917B0931A17419880915B
:102270001B1790911C17A0911D17B0911E17B7FD49
:1022800015C0C090FF16D0900017E0900117F09095
:1022900002178C199D09AE09BF0980931B179093F3
:1022A0001C17A0931D17B0931E174298415051F070
:1022B000809184009091850082179307C8F38CCE9B
:1022C0008F5F8ECF80917B0290917C02A0917D02E6
:1022D000B0917E02892B8A2B8B2B09F09DC08091B7
:1022E0002C17882309F486C080912B1780903F1704
:1022F00090904017A0904117B0904217C0902717B8
:10230000D0902817E0902917F0902A17C814D90404
:10231000EA04FB0408F04DC02091F9163091FA163A
:102320004091FD165091FE164217530708F041C028
:10233000815080932B17215031093093FA16209346
:10234000F91640917702509178026091790270916C
:102350007A0280912B1787FD51C080910B01807408
:10236000809309012091840030918500225E3F4FC7
:1023700080912B17882309F447C0439A80918400E9
:102380009091850082179307C8F380912B1787FFE0
:1023900039C08F5F80932B17439880912B17882328
:1023A00039F3809184009091850082179307C8F3D8
:1023B000DDCF8C149D04AE04BF0488F42091F9167F
:1023C0003091FA164091FB165091FC1624173507F0
:1023D00030F48F5F80932B172F5F3F4FAECF8FEF7F
:1023E0009FEFDC018093770290937802A0937902AB
:1023F000B0937A024FEF5FEFBA01ABCF80910B0140
:102400008095ADCF8150C6CF40937B0250937C0224
:1024100060937D0270937E028091431790914417E0
:10242000A0914517B0914617892B8A2B8B2B09F069
:10243000F9C4A0914717B0914817109709F491C5B6
:1024400080903F1790904017A0904117B09042178E
:1024500040913B1750913C1760913D1770913E178A
:1024600084169506A606B70608F474C010923A17AB
:1024700010924817109247179091FA128091FB1210
:10248000981709F46EC58091FB128F5F8F7080934F
:10249000FB1280EDC82E87E0D82EE12CF12C809124
:1024A000471790914817892B09F0B4C40E94CCFBC0
:1024B0009093481780934717892B09F4ABC4A091D8
:1024C0004717B0914817BB83AA838C9183FF34C30D
:1024D00055968D919D910D90BC91A02D809356178E
:1024E00090935717A0935817B0935917EA81FB811F
:1024F000818D928DA38DB48D80935A1790935B1725
:10250000A0935C17B0935D17858D968DA78DB0A1B4
:1025100080935E1790935F17A0936017B093611735
:1025200081A192A1A3A1B4A1809362179093631794
:10253000A0936417B09365179091FA128091FB12E3
:10254000981709F4B3CF8091FB128F5F8F7080933F
:10255000FB12ACCF40913617509137176091381766
:1025600070913917481559056A057B0508F404C1AF
:10257000409132175091331760913417709135178D
:10258000D1960D911D912D913C91D497EE27419FAD
:10259000F12D529FC001629F900D619F800D911D92
:1025A000429FF00D811D9E1F519FF00D811D9E1FAA
:1025B000609FF00D811D9E1F509FF10D8E1F9E1F6D
:1025C000F6958E1F9E1F349F800D911D359F900D97
:1025D0001124FD01EB5BFF4F0081118122813381CA
:1025E000080F191F211D311D00932E1710932F174F
:1025F00020933017309331173497C080D180E28018
:10260000F380C016D106E206F30640F4C0922E17FE
:10261000D0922F17E0923017F092311780902E173A
:1026200090902F17A0903017B09031178EE296E55A
:1026300021E0FC01C590D590E590F490C814D90430
:10264000EA04FB0458F4B694A79497948794220F55
:102650000496EAE4F6E5E817F90759F720932D17F1
:10266000F0E28F169104A104B10428F410E2812E47
:10267000912CA12CB12C20E2821A9108A108B1085A
:10268000811438E09306A104B10408F452C0E4E0D8
:102690009E9EC0011124825D9D4AFC0132962591C7
:1026A0003491F82DEE27F39F8001F29F010D1E1F3C
:1026B00006940E1F1E1F112430E020E0FC01C5907F
:1026C000D490F12CE12CC01AD10AE20AF30A4C0D85
:1026D0005D1D6E1D7F1D409332175093331760931D
:1026E00034177093351780912B1790912C179923DD
:1026F00009F46AC1882309F4D2CED7968D919C91B2
:10270000B0E0A0E0409177025091780260917902A8
:1027100070917A0284179507A607B70709F4BFCE10
:1027200010927B0210927C0210927D0210927E0227
:10273000B6CE950184013695279517950795C80162
:102740008C7F825D914BFC01C590D490FC01329648
:1027500025913491882D8770882E829EC001839E9A
:10276000900D1124F3E096958795FA95E1F7C81A34
:10277000D90AF12CE12CABCF2091271730912817E3
:102780004091291750912A172A833B834C835D83FC
:10279000281539054A055B0508F01AC14091231731
:1027A000509124176091251770912617D1960D919D
:1027B0001D912D913C91D4978827419F912D529F37
:1027C0006001629FD00C619FC00CD11C429F900D94
:1027D000C11CD81E519F900DC11CD81E609F900D2A
:1027E000C11CD81E509F910DC81ED81E9695C81E9C
:1027F000D81E349FC00CD11C359FD00C1124F12C55
:10280000E12C00912E1710912F1720913017309145
:102810003117FD01E75BFF4F40805180628073807C
:10282000C016D106E206F30658F40C191D092E094C
:102830003F09401651066206730610F4280139015B
:102840008EE296E521E0FC01C590D590E590F490EC
:10285000C414D504E604F70458F4769467945794A6
:102860004794220F0496EAE4F6E5E817F90759F7CA
:1028700020932D17F0E24F1651046104710428F4DF
:1028800000E2402E512C612C712C30E2431A510889
:1028900061087108411488E058066104710408F465
:1028A0006EC0E4E05E9EC0011124825D9D4AFC0181
:1028B000329605911491342DFF24319FF001309F01
:1028C000E10DFF1D0694EF1DFF1D11242F01712C3A
:1028D000612CFC01C590D490F12CE12CC418D508D2
:1028E000E608F7084C0D5D1D6E1D7F1D40932317F4
:1028F00050932417609325177093261780912C17F7
:10290000882309F45FC04A815B816C817D81420F1D
:10291000511D611D711D481559056A057B05C8F4D7
:1029200080912B17882309F4BACDD7964D915C91ED
:10293000D89770E060E000917702109178022091C2
:10294000790230917A02401751076207730709F440
:10295000A6CD10927B0210927C0210927D02109202
:102960007E02D7968D919C91B0E0A0E08093770293
:1029700090937802A0937902B0937A0290CD73017C
:102980006201F694E794D794C794C6018C7F825D68
:10299000914BFC01C590D490FC01329605911491A5
:1029A000842D8770482E409EC001419E900D1124B9
:1029B00013E0969587951A95E1F7C81AD90AF12C74
:1029C000E12C90CF80912B17882309F468CDA8CEF5
:1029D00080912B178823D9F0D7964D915C91D89789
:1029E00070E060E000917702109178022091790206
:1029F00030917A02401751076207730741F0109235
:102A00007B0210927C0210927D0210927E02409115
:102A1000730250917402609175027091760277FF93
:102A20005FC0AF5BBF4FCD90DD90ED90FC908EE22C
:102A300096E521E0FC0145915591659174914C1505
:102A40005D056E057F0558F4F694E794D794C79416
:102A5000220F0496AAE4B6E5A817B90759F7209300
:102A60002D17B0E2CB16D104E104F10428F470E292
:102A7000C72ED12CE12CF12CE0E2CE1AD108E108CE
:102A8000F108C114F8E0DF06E104F10408F431C0F4
:102A900024E0D29EC0011124825D9D4AFC01329641
:102AA000259134917C2D6627739FA001729F410D63
:102AB000561F0694461F561F112470E060E0FC016B
:102AC00085919491B0E0A0E0841B950BA60BB70B09
:102AD0008093730290937402A0937502B093760270
:102AE000C0907302D0907402E0907502F09076026C
:102AF000D6CCD701C601B695A795979587958C7FBB
:102B0000825D914BFC0125913491FC0132964591F7
:102B100054918C2D8770C82EC49EC001C59E900D07
:102B2000112463E0969587956A95E1F7281B390B88
:102B3000C901B0E0A0E0CCCFAA81BB815596CD9071
:102B4000DD90ED90FC90589781E0C114D104E10430
:102B5000F10409F480E0EA81FB81018D128D238D5F
:102B6000348D011511052105310509F08260AA8116
:102B7000BB815D964D915D916D917C9190974115D2
:102B800051056105710509F0846080933A17109230
:102B900023171092241710922517109226171092BF
:102BA0003217109233171092341710923517EA81AA
:102BB000FB8185A196A1A7A1B0A580933B17909317
:102BC0003C17A0933D17B0933E17882499245401D5
:102BD000881A990AAA0ABB0A80921F179092201796
:102BE000A0922117B092221780921B1790921C1767
:102BF000A0921D17B0921E17809217179092181767
:102C0000A0921917B0921A17809213179092141766
:102C1000A0921517B0921617CC0CDD1CEE1CFF1CF1
:102C2000C0920317D0920417E0920517F09206178E
:102C3000000F111F221F331F00930717109308174F
:102C40002093091730930A17440F551F661F771FEB
:102C500040930B1750930C1760930D1770930E173A
:102C600041A152A163A174A1440F551F661F771F94
:102C700040930F175093101760931117709312170A
:102C8000880F991FAA1FBB1F8093FF1690930017F0
:102C9000A0930117B093021710923F17109240179C
:102CA000109241171092421781A592A5A3A5B4A531
:102CB0008093361790933717A0933817B09339172E
:102CC00085A596A5A7A5B0A9809327179093281747
:102CD000A0932917B0932A1786A980932C178823CD
:102CE00009F411C183AD94AD9093FE168093FD1647
:102CF00081AD92AD9093FC168093FB1610927B02EF
:102D000010927C0210927D0210927E0287A990ADF3
:102D1000B0E0A0E08093770290937802A0937902CC
:102D2000B0937A02AA81BB81D5968C91909143078A
:102D3000891721F0809343070F94220F0E949CFC77
:102D40002FEF3FEFA9012093730230937402409359
:102D50007502509376024A815B814B5B5F4FDA01CB
:102D60004D915D916D917C9140932E1750932F174B
:102D700060933017709331178EE296E521E0FC01E5
:102D8000C590D590E590F490C416D506E606F706F2
:102D900058F47695679557954795220F0496EAE47F
:102DA000F6E5E817F90759F720932D17403251053A
:102DB0006105710520F440E250E060E070E04052AF
:102DC0005109610971094115F8E05F076105710555
:102DD00008F4A5C024E0529FC0011124825D9D4AE1
:102DE000FC01329625913491AA27439FF001429F1E
:102DF000E10DFA1F0694EA1FFA1F1124AF0170E0DB
:102E000060E0FC01C590D490F12CE12CC41AD50AE5
:102E1000E60AF70AC0924317D0924417E09245178A
:102E2000F0924617009143171091441720914517CF
:102E30003091461740917B0250917C0260917D0257
:102E400070917E02D901C8014017510762077307CC
:102E500010F4DB01CA010097E1E0AE07B10520F0F4
:102E60008FEF9FEFA0E0B0E0081B190B2A0B3B0B84
:102E70000093431710934417209345173093461738
:102E80004F3FFFEF5F076F077F0761F0481B590B4C
:102E90006A0B7B0B40937B0250937C0260937D0214
:102EA00070937E02F8942091840030918500205F19
:102EB0003F4F498141504983442309F450C0280EB3
:102EC000391E2216330610F40D94860F30928900B5
:102ED0002092880078940F900F900F900F900F9091
:102EE000DF91CF911F910F91FF90EF90DF90CF90E6
:102EF000BF90AF909F908F907F906F905F904F901A
:102F00003F902F9008952FEF3FEFA9012093770274
:102F1000309378024093790250937A0203CFDB0119
:102F2000CA01B695A795979587958C7F825D914B41
:102F3000FC01C590D490FC013296259134914770E4
:102F4000429FC001439F900D112433E096958795D1
:102F50003A95E1F7C81AD90AF12CE12C5BCF190197
:102F6000B5CF80EDC82E87E0D82EE12CF12C9ECA7B
:102F7000CF92DF92EF92FF92CF93DF93EC0108960E
:102F80000E9422FC6B017C0120E030E0A9010F943B
:102F9000504920E030E0A901882359F0CE010E9479
:102FA000103B9B01AC01C701B6010F94B6499B01D0
:102FB000AC01688579858A859B850F94E94D688782
:102FC00079878A879B87DF91CF91FF90EF90DF9081
:102FD000CF9008958F929F92AF92BF92CF92DF923F
:102FE000EF92FF920F931F93CF93DF93CDB7DEB78E
:102FF0002C970FB6F894DEBF0FBECDBF6C017B01DE
:103000008A01CA010E9422FC4B015C0119861A86C2
:103010001B861C86F60180819181A281B381898300
:103020009A83AB83BC83F70180819181A281B381B4
:103030008D839E83AF83B88720E030E0A901C5016E
:10304000B4010F94504920E030E0A901882361F0D9
:10305000CE0101960E94103B9B01AC01C501B40159
:103060000F94B6499B01AC01F801608171818281A6
:1030700093810F94EA4DF801608371838283938377
:103080002C960FB6F894DEBF0FBECDBFDF91CF9167
:103090001F910F91FF90EF90DF90CF90BF90AF9076
:1030A0009F908F900895AF92BF92CF92DF92EF9250
:1030B000FF920F931F93CF93DF93CCE8D1E100EE03
:1030C00019E08CE9A82E81E1B82EC12CD12C760113
:1030D000C39469917991899199910F94554928895F
:1030E00039894A895B890F94B6490F945D4FF8017D
:1030F00061937193819391938F01C616D706E80669
:10310000F90610F46B017C01AC16BD0611F76FEFE8
:103110007FEFCB01A70196010F94434D2093F00957
:103120003093F1094093F2095093F309DF91CF9165
:103130001F910F91FF90EF90DF90CF90BF90AF90D5
:1031400008950F931F93CF93DF9300EA11E1C9E035
:10315000DAE0F80121913191419151918F0160E0C4
:1031600070E080E89FE30F94E44E6993799389932C
:103170009993FAE0C931DF0761F70E9481E0DF919E
:10318000CF911F910F910D9453189091FA12809145
:10319000FB12981306C080917E0F90917F0F892BB0
:1031A00021F080E00E94DB55F0CF0895CF92DF92AE
:1031B000EF92FF92FC01C080D180E280F3802091E9
:1031C000AC113091AD114091AE115091AF11C701CA
:1031D000B6010F94B6490F9457506093181370932B
:1031E000191380931A1390931B13C0920813D09253
:1031F0000913E0920A13F0920B139091FA12809146
:10320000FB12981731F0FF90EF90DF90CF900C9465
:103210009EFD0F94C51880916F00982F927081FFCA
:1032200005C080916F008D7F80936F0040911813CF
:103230005091191360911A1370911B1340936217E8
:10324000509363176093641770936517992329F05F
:1032500080916F00826080936F00FF90EF90DF900D
:10326000CF9008958F929F92AF92BF92EF92FF926C
:103270000F931F93CF93DF937B018A01E901FC0138
:1032800080809180A280B3802091A0113091A11103
:103290004091A2115091A311C501B4010F94B649F8
:1032A0000F94575060930C1370930D1380930E136B
:1032B00090930F132091A4113091A5114091A61164
:1032C0005091A711F70160817181828193810F94E0
:1032D000B6490F9457506093101370931113809355
:1032E0001213909313132091A8113091A9114091BA
:1032F000AA115091AB11F801608171818281938193
:103300000F94B6490F94575060931413709315138C
:1033100080931613909317132091AC113091AD1137
:103320004091AE115091AF11688179818A819B8162
:103330000F94B6490F945750609318137093191354
:1033400080931A1390931B138092FC129092FD129B
:10335000A092FE12B092FF12F70180819181A281AA
:10336000B3818093001390930113A0930213B09341
:103370000313F80180819181A281B38180930413AA
:1033800090930513A0930613B09307138881998136
:10339000AA81BB818093081390930913A0930A1309
:1033A000B0930B139091FA128091FB12981761F071
:1033B000DF91CF911F910F91FF90EF90BF90AF9051
:1033C0009F908F900C949EFD0F94C51880916F0074
:1033D000982F927081FF05C080916F008D7F809340
:1033E0006F0040910C1350910D1360910E1370916A
:1033F0000F134093561750935717609358177093B5
:10340000591740911013509111136091121370913C
:10341000131340935A1750935B1760935C17709384
:103420005D1740911413509115136091161370910C
:10343000171340935E1750935F1760936017709354
:103440006117409118135091191360911A137091DC
:103450001B13409362175093631760936417709324
:103460006517992329F080916F00826080936F0027
:10347000DF91CF911F910F91FF90EF90BF90AF9090
:103480009F908F9008959091FA128091FB1298135B
:103490001AC080917E0F90917F0F892BA1F4179A0B
:1034A0008091B9098E7F8093B909169A8091B909E4
:1034B0008D7F8093B909159A8091B9098B7F80938C
:1034C000B909149A089580E00E94DB55DCCFCF93B0
:1034D000DF9390916F00292F227091FF05C090918A
:1034E0006F009D7F90936F0094E0899FA00111244D
:1034F000FA01E65BF84E608171818281938122231B
:1035000029F020916F00226020936F00EA01C75FCD
:10351000D54F0F945749288139814A815B810F9497
:10352000B649DF91CF910895CF9380916F00C82F56
:10353000C27081FF05C080916F008D7F80936F0006
:103540008091FB128093FA128093F9128093F81203
:1035500084E68093F7120E94B1FB88EE93E090938B
:103560007F0F80937E0FCC2329F080916F008260C3
:1035700080936F0081E080934917CF9108954F9217
:103580005F926F927F928F929F92AF92BF92CF92F3
:10359000DF92EF92FF920F931F93CF93DF93CDB7FC
:1035A000DEB768970FB6F894DEBF0FBECDBF8C01B3
:1035B0005B015A834983FC01EF5BFF4F608171819E
:1035C000828193810F9455496B017C01D5012D9126
:1035D0003D914D915C910F94B6490F94C84E2B01CB
:1035E0003C01E981FA812081318142815381C70107
:1035F000B6010F94B6490F94C84E4B015C01C3014C
:10360000B2010F945D4F698B7A8B8B8B9C8B6837E3
:1036100071058105910540F428E730E040E050E075
:10362000298B3A8B4B8B5C8BC501B4010F945D4F9A
:103630006D877E878F87988B683771058105910527
:1036400040F488E790E0A0E0B0E08D879E87AF87E8
:10365000B88BF801E35BFF4F2081318142815381B8
:1036600029833A834B835C83CA01B9010F9457497C
:103670002B013C0169897A898B899C890F94554972
:1036800069877A878B879C8720E030E0A901C30196
:10369000B2010F945049882309F43BC1A701960158
:1036A000C701B6010F94B6494B015C0129853A85E3
:1036B0004B855C85CA01B9010F94B6499B01AC01E9
:1036C000C501B4010F94E94D4B015C01A3019201C6
:1036D000C301B2010F94EA4D9B01AC01C501B401D5
:1036E0000F94E44E0F94C84E0F945D4F6D837E830C
:1036F0008F83988769817A818B819C819095809551
:10370000709561957F4F8F4F9F4F0F9457494B0195
:103710005C016D857E858F8598890F9455496983F5
:103720007A838B839C8320E030E0A901C501B4013A
:103730000F945049882309F4F0C029813A814B81C4
:103740005C81CA01B9010F94B6496D8B7E8B8F8B5A
:10375000988FA7019601C701B6010F94B6499B0146
:10376000AC016D897E898F89988D0F94E94D6B012D
:103770007C01A5019401C501B4010F94EA4D9B01A0
:10378000AC01C701B6010F94E44E0F948C4FD801E1
:1037900095968D909D90AD90BC9098977501640121
:1037A0002D813E814F815885C21AD30AE40AF50A59
:1037B0000F945D4FC61AD70AE80AF90AF7FE6EC0E1
:1037C00020E030E0A901C301B2010F9450498823E1
:1037D00009F4A7C0C501B4010F9455496B017C01E0
:1037E000A3019201C301B2010F94EA4D9B01AC0108
:1037F000C701B6010F94B6496B017C0129853A8552
:103800004B855C85CA01B9010F94B6499B01AC0197
:10381000C701B6010F94E94D6B017C0129813A8102
:103820004B815C81CA01B9010F94B6499B01AC017F
:10383000C701B6010F94EA4D6B017C0120E030E036
:1038400040E850E4C301B2010F94B6499B01AC01BA
:10385000C701B6010F94E44E0F94C84E6B017C0172
:1038600020E030E0A9010F944A5018161CF0C12C3A
:10387000D12C7601C701B6010F945D4F6D837E8315
:103880008F83988786169706A806B90620F48D823E
:103890009E82AF82B886C12CD12C76018D819E810B
:1038A000AF81B885F80181A792A7A3A7B4A7C80ED6
:1038B000D91EEA1EFB1EC5A6D6A6E7A6F0AAEB5B9C
:1038C000FF4F29893A894B895C8920833183428360
:1038D000538334968D859E85AF85B8898083918387
:1038E000A283B38368960FB6F894DEBF0FBECDBF38
:1038F000DF91CF911F910F91FF90EF90DF90CF90CC
:10390000BF90AF909F908F907F906F905F904F90FF
:10391000089560E070E0CB01E5CE60E070E0CB019F
:1039200034CF60E070E0CB0197CFCF92DF92EF927F
:10393000FF92CF93DF93EC01C0905702D0905802D2
:10394000E0905902F0905A02288139814A815B81C6
:10395000C701B6010F944A50181624F4C882D982C0
:10396000EA82FB82C0905B02D0905C02E0905D0234
:10397000F0905E02288139814A815B81C701B601DE
:103980000F94504987FF04C0C882D982EA82FB8223
:10399000C0905F02D0906002E0906102F0906202FD
:1039A0002C813D814E815F81C701B6010F944A5041
:1039B000181624F4CC82DD82EE82FF82C09063026E
:1039C000D0906402E0906502F09066022C813D8107
:1039D0004E815F81C701B6010F94504987FF04C033
:1039E000CC82DD82EE82FF82C0906702D0906802B6
:1039F000E0906902F0906A02288539854A855B85E6
:103A0000C701B6010F944A50181624F4C886D98607
:103A1000EA86FB86C0906B02D0906C02E0906D024B
:103A2000F0906E02288539854A855B85C701B6010D
:103A30000F94504987FF04C0C886D986EA86FB8662
:103A4000DF91CF91FF90EF90DF90CF9008952F926C
:103A50003F924F925F926F927F928F929F92AF921E
:103A6000BF92CF92DF92EF92FF920F931F93CF936B
:103A7000DF93CDB7DEB7E4970FB6F894DEBF0FBE85
:103A8000CDBF80915402882321F08AEB99E00F94F6
:103A9000951C8091800F83FD7DC0C090C609D09099
:103AA000C709E090C809F090C90920913B02309104
:103AB0003C0240913D0250913E02C701B6010F9475
:103AC0005049882309F466C08091190A81111FC0EA
:103AD00060914712709148128091491290914A1258
:103AE0000F94564F20914702309148026217730796
:103AF00074F4C0923B02D0923C02E0923D02F092FC
:103B00003E020E9480468BEB9DE40E948E44809092
:103B1000C6099090C709A090C809B090C909209122
:103B20003B0230913C0240913D0250913E02C50162
:103B3000B4010F94E94D6B017C0120E030E0A90154
:103B40000F944A5087FF04C0F7FAF094F7F8F09406
:103B50002091430230914402409145025091460227
:103B6000C701B6010F94B64920E030E048E453E4C1
:103B70000F944A50181674F480923B0290923C02C3
:103B8000A0923D02B0923E020E9480468CE99DE4E4
:103B90000E948E448091D209E0905502F090560226
:103BA000882309F18090351290903612A090371238
:103BB000B090381220E030E0A901C501B4010F94A3
:103BC0005049882309F45BC02091C2093091C30990
:103BD0004091C4095091C509C501B4010F944A50E0
:103BE00018160CF44CC0B701FF0C880B990B0F94FE
:103BF000574920912B0230912C0240912D02509177
:103C00002E020F94B6492AE037ED43E25CE30F94AD
:103C1000B64969837A838B839C83C12CD12C76012E
:103C20008E010F5F1F4F26EC39E042EC59E06EEB3E
:103C300079E08AEB99E00E9415E080E1EAEBF9E097
:103C4000AFE2B2E001900D928A95E1F7E4960FB6EB
:103C5000F894DEBF0FBECDBFDF91CF911F910F91C2
:103C6000FF90EF90DF90CF90BF90AF909F908F909C
:103C70007F906F905F904F903F902F900895B70185
:103C8000FF0C880B990B0F94574920912B02309110
:103C90002C0240912D0250912E020F94B6492AE039
:103CA00037ED43E25CE30F94B64969A37AA38BA393
:103CB0009CA320912F02309130024091310250910B
:103CC00032026091BA097091BB098091BC09909150
:103CD000BD090F94E94D2B013C0120913302309135
:103CE000340240913502509136026091BE097091C4
:103CF000BF098091C0099091C1090F94E94D69A74E
:103D00007AA78BA79CA720E030E0A901C301B201EC
:103D10000F94504981110FC020E030E0A90169A53E
:103D20007AA58BA59CA50F945049C12CD12C760166
:103D3000882309F455C1209137023091380240910F
:103D4000390250913A026091C2097091C309809181
:103D5000C4099091C5090F94E94D6DA77EA78FA75F
:103D600098AB20913B0230913C0240913D02509132
:103D70003E026091C6097091C7098091C80990916F
:103D8000C9090F94E94D6DA37EA38FA398A7A30142
:103D90009201C301B2010F94B6496B017C0129A5C0
:103DA0003AA54BA55CA5CA01B9010F94B6499B0180
:103DB000AC01C701B6010F94EA4D6B017C012DA542
:103DC0003EA54FA558A9CA01B9010F94B6499B0158
:103DD000AC01C701B6010F94EA4D0F9498506B01E6
:103DE0007C012DEB37E346E855E30F94504987FFFC
:103DF00013C020E030E0A9016DA17EA18FA198A59C
:103E00000F944A50CDA0DEA0EFA0F8A487FF04C015
:103E1000F7FAF094F7F8F0942DEB37E346E855E322
:103E2000C701B6010F94504987FD07CF20E030E06D
:103E300040EA50E4C701B6010F94E44E0F945D4F81
:103E40001B01672B19F422242394312CB10190E03B
:103E500080E00F9455499B01AC0160E070E080E880
:103E60009FE30F94E44E4B015C01AC019B01C70141
:103E7000B6010F94B64969AB7AAB8BAB9CABA5018D
:103E80009401C301B2010F94B649698B7A8B8B8B75
:103E90009C8BA501940169A57AA58BA59CA50F947F
:103EA000B6496D8B7E8B8F8B988FA50194016DA584
:103EB0007EA58FA598A90F94B649698F7A8F8B8FAD
:103EC0009C8FA50194016DA17EA18FA198A50F944F
:103ED000B6496D8F7E8F8F8F98A380E1EFE2F2E07D
:103EE000DE01119601900D928A95E1F77724739483
:103EF00081E0281A310809F46FC08091ED16811114
:103F000010C00E94C2ED68537F4F8F4F9F4F609348
:103F1000E9167093EA168093EB169093EC16709264
:103F2000ED160F943A0A0E94C2EDC090E916D090A7
:103F3000EA16E090EB16F090EC166C197D098E09EC
:103F40009F0997FD11C00E94C2ED68537F4F8F4FAC
:103F50009F4F6093E9167093EA168093EB16909347
:103F6000EC1680E00E94DB55FE0131967F016E0168
:103F7000F1E1CF0ED11C5601F70161917191819150
:103F800091917F01F60121913191419151916F0100
:103F90004701F4E08F1A91080F94EA4DF401608311
:103FA000718382839383AE14BF0431F7C9A8DAA862
:103FB000EBA8FCA88E010F5D1F4F9E01235F3F4FB2
:103FC000AE01475F5F4FBE016B5F7F4FCE01019631
:103FD0000E9415E081118CCFC9A8DAA8EBA8FCA833
:103FE0008E010F5D1F4F1FCE8091E5169091E61652
:103FF000A091E716B091E81680932B0290932C02C3
:10400000A0932D02B0932E028091E3169091E416B6
:104010009093560280935502089580912B029091BF
:104020002C02A0912D02B0912E028093E516909360
:10403000E616A093E716B093E8168091550290918A
:1040400056029093E4168093E31684E690E09093F2
:1040500056028093550208954F925F926F927F921D
:104060008F929F92AF92BF92CF92DF92EF92FF9288
:104070000F931F93CF93DF93CDB7DEB72C970FB677
:10408000F894DEBF0FBECDBF2B013C0129873A87D4
:104090004B875C8747015801F601E080F18002817F
:1040A000138120E030E0A901B701C8010F94504905
:1040B00081118EC0EAEEFDE485919591A591B491B0
:1040C000582F492F3A2F2B2F852F942FA32FB22F04
:1040D00089839A83AB83BC8320E030E0A901B701D8
:1040E000C8010F945049811108C0E0902702F09058
:1040F00028020091290210912A02C701D8018D835C
:104100009E83AF83B887A5019401609137027091B7
:1041100038028091390290913A020F94504987FFFA
:104120000CC08092370290923802A0923902B0926D
:104130003A02CE0101960E9411FE40922F02509247
:104140003002609231027092320289859A85AB8585
:10415000BC858093330290933402A0933502B093D0
:104160003602CE0105960E9411FEA50194016091D0
:104170003702709138028091390290913A020F947F
:104180004A50181664F48092370290923802A09236
:104190003902B0923A02CE0101960E9411FE0F94AC
:1041A000C5182C960FB6F894DEBF0FBECDBFDF91B9
:1041B000CF911F910F91FF90EF90DF90CF90BF9024
:1041C000AF909F908F907F906F905F904F900895E9
:1041D0005E2D4F2D302F212F77CFCF92DF92EF9290
:1041E000FF920F931F936A01E0903702F09038021C
:1041F0000091390210913A02FB0120813181428104
:104200005381FC0160817181828193810F942C2004
:104210001F910F91FF90EF90DF90CF900895CF9274
:10422000DF92EF92FF920F931F936B01FC01E080EE
:10423000F18002811381EFE2F2E024813581468131
:10424000578160817181828193810F942C201F910D
:104250000F91FF90EF90DF90CF9008958F929F92F3
:10426000AF92BF92CF92DF92EF92FF921F93CF93C4
:10427000DF93CDB7DEB760970FB6F894DEBF0FBE01
:10428000CDBF182F80E00E9484FB4B015C0180921F
:10429000D7169092D816A092D916B092DA1681E06D
:1042A0000E9484FB6B017C01C092DB16D092DC166D
:1042B000E092DD16F092DE1682E00E9484FB6093AD
:1042C000DF167093E0168093E1169093E2168982D0
:1042D0009A82AB82BC82CD82DE82EF82F8866987C9
:1042E0007A878B879C8780913B0290913C02A091BA
:1042F0003D02B0913E028D879E87AF87B88B80913B
:10430000D209882321F0CE0101960F94B8171E3FE1
:10431000D9F480E1FE013196AFE2B2E001900D9256
:104320008A95E1F760960FB6F894DEBF0FBECDBF59
:10433000DF91CF911F91FF90EF90DF90CF90BF90D2
:10434000AF909F908F90089584E0189FF001112402
:10435000DF01A15DBD4F81E090E08C0F9D1FE80F54
:10436000F91F40815181628173814D935D936D93FB
:104370007C931397D7CF0C9481E01F93CF93DF9357
:1043800000D000D01F921F92CDB7DEB769837A8329
:104390008B839C832D833E834F8358870E94504894
:1043A000882359F081E028960FB6F894DEBF0FBE3F
:1043B000CDBFDF91CF911F910895BE016B5F7F4FFD
:1043C000CE0101960F940F2180912909182F1470A6
:1043D00082FD0CC01092290982E00F942E210F94C7
:1043E000BB2181E01123F9F280E0DDCF0E9401487A
:1043F000882381F3D7CF1F93CF93DF9300D01F92F1
:10440000CDB7DEB787E791E0A0E0B0E089839A837B
:10441000AB83BC83BE016F5F7F4F8CE30E942A4257
:1044200081E69DE40E948E4483B111E086FB8827DB
:1044300080F96BE57DE481270E94FCFD86B18095C3
:1044400065E57DE4881F8827881F0E94FCFD83B1F5
:1044500085FB882780F96FE47DE481270E94FCFDBD
:1044600080B182FB882780F969E47DE481270E947E
:10447000FCFD83B163E47DE4829581700E94FCFDC4
:104480008EEE92E0A0E0B0E01C9912C089839A837E
:10449000AB83BC83BE016F5F7F4F8AE00E942A42DC
:1044A0000F900F900F900F90DF91CF911F91089573
:1044B00089839A83AB83BC83BE016F5F7F4F8AE59C
:1044C000EDCF80914107811104C08091440788237A
:1044D00079F062E070E080E090E00E9467408091B7
:1044E000D416882329F061E070E080E090E0F5CFF9
:1044F0000895BF92CF92DF92EF92FF920F931F9396
:10450000CF93DF9300D01F92CDB7DEB790914407D1
:10451000981741F1B82E0E94B0E160912F0270917E
:104520003002809131029091320220913302309119
:104530003402409135025091360219821A821B8250
:104540001C82E0903702F0903802009139021091FD
:104550003A02FE0131966F010F942C20B09244076D
:104560000F94612280E00F900F900F900F90DF91D9
:10457000CF911F910F91FF90EF90DF90CF90BF9060
:10458000089580912909882319F010922909089526
:1045900083E29DE40C94CA484F925F926F927F929F
:1045A0008F929F92AF92BF92CF92DF92EF92FF9243
:1045B0000F931F93CF93DF93CDB7DEB768970FB6F6
:1045C000F894DEBF0FBECDBF2A013B016901E82E82
:1045D000F12CF701E55DF14BE491AA24A3941E169A
:1045E0000CF4A12CBB24B39420E030E0A901C3015A
:1045F000B2010F944A5018160CF0B12C80E00E94C2
:1046000084FB69837A838B839C8381E00E9484FB93
:104610006D837E838F83988782E00E9484FB698705
:104620007A878B879C8783E00E9484FB6D877E87D7
:104630008F87988BEE0CFF1CEE0CFF1C8824839454
:10464000912C8C0E9D1E8E0C9F1CF40110821182E9
:10465000128213829E01235F3F4FAE01475F5F4F7F
:10466000BE016B5F7F4FCE0101960F943219F401AA
:1046700040825182628273821D8A1E8A1F8A188E2E
:1046800020E030E0A901B801C6010F945049811122
:1046900009C0F701EE51F24B85919591A591B49126
:1046A0008C016D01C801D601898B9A8BAB8BBC8BB9
:1046B00080917E0F90917F0F892B91F4CE014596CA
:1046C0007C018E010F5E1F4F9E01235F3F4FAE01A5
:1046D000475F5F4FBE016B5F7F4F44970E9483CD62
:1046E0000F94C518AB100F94C12268960FB6F894BA
:1046F000DEBF0FBECDBFDF91CF911F910F91FF9015
:10470000EF90DF90CF90BF90AF909F908F907F9071
:104710006F905F904F9008954F925F926F927F924B
:104720008F929F92AF92BF92CF92DF92EF92FF92C1
:104730000F931F93CF93C82FE82EF12CF701E55D5F
:10474000F14BB4908230C9F481E00F947922882330
:1047500081F0CF911F910F91FF90EF90DF90CF905C
:10476000BF90AF909F908F907F906F905F904F9091
:1047700008950E9450488111ECCF6701CC0CDD1CDC
:10478000CC0CDD1CF601E15EF14B45905590659037
:1047900074906B2DBB0C770B880B990B0F945749BA
:1047A0004B015C0120E030E040EC5FE3C301B2016B
:1047B0000F94B649A50194010F94B649AB01BC0111
:1047C00000E010E098018C2F0F94CC22C23009F049
:1047D000A5C00E940148E0E070E060EA80E42E2F6E
:1047E000372F462F582FC501B4010F94B6494B01FE
:1047F0005C0120E030E0A9010F945049882369F161
:1048000000E010E020E031E4C23019F000E010E0F8
:104810009801B501A40170588C2F0F94CC22C2309E
:1048200009F088C00E945048811193CF412C512C2F
:1048300080E8682E8FE3782EA5019401C501B401AC
:104840000F94EA4DAB01BC01930182018C2F0F94B0
:10485000CC22C23011F40E94014881E090E00C2E7D
:1048600001C0880F0A94EAF79091B909982B9093A8
:10487000B9099091CE09892B8093CE09F601EA52AD
:10488000F24B85919591A591B491F601E15DFD4FB3
:1048900080839183A283B383C230D1F42091CA096B
:1048A0003091CB094091CC095091CD0960913702EC
:1048B000709138028091390290913A020F94E94D3B
:1048C00060933702709338028093390290933A02D2
:1048D0000F94BB21F601E654F64FD601A15DBD4F02
:1048E0008D919D910D90BC91A02D80839183A28389
:1048F000B383C23009F02DCF80E0CF911F910F918B
:10490000FF90EF90DF90CF90BF90AF909F908F90EF
:104910007F906F905F904F900D947922F601ED5E3D
:10492000F14B85919591A591B491E82F792F6A2F3C
:104930008B2F55CFF701E05FF14B6491611107C0F8
:104940000E9480468EEE9DE40E948E446AE0F6014D
:10495000EE51F24B459055906590749070E090E068
:1049600080E00F9457499B01AC01C301B2010F9441
:10497000E44E2B013C0160CFEF92FF920F931F9307
:10498000CF93DF93CDB7DEB7CB57D1090FB6F894ED
:10499000DEBF0FBECDBFE1961CAE1DAE1EAE1FAE7C
:1049A000E1978091ED039091EE03A091EF03B09118
:1049B000F003E5968CAF9DAFAEAFBFAFE597E9963C
:1049C0001FAE1EAEE99784E690E0EB969FAF8EAFE8
:1049D000EB971092CE169E0129583F4F44E050E0CD
:1049E000BE016F587F4FCE0187589F4F0E943849B4
:1049F000EB968EAD9FADEB970296EB969FAF8EAF89
:104A0000EB97E9961FAE1EAEE99781E0EC968FAF6B
:104A1000EC979E0129583F4F41E050E0BE01655898
:104A20007F4FCE0187589F4F0E9438499E012958D9
:104A30003F4F48E450E06CE871E1CE0187589F4F4A
:104A40000E9438499E0129583F4F40E150E064EFF1
:104A500079E0CE0187589F4F0E9438498AE097ED50
:104A6000A3EABCE3E1968CAF9DAFAEAFBFAFE197D9
:104A70009E0129583F4F44E050E0BE0163597F4FEB
:104A8000CE0187589F4F0E9438498E010F5F1F4FFC
:104A90008CE0F80111928A95E9F79E0129583F4F61
:104AA0004CE050E0B801CE0187589F4F0E94384932
:104AB000E6961FAEE69719821A821B821C829E011F
:104AC00029583F4F41E050E0BE016B587F4FCE0167
:104AD00087589F4F0E9438499E0129583F4F44E014
:104AE00050E0B801CE0187589F4F0E94384980910D
:104AF000351290913612A0913712B09138128983F5
:104B00009A83AB83BC839E0129583F4F44E050E019
:104B1000B801CE0187589F4F0E943849E1961CAEDC
:104B20001DAE1EAE1FAEE19783E0E6968FAFE6970F
:104B300089839E0129583F4F44E050E0BE016359EC
:104B40007F4FCE0187589F4F0E9438499E012958B8
:104B50003F4F41E050E0BE016B587F4FCE01875878
:104B60009F4F0E9438499E0129583F4F41E050E035
:104B7000B801CE0187589F4F0E9438499AE0F92E1C
:104B8000FA94FF2071F09E0129583F4F44E050E015
:104B9000BE0163597F4FCE0187589F4F0E9438490D
:104BA000EFCFE996EEACFFACE997EB968EAD9FADFB
:104BB000EB9790935302809352029E0129583F4FE6
:104BC00044E050E06AEC79E0CE0187589F4F0E94A4
:104BD0003849E996FFAEEEAEE997E1961CAE1DAE00
:104BE0001EAE1FAEE1978AE0F82EFA94FF2071F016
:104BF0009E0129583F4F44E050E0BE0163597F4F6A
:104C0000CE0187589F4F0E943849EFCF83E08983B8
:104C1000E6968FAFE6979E0129583F4F41E050E05E
:104C2000B801CE0187589F4F0E9438499E012958EC
:104C30003F4F41E050E0BE016B587F4FCE01875897
:104C40009F4F0E9438499E0129583F4F44E050E051
:104C500065E476E1CE0187589F4F0E9438499E0156
:104C600029583F4F44E050E060E476E1CE01875898
:104C70009F4F0E9438499E0129583F4F44E250E01F
:104C80006BE576E1CE0187589F4F0E943849198223
:104C90008FEFE6968FAFE6979E0129583F4F41E090
:104CA00050E0B801CE0187589F4F0E9438499E01BD
:104CB00029583F4F41E050E0BE016B587F4FCE0175
:104CC00087589F4F0E9438499E0129583F4F44E022
:104CD00050E06CE873E0CE0187589F4F0E9438493E
:104CE0009E0129583F4F41E050E06FE376E1CE014D
:104CF00087589F4F0E9438499E0129583F4F44E0F2
:104D000050E067E576E1CE0187589F4F0E94384911
:104D10009E0129583F4F44E050E063E576E1CE0123
:104D200087589F4F0E9438499E0129583F4F42E0C3
:104D300050E061E576E1CE0187589F4F0E943849E7
:104D400080E090E0A0E8BFE38D879E87AF87B88BB7
:104D500080914E1290914F12A0915012B091511229
:104D600089839A83AB83BC838091521290915312B2
:104D7000A0915412B09155128D839E83AF83B88752
:104D80008091561290915712A0915812B0915912D9
:104D900089879A87AB87BC879E0129583F4F40E19E
:104DA00050E0B801CE0187589F4F0E94384984E1F6
:104DB00090E09A8389839E0129583F4F42E050E05A
:104DC000B801CE0187589F4F0E9438499E0129584B
:104DD0003F4F4CE050E066EA76E1CE0187589F4FA6
:104DE0000E94384980E290E09A8389839E01295885
:104DF0003F4F42E050E0B801CE0187589F4F0E94DC
:104E0000384981E089839E0129583F4F41E050E0B5
:104E1000B801CE0187589F4F0E94384980E2ECEFDD
:104E2000F2E0D80101900D928A95E1F79E01295890
:104E30003F4F40E250E0B801CE0187589F4F0E949B
:104E40003849E6961FAEE6979E0129583F4F41E04C
:104E500050E0BE016B587F4FCE0187589F4F0E9494
:104E60003849198280E090E0A0E4B0E4E1968CAF8C
:104E70009DAFAEAFBFAFE1979E0129583F4F41E0D4
:104E800050E0B801CE0187589F4F0E9438499E01DB
:104E900029583F4F44E050E0BE0163597F4FCE0197
:104EA00087589F4F0E9438498AE1F80111928A95EC
:104EB000E9F79E0129583F4F4AE150E0B801CE0181
:104EC00087589F4F0E94384984E3ECE1F3E0D80112
:104ED00001900D928A95E1F79E0129583F4F44E3D6
:104EE00050E0B801CE0187589F4F0E9438491A827E
:104EF00019821C821B821E821D829E0129583F4FEF
:104F000046E050E0B801CE0187589F4F0E943849D3
:104F10008DE0F80111928A95E9F79E0129583F4FDB
:104F20004DE050E0B801CE0187589F4F0E943849AC
:104F30009E0129583F4F44E050E06AE17AE0CE01FB
:104F400087589F4F0E9438499E0129583F4F4CE097
:104F500050E067E876E1CE0187589F4F0E943849BC
:104F60008CE6F80111928A95E9F79E0129583F4F86
:104F70004CE650E0B801CE0187589F4F0E94384957
:104F80009E0129583F4F4CE050E062EC76E1CE01A3
:104F900087589F4F0E9438499E0129583F4F48E04B
:104FA00050E069E476E1CE0187589F4F0E9438496E
:104FB0009E0129583F4F44E050E063ED79E0CE0177
:104FC00087589F4F0E9438499E0129583F4F44E01F
:104FD00050E067ED79E0CE0187589F4F0E94384935
:104FE0009E0129583F4F44E050E06BED79E0CE013F
:104FF00087589F4F0E9438499E0129583F4F41E0F2
:1050000050E06FED79E0CE0187589F4F0E943849FC
:105010009E0129583F4F44E050E06FE372E0CE011B
:1050200087589F4F0E943849F090CE16F11052C019
:10503000EB960EAD1FADEB9704561109E9968EADB8
:105040009FADE997E7969FAF8EAFE79784E690E034
:10505000EB969FAF8EAFEB979E0129583F4F44E0F0
:1050600050E060E973E0CE0187589F4F0E943849B5
:105070009E0129583F4F42E050E0BE016B587F4FE0
:10508000CE0187589F4F0E9438490E948046B80140
:105090008DE099E40E94014AE7964EAD5FADE79737
:1050A00070E060E080E099E40E94F0498DEF98E4C0
:1050B0000E948E440235124041F00E9432458FE139
:1050C00099E40E948E44FF24F3948091CE168F2998
:1050D0008093CE169091CE1681E08927C558DF4F78
:1050E0000FB6F894DEBF0FBECDBFDF91CF911F91F9
:1050F0000F91FF90EF9008950F931F9380913E16AC
:10510000813019F50E94C2ED0091BA161091BB16BC
:105110002091BC163091BD16601B710B820B930B56
:1051200028EE33E040E050E00F94434D6091B61616
:105130007091B7168091B8169091B916620F731FCF
:10514000841F951F1F910F9108956091BE16709155
:10515000BF168091C0169091C116D6CF10923E1600
:105160001092BA161092BB161092BC161092BD1671
:105170001092BE161092BF161092C0161092C11651
:105180001092B6161092B7161092B8161092B91661
:10519000089580913E168130F1F08230C9F40F9469
:1051A0007C286093B6167093B7168093B8169093C8
:1051B000B91681E080933E160E94C2ED6093BA1644
:1051C0007093BB168093BC169093BD1681E0089532
:1051D0000F94AE28EECF80E0089580913E16813086
:1051E00079F482E080933E160E94C2ED6093BE1671
:1051F0007093BF168093C0169093C11681E00895F6
:1052000080E0089580913E168150823070F41092B3
:105210003E160E94C2ED6093BE167093BF16809337
:10522000C0169093C11681E0089580E008958F9292
:105230009F92AF92BF92CF92DF92EF92FF92CF9365
:10524000FC01C080D180E280F38020E030E0A90141
:10525000C701B6010F94504987FF93C0C701B6013B
:10526000905820E030E048EC52E40F94B64920E03A
:1052700030E040EA50E40F94EA4D20E030E040E2B4
:1052800051E40F94E44E0F94564F6B017C0180E281
:105290008093470960E2F0E1CF16F7E2DF06E10410
:1052A000F1048CF0C701B60120E137E240E050E0A4
:1052B0000F94654DCA01B9012AE030E040E050E0AA
:1052C0000F94654D605D6093480960E288EEC816F2
:1052D00083E0D806E104F1048CF0C701B60128EEA2
:1052E00033E040E050E00F94654DCA01B9012AE077
:1052F00030E040E050E00F94654D605D60934909F7
:1053000060E2E4E6CE16D104E104F1048CF0C701BA
:10531000B60124E630E040E050E00F94654DCA014C
:10532000B9012AE030E040E050E00F94654D605D47
:1053300060934A098AE0882E912CA12CB12CC701D8
:10534000B601A50194010F94654DC62FCA01B9019C
:10535000A50194010F94654D605D60934B098EE249
:1053600080934C09C05DC0934D0987E499E0CF91CB
:10537000FF90EF90DF90CF90BF90AF909F908F9075
:10538000089520E030E048EC52E4C701B6016DCF4B
:105390008F929F92AF92BF92CF92DF92EF92FF9245
:1053A000CF93FC01C080D180E280F38020E030E028
:1053B0004AE754E4C701B6010F94B6494B015C01BA
:1053C00020E030E0A901C701B6010F94504920E068
:1053D00030E040EA50E487FF04C020E030E040EADB
:1053E00050ECC501B4010F94EA4D20E030E040E2FA
:1053F00051E40F94E44E0F94564F6B017C018BE205
:10540000F7FE09C0F094E094D094C094C11CD11C64
:10541000E11CF11C8DE280934709C701B60120E130
:1054200037E240E050E00F94654D8AE0882E912CE1
:10543000A12CB12CCA01B901A50194010F94654DAD
:10544000605D60934809C701B60128EE33E040E093
:1054500050E00F94654DCA01B901A50194010F9464
:10546000654D605D60934909C701B60124E630E0EF
:1054700040E050E00F94654DCA01B901A5019401C7
:105480000F94654D605D60934A098EE280934B09ED
:10549000C701B601A50194010F94654DC62FCA013D
:1054A000B901A50194010F94654D605D60934C09AD
:1054B000C05DC0934D0987E499E0CF91FF90EF90D4
:1054C000DF90CF90BF90AF909F908F900895CF9234
:1054D000DF92EF92FF92FC01C080D180E280F380E6
:1054E00020E030E0A901C701B6010F94504987FFC1
:1054F00069C0C701B601905820E030E040E251E4B5
:105500000F94B64920E030E040EA50E40F94EA4DB1
:1055100020E030E040E251E40F94E44E0F94564F07
:10552000FB01E03187E2F80708F453C0CF0160E1E6
:1055300077E20F94B24D80E3860F80934909E83EED
:1055400083E0F80708F447C0CF0168EE73E00F94DA
:10555000B24DCB016AE070E00F94B24D805D809354
:105560004A0980E2E436F10558F0CF0164E670E0C4
:105570000F94B24DCB016AE070E00F94B24D805DA4
:1055800080934B0980E2EA30F10558F02AE030E0E0
:10559000CF01B9010F94B24DCB01B9010F94B24DB7
:1055A000805D80934C09CF016AE070E00F94B24DAA
:1055B000805D80934D0989E499E0FF90EF90DF9042
:1055C000CF90089520E030E040E251E4C701B601F9
:1055D00097CF80E2B2CF80E2C2CF8F929F92AF92FC
:1055E000BF92CF92DF92EF92FF92FC01C080D180F8
:1055F000E280F38020E030E048EC52E4C701B601DD
:105600000F94B6494B015C0120E030E0A901C701CD
:10561000B6010F94504920E030E040EA50E487FFA3
:1056200004C020E030E040EA50ECC501B4010F9422
:10563000EA4D20E030E040E251E40F94E44E0F9454
:10564000564F9B018BE237FF05C022273327261BCD
:10565000370B8DE280934809C90168EE73E00F941F
:10566000C64DCB01EAE0F0E0BF010F94C64D805D6E
:1056700080934909C90164E670E00F94C64DCB01DF
:10568000BF010F94C64D805D80934A09C901BF01D7
:105690000F94C64D282FCB01BF010F94C64D805DDE
:1056A00080934B098EE280934C09205D20934D0935
:1056B00088E499E0FF90EF90DF90CF90BF90AF909B
:1056C0009F908F9008958F929F92AF92BF92CF92AA
:1056D000DF92EF92FF92CF93FC01C080D180E280F5
:1056E000F38020E030E04AE754E4C701B6010F94AC
:1056F000B6494B015C0120E030E0A901C701B601C9
:105700000F94504920E030E040EA50E487FF04C0A5
:1057100020E030E040EA50ECC501B4010F94EA4DBE
:1057200020E030E040E251E40F94E44E0F94564FF5
:105730006B017C01F7FC5AC020E137E240E050E009
:105740000F94654DCA01B9012AE030E040E050E015
:105750000F94654D605D60934809C701B60128EE5E
:1057600033E040E050E00F94654D8AE0882E912CA4
:10577000A12CB12CCA01B901A50194010F94654D6A
:10578000605D60934909C701B60124E630E040E05E
:1057900050E00F94654DCA01B901A50194010F9421
:1057A000654D605D60934A098EE280934B09C701A5
:1057B000B601A50194010F94654DC62FCA01B90128
:1057C000A50194010F94654D605D60934C09C05D27
:1057D000C0934D0988E499E0CF91FF90EF90DF905E
:1057E000CF90BF90AF909F908F900895F094E094E9
:1057F000D094C094C11CD11CE11CF11C6DE2ABCF54
:105800008F929F92AF92BF92CF92DF92EF92FF92D0
:10581000CF93DF93EC0188809980AA80BB8020E041
:1058200030E040E251ECC501B4010F945049181624
:1058300054F420E030E048EC52E4C501B4010F9488
:105840004A5087FD0DC0CE01DF91CF91FF90EF90C0
:10585000DF90CF90BF90AF909F908F900D94632B6F
:1058600020E030E04AE754E4C501B4010F94B649A2
:105870006B017C0120E030E0A901C501B4010F9467
:10588000504920E030E040EA50E487FF04C020E0C7
:1058900030E040EA50ECC701B6010F94EA4D20E039
:1058A00030E040E251E40F94E44E0F94564F6B0108
:1058B0007C0120E030E0A901C501B4010F944A50F9
:1058C00087FD0BC020E030E040E251E4C501B401A7
:1058D0000F94504960E287FD13C0F7FC4CC0C7012C
:1058E000B60128EE33E040E050E00F94654DCA0168
:1058F000B9012AE030E040E050E00F94654D605D72
:1059000060934909C701B60124E630E040E050E069
:105910000F94654D8AE0882E912CA12CB12CCA01E0
:10592000B901A50194010F94654D605D60934A092A
:105930008EE280934B09C701B601A50194010F9433
:10594000654DC62FCA01B901A50194010F94654D9B
:10595000605D60934C09C05DC0934D0989E499E096
:10596000DF91CF91FF90EF90DF90CF90BF90AF90FD
:105970009F908F900895F094E094D094C094C11CAF
:10598000D11CE11CF11C6DE2BBCF9C0197FF26C02E
:10599000EE27FF27E81BF90B2D398FEF38070CF0A6
:1059A0005DC08DE280934A09CF0164E670E00F94F8
:1059B000C64DCB012AE030E0B9010F94C64D805DA1
:1059C00080934B09CF01B9010F94C64DCB01B901AA
:1059D0000F94C64D805D80934C092AC0283E83E019
:1059E0003807B4F1C90168EE73E00F94C64DCB01DE
:1059F000EAE0F0E0BF010F94C64D805D80934A0954
:105A0000C90164E670E00F94C64DCB01BF010F944D
:105A1000C64D805D80934B09C901BF010F94C64DEF
:105A2000CB01BF010F94C64D805D80934C09F901F5
:105A3000CF016AE070E00F94C64D805D80934D0900
:105A40008AE499E008958DE237FDC5CF80E2C3CFA7
:105A5000F90180E2243631050CF0A4CF80E2809376
:105A60004A0980934B09EA30F1056CF38DE237FF68
:105A700080E280934B09CF016AE070E00F94C64D3D
:105A8000605D60934C09D4CF9C0197FD2DC080E2EE
:105A9000243631055CF0C90164E670E00F94C64D10
:105AA000CB016AE070E00F94C64D805D80934B0996
:105AB00080E22A3031055CF0EAE0F0E0C901BF0184
:105AC0000F94C64DCB01BF010F94C64D805D8093EE
:105AD0004C09C9016AE070E00F94C64D805D809367
:105AE0004D098BE499E008953195219531098DE2B6
:105AF000DDCF282F80E2243628F0822F64E60F9431
:105B0000A64D805D80934B0990E22A3040F03AE048
:105B1000822F632F0F94A64D0F94A64D905D909306
:105B20004C09822F6AE00F94A64D905D90934D0929
:105B30008BE499E0089524E6829FC00111248158E6
:105B40009F4F6FEF70E00F94C64D262F81E36436B0
:105B500009F080E280934A0990E22A3040F03AE06E
:105B6000822F632F0F94A64D0F94A64D905D9093B6
:105B70004B09822F6AE00F94A64D905D90934C09DB
:105B800085E280934D098AE499E00895EF92FF92AF
:105B90000F931F93CF937C018B01C2E44F3F09F019
:105BA000C4E580E20E943D448C2F0E943D448AE37C
:105BB0000E943D44F701608171818281938142E0BE
:105BC0000E94B54AF80140815181628173818EE95A
:105BD00098E50E94C04B62E070E080E090E0CF91D9
:105BE0001F910F91FF90EF900C948FED1F93CF9327
:105BF000DF9300D000D01F921F92CDB7DEB7182FD1
:105C000060914B1270914C12072E000C880B990B6F
:105C10000F9457496D837E838F83988780914712B5
:105C200090914812A0914912B0914A1289839A83A7
:105C3000AB83BC834CEFBE016B5F7F4FCE010196FF
:105C40000F94C62D6091A3167091A416072E000C18
:105C5000880B990B0F9457496D837E838F839887A8
:105C600080919F169091A016A091A116B091A216B6
:105C700089839A83AB83BC834FEFBE016B5F7F4FF9
:105C8000CE0101960F94C62D6091A5161F3F39F0E5
:105C900087E11802F0011124ED5BFD4E628570E092
:105CA00086EA98E50E947F4A6091A51670E081EA35
:105CB00098E50E947F4A28960FB6F894DEBF0FBE83
:105CC000CDBFDF91CF911F9108952F923F924F92B8
:105CD0005F926F927F928F929F92AF92BF92CF927C
:105CE000DF92EF92FF920F931F93CF93DF93CDB785
:105CF000DEB764970FB6F894DEBF0FBECDBF898BB9
:105D00006A8B81E0809325021A821B821C821D828D
:105D100019861A861B861C8621E0288719821D8613
:105D20003CE33E874CE14F8756E4588B312C212CC5
:105D300080E88B8B9FEB9C8B812C912C5401609184
:105D40004B1270914C12072E000C880B990B0F947C
:105D500057497B018C01232D322D4B895C890F948F
:105D600050498823B9F02091471230914812409150
:105D7000491250914A12AA89B701C801A111DFC086
:105D80000F945049881F8827881F89833E2C2F2C09
:105D90000B8B1C8B0E94C2ED6B017C01DC01CB01E3
:105DA00029853A854B855C85821B930BA40BB50B2B
:105DB000B7FD2EC0D701C60188519C4FAF4FBF4FD2
:105DC00089879A87AB87BC8789890F94F62D8AEAE1
:105DD00098E50E948E4481149104A104B10409F451
:105DE000D8C0C501B40168517C4F8F4F9F4F6C19CB
:105DF0007D098E099F0928EE33E040E050E00F94C2
:105E0000434DCA01B9010E940E4A8AE00E943D44F6
:105E100080E00E94DB550E94C2ED6093B216709341
:105E2000B3168093B4169093B516909147129E8343
:105E3000A0914812AF830091491210914A12292F64
:105E40003A2FA801632D722D8B899C890F94E94DFF
:105E50002B013C0120E030E0A9010F944A5087FF5C
:105E600004C077FA709477F8709420E030E040E254
:105E700051E4C301B20181149104A104B10409F0F9
:105E80008CC00F94504987FF0BC0B885460157015D
:105E9000BB2331F028EE820E23E0921EA11CB11C20
:105EA00039813323A9F18A819B81AC81BD81892B02
:105EB0008A2B8B2B61F0D701C6012A813B814C8153
:105EC0005D81821B930BA40BB50BB7FD21C02E8106
:105ED0003F81A8016D857E858F8598890F94E94D56
:105EE00020E030E040EC5FE30F94504987FD2BC089
:105EF000D701C601805A9541AF4FBF4F8A839B831C
:105F0000AC83BD839E819D87AF81AE870F87188B41
:105F1000809125028823B9F081149104A104B10471
:105F200061F0B8EECB1AB3E0DB0AE108F108C8185B
:105F3000D908EA08FB08F7FE06C0188600CF0F94C0
:105F4000504987FF20C08091250281110E948488DA
:105F50008091250264960FB6F894DEBF0FBECDBFC8
:105F6000DF91CF911F910F91FF90EF90DF90CF9035
:105F7000BF90AF909F908F907F906F905F904F9069
:105F80003F902F9008953E2C2F2C0B8B1C8B198249
:105F900001CF8FE30E943D4438CF0F944A5018162A
:105FA0000CF07ECF460157017BCF4F925F926F92EC
:105FB0007F928F929F92AF92BF92CF92DF92EF9299
:105FC000FF9240912F025091300260913102709106
:105FD000320289E99DE40E94C04B40913302509106
:105FE0003402609135027091360285E99DE40E9489
:105FF000C04B409137025091380260913902709144
:106000003A0281E99DE40E94C04B40913B025091CD
:106010003C0260913D0270913E028DE89DE40E9439
:10602000C04B80916F00982F927081FF05C08091C6
:106030006F008D7F80936F004090561750905717D8
:10604000609058177090591780905A1790905B176E
:10605000A0905C17B0905D17C0905E17D0905F174E
:10606000E0906017F0906117992329F080916F00FC
:10607000826080936F0083E89DE40E948E44C30198
:10608000B2010E940E4A8FE79DE40E948E44C50132
:10609000B4010E940E4A8BE79DE40E948E44C70122
:1060A000B6010E940E4A8AE0FF90EF90DF90CF90F9
:1060B000BF90AF909F908F907F906F905F904F9028
:1060C0000C943D44CF93DF93CDB7DEB760970FB606
:1060D000F894DEBF0FBECDBF80912F0290913002A9
:1060E000A0913102B091320289839A83AB83BC8341
:1060F0008091330290913402A0913502B091360222
:106100008D839E83AF83B887809137029091380248
:10611000A0913902B0913A0289879A87AB87BC87F0
:1061200080913B0290913C02A0913D02B0913E02D1
:106130008D879E87AF87B88B0F945318609150025C
:1061400070915102072E000C880B990B0F94574940
:106150002AE037ED43E25CE30F94B64960934302D3
:10616000709344028093450290934602A7E5B2E003
:1061700090E080E0FC01EF50F74B4591559165911F
:1061800074914D935D936D937C931397FC01EB5148
:10619000F74B459155916591749114964D935D938C
:1061A0006D937C931797189604968C30910511F790
:1061B0006091CF167091D0168091D1169091D21621
:1061C00040E00E940D3F0E94D23F0F94B40E0F9406
:1061D000A11840E150E06FE272E0CE0101960F9409
:1061E0000451892B51F060960FB6F894DEBF0FBEB4
:1061F000CDBFDF91CF910D94D52F60960FB6F89457
:10620000DEBF0FBECDBFDF91CF9108951F93CF9317
:10621000DF93CDB7DEB72C970FB6F894DEBF0FBE75
:10622000CDBFACE8B1E190E080E0FC01E15DF54B71
:10623000459155916591749154964D935D936D93ED
:106240007C935797FC01E15EF54B45915591659123
:10625000749194964D935D936D937C939797FC0105
:10626000E15FF54B45915591659174914D935D9327
:106270006D937D93049680319105B9F680E29EE49A
:10628000A0E0B0E080939C1190939D11A0939E118B
:10629000B0939F1180E090E0AAEFB4E48093C01126
:1062A0009093C111A093C211B093C31140E050E884
:1062B0006BE375E44093C4115093C5116093C6110C
:1062C0007093C7118093C8119093C911A093CA11FC
:1062D000B093CB111092CC111092CD111092CE111F
:1062E0001092CF111092D0111092D1111092D211A0
:1062F0001092D31180E090E0A0E4B1E48093F4091F
:106300009093F509A093F609B093F7098093F809E3
:106310009093F909A093FA09B093FB098DEC9CECDA
:10632000ACECBEE38093FC099093FD09A093FE09B9
:10633000B093FF0980E090E0A0E2B1E48093000A0E
:106340009093010AA093020AB093030A1092DF0906
:106350001092D3091092D4091092D5091092D6093F
:106360001092D7091092D8091092D9091092DA091F
:106370001092DB091092DC091092DD091092DE09FF
:1063800080E090E0A0E4B0E480933F02909340026C
:10639000A0934102B09342021092CF161092D016F1
:1063A0001092D1161092D2160E94E13E80E090E049
:1063B000A0E4B0EC8093CA099093CB09A093CC09D8
:1063C000B093CD0988EC90E09093581680935716BF
:1063D00080EF90E090935A168093591686E490E0EF
:1063E00090935416809353168EE690E09093561631
:1063F0008093551610925116109252168CEE91E51C
:10640000A6EEB1E480934E1290934F12A0935012D7
:10641000B093511280EF98E3A0EABEE3809352124A
:1064200090935312A0935412B093551288EB92E9B3
:10643000A5E2B4E48093561290935712A093581299
:10644000B093591280E090E0A3E9B3E48093A616DC
:106450009093A716A093A816B093A91683EC94E680
:10646000AAE2B1E48093AA169093AB16A093AC165F
:10647000B093AD1680EB98EBA1E1B5E48093AE1636
:106480009093AF16A093B016B093B11681E08093AD
:106490004107809340070F94612210921A0A1092CC
:1064A0001B0A10921C0A10921D0A8CE0E0E5F3E032
:1064B000DE01119601900D928A95E1F713E01150DB
:1064C000C8F084E0189F90011124E1E0F0E0EC0FA7
:1064D000FD1FE20FF31F6081718182819381F901B9
:1064E000E957F94E6083718382839383812F0F94E0
:1064F000760EE5CF80E090E0A0EAB2E48093491602
:1065000090934A16A0934B16B0934C1680E090E0FF
:10651000A0E2B2E480934D1690934E16A0934F16CE
:10652000B09350160F9462300E9480468CEE99E42E
:106530002C960FB6F894DEBF0FBECDBFDF91CF9182
:106540001F910C948E448F929F92AF92BF92CF92E4
:10655000DF92EF92FF920F931F93CF93C82F11E01A
:106560001827811102C00E9480468CE09DE40E94A1
:106570008E4486E09DE40E948E448AE00E943D4461
:10658000C11102C00E94804689EE9CE40E948E44A4
:106590008AE00E943D44C11106C00E94804688EDF9
:1065A0009CE40E948E44812F0E9448CDC11108C0F6
:1065B0000E9480468AEB9CE40E948E440E948046A2
:1065C0004091B0115091B1116091B2117091B3111D
:1065D00081EB9CE40E94C04B4091B4115091B511E5
:1065E0006091B6117091B7118EEA9CE40E94C04B85
:1065F0004091B8115091B9116091BA117091BB11CD
:106600008BEA9CE40E94C04B4091BC115091BD119B
:106610006091BE117091BF1188EA9CE40E94C04B4A
:106620008AE00E943D44C11108C00E94804686E86D
:106630009CE40E948E440E94804660918C1170916F
:106640008D1180918E1190918F110F945549AB014E
:10665000BC018DE79CE40E94C04B60919011709149
:10666000911180919211909193110F945549AB0122
:10667000BC018AE79CE40E94C04B60919411709128
:10668000951180919611909197110F945549AB01F6
:10669000BC0187E79CE40E94C04B60919811709107
:1066A000991180919A1190919B110F945549AB01CA
:1066B000BC0184E79CE40E94C04B8AE00E943D44F8
:1066C000C11108C00E9480468AE29CE40E948E4468
:1066D0000E9480464091C0115091C1116091C21139
:1066E0007091C31181E29CE40E94C04B4091C4119F
:1066F0005091C5116091C6117091C7118EE19CE453
:106700000E94C04B4091C8115091C9116091CA11AB
:106710007091CB118BE19CE40E94C04B8AE00E94F7
:106720003D44C11113C00E94804683ED9BE40E944A
:106730008E4488EA9BE40E948E4489E99BE40E948F
:106740008E448AE00E943D440E94804660919C11E4
:1067500070919D1180919E1190919F110F945549B8
:10676000AB01BC0180E99BE40E94C04B4091CC117D
:106770005091CD116091CE117091CF118DE89BE4B5
:106780000E94C04B4091D0115091D1116091D21113
:106790007091D3118AE89BE40E94C04B4091F409A8
:1067A0005091F5096091F6097091F70987E89BE42B
:1067B0000E94C04B4091F8095091F9096091FA0983
:1067C0007091FB0984E89BE40E94C04B4091FC0956
:1067D0005091FD096091FE097091FF0981E89BE4E9
:1067E0000E94C04B4091000A5091010A6091020A38
:1067F0007091030A8EE79BE40E94C04B8AE00E94DE
:106800003D44C11108C00E9480468AE69BE40E9474
:106810008E440E9480466091D20970E081E69BE43C
:106820000E947F4A40913512509136126091371282
:10683000709138128EE59BE40E94C04B8AE00E9462
:106840003D448091451690914616892B09F440C02D
:106850004BE5C42E46E1D42E10E000E05601F12CA9
:10686000E12CC11102C00E948046B70184E59BE47F
:106870000E947F4AB80181E59BE40E947F4A31EF84
:10688000832E33E0932EF40181914F01882319F078
:106890000E943D44F8CFF50160817181828193812E
:1068A00045E00E94B54A8AE00E943D44FFEFEF1A9E
:1068B000FF0A2CE0A20EB11C83E0E816F10489F671
:1068C0000F5F1F4FE4E0CE0ED11C0330110531F6EF
:1068D000C11106C00E94804684E39BE40E948E445E
:1068E00087E5A82E86E1B82E93E5C92E96E1D92E2C
:1068F00021E5E22E26E1F22E10E000E0C11102C0F7
:106900000E948046B8018BE29BE40E947F4AF50119
:10691000619171915F0188E29BE40E947F4AF601D8
:10692000619171916F0185E29BE40E947F4AF701BA
:1069300061917F0170E082E29BE40E947F4A8AE0DD
:106940000E943D440130110509F075C1C11108C014
:106950000E94804683E19BE40E948E440E94804610
:1069600040914E1250914F126091501270915112FD
:106970008AE09BE40E94C04B2CEA35EC47E25EE3E0
:10698000609152127091531280915412909155124D
:106990000F94E44EAB01BC0187E09BE40E94C04B26
:1069A0002CEA35EC47E25EE3609156127091571283
:1069B00080915812909159120F94B649AB01BC01C5
:1069C00084E09BE40E94C04B8AE00E943D44C111D8
:1069D00002C00E9480464091A6165091A716609171
:1069E000A8167091A9168BEF9AE40E94C04B2CEA6E
:1069F00035EC47E25EE36091AA167091AB16809188
:106A0000AC169091AD160F94E44EAB01BC0188EF2B
:106A10009AE40E94C04B2CEA35EC47E25EE36091B9
:106A2000AE167091AF168091B0169091B1160F947A
:106A3000B649AB01BC0185EF9AE40E94C04B8AE0E5
:106A40000E943D44C11110C00E94804686EE9AE427
:106A50000E948E4486E09DE40E948E448FE39AE477
:106A60000E948E440E9480464091CA095091CB09F1
:106A70006091CC097091CD098DED9AE40E94C04BD4
:106A80008AE00E943D44C11108C00E9480468CECFF
:106A90009AE40E948E440E94804640911A0A5091C6
:106AA0001B0A60911C0A70911D0A83EC9AE40E94F3
:106AB000C04B8AE00E943D44C11108C00E9480463C
:106AC0008AEA9AE40E948E440E948046409187168A
:106AD000509188166091891670918A1681EA9AE41D
:106AE0000E94F04940918B1650918C1660918D1642
:106AF00070918E168EE99AE40E94F04940918F16AB
:106B00005091901660919116709192168BE99AE4CB
:106B10000E94F0498AE00E943D44C11108C00E94D1
:106B200080468CE79AE40E948E440E94804682E46C
:106B30009AE40E948E4440914D1650914E166091F9
:106B40004F16709150168AE79AE40E94C04B40910C
:106B5000491650914A1660914B1670914C1687E772
:106B60009AE40E94C04B8AE00E943D44C11108C0D3
:106B70000E9480468FE59AE40E948E440E948046DF
:106B80008091DF09F4E68F9FC001112481589F4F47
:106B90006FEF70E00F94C64D70E090E080E00F94CE
:106BA000554920E030E048EC52E40F94E44EAB014C
:106BB000BC0186E59AE40E94C04B4091D3095091F4
:106BC000D4096091D5097091D60983E59AE40E94B1
:106BD000C04B4091D7095091D8096091D909709163
:106BE000DA0980E59AE40E94C04B4091DB0950919C
:106BF000DC096091DD097091DE098DE49AE40E9460
:106C0000C04B40913F02509140026091410270910F
:106C100042028AE49AE40E94C04B8AE0CF911F911D
:106C20000F91FF90EF90DF90CF90BF90AF909F902B
:106C30008F900C943D4401E010E060CE2F923F9283
:106C40004F925F926F927F928F929F92AF92BF927C
:106C5000CF92DF92EF92FF920F931F93CF93DF9328
:106C6000CDB7DEB7CE59D1090FB6F894DEBF0FBE4F
:106C7000CDBF2DB73EB7C356DF4F39832883CD59DB
:106C8000D040CB56DF4F19821882C559D04084E6D8
:106C900090E0C956DF4F99838883C759D04001E0FF
:106CA0009E012B563F4F44E050E0BE016F567F4F90
:106CB000CE0189569F4F0E9420439E012B563F4F85
:106CC00042E050E0BE0167567F4FCE0189569F4F8C
:106CD0000E94204343E050E0BE016F567F4F80E9A1
:106CE00093E00F945151892B09F451C0CC56DF4FDA
:106CF0008881C459D040882359F08FE3CF56DF4FA5
:106D00008883C159D040CE56DF4F1882C259D04037
:106D10000E948046BE016F567F4F87EB99E40E9428
:106D20001F4589EA99E40E948E4481E08093CE1643
:106D300080914416811102C00F94A3329091CE1617
:106D400081E08927C356DF4F28813981CD59D04052
:106D50000FB6F8943EBF0FBE2DBFC256DF4F0FB621
:106D6000F894DEBF0FBECDBFDF91CF911F910F9181
:106D7000FF90EF90DF90CF90BF90AF909F908F905B
:106D80007F906F905F904F903F902F900895C357E2
:106D9000DF4F188219821A821B82CD58D040CB5601
:106DA000DF4F19821882C559D04001E09E012B5651
:106DB0003F4F41E050E0BE0164567F4FCE018956FF
:106DC0009F4F0E9420432DB63EB680E1ECE5F3E0F4
:106DD000DE01A358BF4F01900D928A95E1F76E0135
:106DE0003DE6C30ED11C80E1ECE6F3E0D601019054
:106DF0000D928A95E1F780E1ECE7F3E09E012F5FC9
:106E00003F4F5901D90101900D928A95E1F7C4567F
:106E1000DF4F4881CC59D04050E04D5F5F4F440F69
:106E2000551F440F551F8DB79EB7841B950B0FB68A
:106E3000F8949EBF0FBE8DBFEDB7FEB731962F0100
:106E40000091441611E001272C563F4FBF01CE019F
:106E500089569F4F0E9420430091441601279E01AE
:106E60002B563F4F44E050E06CE971E1CE0189566A
:106E70009F4F0E942043C456DF4FE880CC59D0403A
:106E8000F12CF3E0EF0EF11CEE0CFF1CEE0CFF1CDE
:106E90002DB73EB72E193F090FB6F8943EBF0FBE6F
:106EA0002DBF8DB79EB701964C01EDB7FEB7EE1919
:106EB000FF090FB6F894FEBF0FBEEDBF2DB73EB76A
:106EC0002F5F3F4F39010091441601279E012B5639
:106ED0003F4FA701BC01CE0189569F4F0E9420431E
:106EE0000091441601279E012B563F4FA701B30185
:106EF000CE0189569F4F0E94204380914416082F4F
:106F00000127811145C0C456DF4F2881CC59D0409C
:106F100030E02E5F3F4FECE8F1E190E080E050E0A0
:106F200040E0B601D2012417350724F4ADE7B0E004
:106F3000AC0FBD1FA80FB91FCD90DD90ED90FC9058
:106F4000C192D192E192F192D401241735070CF449
:106F5000DB01A80FB91FCD90DD90ED90FC90C08AA9
:106F6000D18AE28AF38AD301241735070CF4D501BC
:106F7000A80FB91FCD90DD90ED90FC90C0A2D1A2DA
:106F8000E2A2F3A24F5F5F4F04964430510551F6E1
:106F90009E012B563F4F44E050E060EC71E1CE0182
:106FA00089569F4F0E9420430091441611E001270B
:106FB0009E012B563F4F44E050E064EC71E1CE015E
:106FC00089569F4F0E9420430091441601279E013D
:106FD0002B563F4F44E050E068EC71E1CE018956FA
:106FE0009F4F0E9420430091441601279E012B567B
:106FF0003F4F44E050E06CEC71E1CE0189569F4F69
:107000000E9420430091441601279E012B563F4FBA
:1070100044E050E060ED71E1CE0189569F4F0E943F
:1070200020430091441601279E012B563F4F40E11B
:1070300050E064EF79E0CE0189569F4F0E942043D3
:107040000091441601279E012B563F4F44E050E02B
:10705000BE0163577F4FCE0189569F4F0E94204348
:107060000FB6F8943EBE0FBE2DBE00914416012708
:107070009E012B563F4F4CE050E0BE016F5F7F4FAB
:10708000CE0189569F4F0E9420430091441601274C
:107090009E012B563F4F41E050E0BE0163597F4FA8
:1070A000CE0189569F4F0E9420430091441601272C
:1070B0009E012B563F4F44E050E0BE016F5F7F4F73
:1070C000CE0189569F4F0E9420430091441601270C
:1070D0009E012B563F4F44E050E06FEC76E1CE012D
:1070E00089569F4F0E9420430091441601279E011C
:1070F0002B563F4F44E050E0BE0163577F4FCE0117
:1071000089569F4F0E94204301E09E012B563F4F1E
:1071100041E050E0BE0163597F4FCE0189569F4F39
:107120000E9420439E012B563F4F41E050E0BE019C
:107130006F5F7F4FCE0189569F4F0E942043AE96CE
:10714000EFACAE978981E89E7001112431E0E31A1B
:10715000F1080091441601278FEFE816F80671F048
:107160009E012B563F4F44E050E0BE0163577F4FD6
:10717000CE0189569F4F0E942043E8CFCB56DF4F68
:10718000E880F980C559D040C956DF4F8881998180
:10719000C759D04090935302809352029E012B56C0
:1071A0003F4F44E050E06AEC79E0CE0189569F4FB2
:1071B0000E942043CB56DF4FF982E882C559D04068
:1071C0001AE0FF24F394115089F0009144160F2522
:1071D0009E012B563F4F44E050E0BE0163577F4F66
:1071E000CE0189569F4F0E942043EDCF01E09E01C2
:1071F0002B563F4F41E050E0BE0165567F4FCE0118
:1072000089569F4F0E9420439E012B563F4F41E0DD
:1072100050E0BE0163587F4FCE0189569F4F0E94B8
:107220002043C556DF4F8881CB59D040009144168A
:10723000833009F0A6C2EE968FADEE97833009F049
:10724000A0C2011103C080E00E942E3D00914416AF
:1072500011E001279E012B563F4F44E050E065E4CA
:1072600076E1CE0189569F4F0E942043009144163B
:1072700001279E012B563F4F44E050E060E476E149
:10728000CE0189569F4F0E9420430091441601274A
:107290009E012B563F4F44E250E06BE576E1CE0174
:1072A00089569F4F0E9420430091441611E0012708
:1072B0009E012B563F4F41E050E0BE0163597F4F86
:1072C000CE0189569F4F0E9420430091441601270A
:1072D0009E012B563F4F41E050E0BE016F5F7F4F54
:1072E000CE0189569F4F0E942043009144160127EA
:1072F0009E012B563F4F44E050E0BE016F5F7F4F31
:10730000CE0189569F4F0E942043009144160127C9
:107310009E012B563F4F41E050E06FE376E1CE01F6
:1073200089569F4F0E9420430091441601279E01D9
:107330002B563F4F44E050E067E576E1CE01895699
:107340009F4F0E9420430091441601279E012B5617
:107350003F4F44E050E063E576E1CE0189569F4F10
:107360000E9420430091441601279E012B563F4F57
:1073700042E050E061E576E1CE0189569F4F0E94E0
:1073800020430091441601279E012B563F4F40E1B8
:1073900050E0BE016F5F7F4FCE0189569F4F0E9424
:1073A00020430091441601112EC0C980DA80EB8081
:1073B000FC8020E030E84BE355E4C701B6010F94B0
:1073C0005049882301F1C0924E12D0924F12E092A0
:1073D0005012F09251128D819E81AF81B8858093B9
:1073E000521290935312A0935412B0935512898560
:1073F0009A85AB85BC858093561290935712A093C3
:107400005812B093591211E001279E012B563F4F9D
:1074100042E050E0BE016F5F7F4FCE0189569F4F23
:107420000E9420430091441601279E012B563F4F96
:107430004CE050E0BE016F5F7F4FCE0189569F4FF9
:107440000E94204380914416082F0127811115C006
:1074500020E030E84BE355E469817A818B819C819F
:107460000F945049882349F08CE0FE013196A6EA3A
:10747000B6E101900D928A95E1F79E012B563F4FA0
:1074800042E050E0BE016F5F7F4FCE0189569F4FB3
:107490000E9420430091441611E001279E012B56C3
:1074A0003F4F41E050E0BE016F5F7F4FCE018956F4
:1074B0009F4F0E9420430091441601279E012B56A6
:1074C0003F4F40E250E0BE016F5F7F4FCE018956D3
:1074D0009F4F0E9420430091441601279E012B5686
:1074E0003F4F41E050E0BE0163597F4FCE018956C6
:1074F0009F4F0E9420430091441601279E012B5666
:107500003F4F45E050E0BE016F5F7F4FCE0189568F
:107510009F4F0E9420430091441601279E012B5645
:107520003F4F4AE150E0BE016F5F7F4FCE01895669
:107530009F4F0E9420430091441601279E012B5625
:107540003F4F44E350E0BE016F5F7F4FCE0189564D
:107550009F4F0E9420430091441601279E012B5605
:107560003F4F46E050E0BE016F5F7F4FCE0189562E
:107570009F4F0E9420430091441601279E012B56E5
:107580003F4F4DE050E0BE016F5F7F4FCE01895607
:107590009F4F0E9420430091441601279E012B56C5
:1075A0003F4F44E050E0BE016F5F7F4FCE018956F0
:1075B0009F4F0E94204380914416082F012781117C
:1075C0000CC089819A81AB81BC8180931A0A909307
:1075D0001B0AA0931C0AB0931D0A9E012B563F4F15
:1075E0004CE050E0BE016F5F7F4FCE0189569F4F48
:1075F0000E9420438091441601E00827811109C0B0
:107600008CE0FE013196A7E8B6E101900D928A95D3
:10761000E1F79E012B563F4F4CE650E0BE016F5FF5
:107620007F4FCE0189569F4F0E94204319821A82B4
:107630001B821C821D821E821F82188619861A8652
:107640001B861C860091441611E001279E012B56D3
:107650003F4F4CE050E0BE016F5F7F4FCE01895637
:107660009F4F0E9420430091441601279E012B56F4
:107670003F4F48E050E069E476E1CE0189569F4FE4
:107680000E9420430091441601279E012B563F4F34
:1076900044E050E063ED79E0CE0189569F4F0E94AF
:1076A00020430091441601279E012B563F4F44E092
:1076B00050E067ED79E0CE0189569F4F0E9420434C
:1076C0000091441601279E012B563F4F44E050E0A5
:1076D0006BED79E0CE0189569F4F0E9420430091C7
:1076E000441601279E012B563F4F41E050E06FEDBD
:1076F00079E0CE0189569F4F0E94204300914416A5
:1077000001279E012B563F4F44E050E06FE372E0AB
:10771000CE0189569F4F0E942043C956DF4F888172
:107720009981C759D040863B924009F46DC00E94B0
:1077300032458FE199E40E948E441093CE160E9448
:107740008046C956DF4F68817981C759D040645659
:10775000710981EA99E40E947F4A62E572E089E951
:1077600099E40E94014A8AE00E943D4480914416B7
:107770008111DECA8091CE168111DACA0F9462306F
:10778000D7CA11E001279E012B563F4F44E050E03D
:10779000BE0163597F4FCE0189569F4F0E942043FF
:1077A0000091441601279E012B563F4F44E050E0C4
:1077B000BE016F5F7F4FCE0189569F4F0E942043CD
:1077C000C556DF4FE880CB59D040EE968FADEE978F
:1077D000E89E7001112491E0E91AF1080091441625
:1077E0000127EFEFEE16FE0609F45ECD9E012B5643
:1077F0003F4F44E050E0BE0163577F4FCE018956B2
:107800009F4F0E942043E7CF1092CE16CB56DF4FFA
:1078100028813981C559D040C756DF4F8881998169
:10782000C959D04028173907E9F01093CE160E94A5
:107830003245C756DF4F68817981C959D04089E701
:1078400099E40E94014ACB56DF4F68817981C5597E
:10785000D04084E799E40E94014A84E699E40E94BA
:107860008E4484CF80914416811180CF0E9480463F
:1078700000E913E0F80181918F01882319F00E943B
:107880003D44F8CFC956DF4F68817981C759D04050
:107890006456710987E499E40E947F4ACB56DF4F12
:1078A00048815981C559D04070E060E08AE399E48D
:1078B0000E94F04987E399E4D2CF81E08093441697
:1078C0000F941E361092441681110D941E360F949B
:1078D00006310F94BC240E94804688ED99E40E94F2
:1078E0008E4481E00895CF92DF92EF92FF921F9332
:1078F000CF93DF9300D000D0CDB7DEB71091DF0972
:107900002FEF2093DF092FE332E03A832983C090E1
:107910003F02D0904002E0904102F0904202CB82C0
:10792000DC82ED82FE8210923F02109240021092A1
:107930004102109242020E94B739CE0101960E9484
:10794000302D1093DF0926960FB6F894DEBF0FBED8
:10795000CDBFDF91CF911F91FF90EF90DF90CF903F
:107960000895CF93DF931092901210929312109279
:10797000751210927812EFE7F3E1108213827B9672
:1079800024E1ED38F207C9F789E1809326161092B9
:10799000291610921E1610925A1210925D128091A2
:1079A000F312883108F0F1C091E0980F9093F31230
:1079B0008093F41290E0FC01EE0FFF1FE80FF91F17
:1079C000E555FD4E88EB9BE09283818380E1ECE0FE
:1079D000F3E1DF01282F1D922A95E9F7ECEFF2E1A0
:1079E000DF01282F1D922A95E9F7EEE2F6E1DF018B
:1079F0001D928A95E9F710922A1610922B16109272
:107A00002C1610922D161092FB121092FA12109250
:107A1000F9121092F8121092F71284E08093271353
:107A200010922513109224131092261380910101B5
:107A30008460809301018091020184708093000131
:107A400010922013109221131092221310922313DC
:107A50008DE59FEB909339138093381310923D136B
:107A600010923C1384EF92E090933B1380933A136F
:107A7000109275131092761310927713109243138D
:107A80001092421310924513109244131092471310
:107A900081E08093461382E28093481310924D1345
:107AA00010924C13E1E6F3E18FE693E1DFEFD1931F
:107AB0008E179F07E1F7C1E0C0935E1389E895EC4C
:107AC0009093541380935313C093551310925613ED
:107AD0001092571380E4809358131092591388E83A
:107AE00095EC9093701380936F138AE492E09093D7
:107AF00041138093401383E18093651382E1809367
:107B0000661382E580936313D0936213D09361135D
:107B10000E94B4EF84EF92E090933B1380933A136A
:107B2000C0937813C0937913C0937A13C0937B13D7
:107B3000C0937C13C0937D1380919714847F8B7FB7
:107B40008093971410929314109294141092951499
:107B50001092961410928F14109290141092911407
:107B60001092921410928E1410928D14EFE7F3E19C
:107B70008EE091E0DF019C011D9221503040E1F741
:107B8000D0937E13DF91CF9108958FEF8093F412FD
:107B90001DCFCF93DF93CDB7DEB7A8970FB6F8947C
:107BA000DEBF0FBECDBF789484B5826084BD84B53E
:107BB000816084BD85B5826085BD85B5816085BDE8
:107BC00080916E00816080936E00109281008091A0
:107BD0008100826080938100809181008160809328
:107BE0008100809180008160809380008091B1004D
:107BF00084608093B1008091B00081608093B00078
:107C000080919100826080939100809191008160C9
:107C1000809391008091900081608093900080918A
:107C2000A10082608093A1008091A1008160809377
:107C3000A1008091A00081608093A000809121012B
:107C400082608093210180912101816080932101D4
:107C50008091200181608093200180917A0084606E
:107C600080937A0080917A00826080937A0080917C
:107C70007A00816080937A0080917A008068809396
:107C80007A001092C100099A11983D98459A109275
:107C9000C0008091C00082608093C0001092C50037
:107CA00087E08093C4008091C10080618093C1000F
:107CB0008091C10088608093C1008091C10080687C
:107CC0008093C1008091C1008F7D8093C1000E948C
:107CD000C2ED81ED9BE20E948E440E94804614B763
:107CE00010FF04C088EC9BE20E948E4411FF04C088
:107CF00087EB9BE20E948E4412FF04C085EA9BE260
:107D00000E948E4413FF04C084E99BE20E948E44CB
:107D100015FF04C083E89BE20E948E4414BE8CE7EA
:107D20009BE20E948E4480E20E943D4481E79BE2F8
:107D30000E948E448AE00E943D440E94804681E673
:107D40009BE20E948E4480E69BE20E948E4487E282
:107D50009BE20E948E440E94804680E19BE20E944A
:107D60008E440E9480468091A4179091A5179E0191
:107D70002F5F3F4F4901B901009709F49DC0681B6F
:107D8000790B81E09BE20E947F4A60E675E08AEE13
:107D90009AE20E947F4A8AE00E943D440E94F9884C
:107DA0000E9484888AE393E10E949A330E94E3F45C
:107DB0008EE393E10E947DF28111F8CF64EC79E0CB
:107DC00080E090E00E9467408AE393E10E949A334A
:107DD0000E9475338EE393E10E947DF28111F8CF0A
:107DE00064EC79E080E090E00E9467400E948B4064
:107DF0000F94BB216D9A75988091010180618093E9
:107E00000101809102018071809300018091010144
:107E10008860809301018091020188708093000145
:107E20009D9AA5988091010180628093010188E06C
:107E30000E94D7C78091010188608093010186E08C
:107E40000E94D7C787ED80937A0010927E0010922F
:107E50007D0080917E00816080937E0080917E0015
:107E6000846080937E0080E888BD80916E0084608D
:107E700080936E006AEF70E080E090E00E948FEDEA
:107E800085E090E0909322028093210200911D02F0
:107E900010911E02C8010E9452CB20E030E040EA5F
:107EA00050E40F94504987FF0AC000511109109304
:107EB0001E0200931D02EACF6A5A774162CF81E326
:107EC00091E0909324028093230200911F0210916D
:107ED0002002C8010E9452CB20E030E848E953E478
:107EE0000F944A5018163CF4005F1F4F1093200265
:107EF00000931F02EACF80911B0290911C020F9405
:107F00006D0720E030E040EA50E40F94504987FFCD
:107F10000AC080911B0290911C02409790931C0212
:107F200080931B02E8CF80913E0790913F070F940A
:107F30006D0720E030E046E153E40F944A501816F4
:107F400054F480913E0790913F07409690933F07ED
:107F500080933E07E8CF0F94AE2826982E9A259856
:107F60002D9A24982C9A3F98479A0A98129A81E061
:107F700080934107809340070F946122999A989AC1
:107F8000809107018068809307019A9A8091070188
:107F900080648093070180910701806280930701CC
:107FA00080910701886080930701809107018061BB
:107FB0008093070118EEE12E12E0F12E10E0D701B8
:107FC0006D917D01812F0F945B0E1F5F1630B9F705
:107FD00080910A01826080930A0180910A01816088
:107FE00080930A0180910A01846080930A01809144
:107FF0000A01806480930A010F9A179A0E9A169AC2
:108000000D9A159A0C9A149A389A4098179A80915A
:10801000B9098E7F8093B909399A4198169A80914F
:10802000B9098D7F8093B9093A9A4298159A80913F
:10803000B9098B7F8093B9093B9A4398149A809130
:1080400080008C7F8093800080918100877E886093
:1080500080938100809180008F7380938000809155
:108060008100887F82608093810080E090E490931B
:10807000890080938800109285001092840080917E
:108080006F00826080936F00789482E08093430752
:108090000F94220F81E08093420780910A0188604B
:1080A00080930A0180910A01806180930A01809186
:1080B0000A01806280930A010F94B40E809121011D
:1080C000887F8160809321018091F412883108F0CB
:1080D00041C090E0FC01EE0FFF1FE80FF91FE555CE
:1080E000FD4E8081807C8761808387E10E94E6CBA2
:1080F0001092F5121092F6128091F4122CE0622F79
:108100000F94A64D90E0829FB001112430E020E052
:10811000AB01420F531FFA01EE0FFF1FE40FF51FD3
:10812000E555FD4E408146FD07C02F5F3F4F2C3087
:10813000310571F70E942541E091F4128E2F90E0F5
:10814000FC01EE0FFF1FE80FF91FE555FD4E808182
:108150008064808384EF92E10E9416416AE570E0BA
:1081600084EF92E10E944641109244070F946122ED
:108170008091010188608093010181E00E94494261
:1081800080E00E949C4088E198E20FB6F894A895A0
:10819000809360000FBE909360001E01B1E22B0E31
:1081A000311C80917E1387FD85C08091971482FDDC
:1081B00081C083FD66C00E94FAF58091971483FF09
:1081C000D7C080917E13082E000C990BC0969F9308
:1081D0008F93E8EDFBE2FF93EF933F922F920F9482
:1081E000E74880E992E10F9492010F900F900F9071
:1081F0000F900F900F9080919312823008F4B8C0C6
:108200008091981290919912A0919A12B0919B121C
:108210008F719927AA27BB27892B8A2B8B2B09F0D3
:10822000A7C040E250E0B40180E992E10F942A0334
:10823000809709F09DC08981882309F499C0853E03
:1082400081F38E3271F38C8583FDEBCFF4010190C5
:108250000020E9F73197FE2EF818FA943FEFF31655
:1082600099F001E010E00C0F1D1F0F0D111DF7FC20
:108270001A95D8018C9190E00F94FC50F8018083FE
:10828000ECCF0E948B4099CF8A858E3709F4B3CF0B
:1082900045E050E0B101CE0101960F945151892B78
:1082A00009F0A9CFC1010E945EF580917E138F5F16
:1082B00080937E138091971485FF1FC00E9445F51F
:1082C00010922A0910924507109228090F94941AC7
:1082D0000F94C5188EEF0F942E210F94BB210F948D
:1082E00002290F943C070E949740109225022FE329
:1082F0003CE2309347072093460780912A09853056
:1083000020F40E9497540E943645ADB6BEB66091E7
:1083100046077091470710E000E06115710569F5A7
:1083200080912A09882309F464C08091971480FF02
:1083300082C200912809B0E60B9F80011124085BDE
:10834000184F6BE07CE2C8010F94CD48009709F408
:10835000C2C0FC01838180538A3008F4BCC00E94F3
:1083600031E188EF9BE20E948E440E942A4A65C256
:10837000FFEFF0937E139ECF8601FB01E00FF11F0C
:10838000749068013FEFC31AD30A772019F04AE0CE
:108390007412F2CF8DB79EB78C199D090FB6F89461
:1083A0009EBF0FBE8DBFADB7BEB711967D01A801B0
:1083B000CD010F948948F701E00FF11F108277205B
:1083C00009F486C08091460790914707C80ED91ED0
:1083D000D0924707C0924607012B31F0C7010E9497
:1083E000F43580E00E947A670FB6F894BEBE0FBEE7
:1083F000ADBE80912909882309F462C090912909B2
:1084000080919B15981709F45BC00E94804680E319
:108410009CE20E948E448091290980FD05C08091D4
:10842000290910E284FF0AC080E00F94671AAB01AB
:10843000BC018CE29CE20E94C04B18E580912909A6
:1084400081FD05C08091290900E285FF0AC081E015
:108450000F94671AAB01BC0188E29CE20E94C04BFA
:1084600009E58091290982FD04C08091290986FFD0
:10847000F7C182E00F94671AAB01BC0184E29CE271
:108480000E94C04B9AE5F92E8AE00E943D441F925B
:1084900080E28F931F92FF921F920F931F921F9360
:1084A000AFE0BCE2BF93AF931F920E940CC92DB7FF
:1084B0003EB7255F3F4F0FB6F8943EBF0FBE2DBFAE
:1084C0008091290980939B1580E00E94DB5569CE3D
:1084D000D12CC12C7DCFF80101900020E9F7319714
:1084E0007F01E01AF10A10925A126EE470E0C8019E
:1084F0000F943F516C01009709F085C0F1E0EF1A2D
:10850000F108F801EE0DFF1D8DE081838AE0828382
:108510001382F80101900020E9F731976F01C01A2A
:10852000D10A80915D12813009F069C080915B129F
:1085300081FF65C082FF1CC040916B1250916C128C
:1085400060916D1270916E1280916212909163121F
:10855000A0916412B091651284179507A607B7071A
:1085600039F08AE592E10F94FE00882309F447C0B0
:108570004091621250916312609164127091651281
:10858000C114D10409F424C1809173129091741222
:10859000DC0114967C902FEF270D2A013B0139E076
:1085A00076946794579447943A95D1F742227A018A
:1085B000B1E0FB22411057C0E114F10409F053C0AF
:1085C00040915E1250915F12609160127091611241
:1085D000411551056105710529F580916F12909142
:1085E0007012A0917112B09172120097A105B1059D
:1085F00091F58AE592E10F949701811134C081E0F1
:1086000080935A120AC160E270E00F943F518C01CE
:108610000F5F1F4F6AE270E0C6010F943F51FC01EB
:10862000319772CF9E012F5F3F4F0E94C1FF882379
:1086300031F389819A81AB81BC81E0917312F09111
:1086400074122789203109F082C0883FEFEF9E071E
:10865000A105B10570F680935E1290935F12A0930E
:108660006012B0936112A12C22E0B22EAE18BF08A6
:10867000CA14DB0408F45601E0917312F0917412ED
:1086800080915E1290915F12A0916012B091611280
:108690000297A109B109258504C0880F991FAA1F57
:1086A000BB1F2A95D2F74685578560897189840F4B
:1086B000951FA61FB71F9C01AD01240D311D411D43
:1086C000511D29013A01A11432E0B30609F048C056
:1086D0008091811190918211A0918311B0918411A8
:1086E000481659066A067B0669F4109289118FEFC5
:1086F0009FEFDC018093811190938211A0938311ED
:10870000B09384119801B301A20180918A119091D4
:108710008B110E9479FE882309F471CF8091621237
:1087200090916312A0916412B09165128A0D9B1D05
:10873000A11DB11D8093621290936312A0936412E5
:10874000B09365120A0D1B1DCA18DB0811CF883FB4
:10875000FFEF9F07AF07FFE0BF0708F47CCF49CFCB
:10876000E114F10469F54091621250916312609135
:1087700064127091651280916B1290916C12A091AD
:108780006D12B0916E12481759076A077B07C0F047
:108790000E94DDFE882309F432CF81E080938911A5
:1087A00040928111509282116092831170928411D3
:1087B000A501B801C7018F57904F0F941151AECF4B
:1087C00041E0C301B2010E9484FF8111F1CF17CFB4
:1087D00080916B1290916C12A0916D12B0916E12FB
:1087E00084179507A607B70768F480915B1240933A
:1087F0006B1250936C1260936D1270936E128068BE
:1088000080935B1280915B1283FF07C08AE592E13F
:108810000F94AC02882309F4F2CE80915A12882377
:1088200031F00E94324581EE9BE20E948E4480919D
:10883000971481FF9ACD0E949D7D80912A098823FB
:1088400009F4D7CD815080932A09809128098F5F40
:10885000853018F480932809CCCD10922809C9CD11
:1088600080E2F82E11CECF93DF938AE592E10F9448
:10887000EA02CDE8D4E16B97CE010F94EA0283E1DE
:10888000CF37D807C1F785E792E10F94EA0280E974
:1088900092E1DF91CF910D94EA028F929F92AF9275
:1088A000BF92CF92DF92EF92FF92CF93DF93EC01D2
:1088B000688179818A819B816115710581059105A6
:1088C00021F464E279ED8BE597E02DE133EF41E0AF
:1088D00050E00F94654D49015A019B01AC01A7EA94
:1088E000B1E40F94844D6B017C01ACEEB4EFA501B3
:1088F00094010F94924DC60ED71EE81EF91EF7FE86
:1089000006C081E0C81AD108E10880E8F80AC882E8
:10891000D982EA82FB82C701B6019F77DF91CF91AE
:10892000FF90EF90DF90CF90BF90AF909F908F908F
:1089300008958F929F92AF92BF92CF92DF92EF9263
:10894000FF926091830270918402809185029091E0
:108950008602611571058105910521F464E279EDC6
:108960008BE597E02DE133EF41E050E00F94654D4A
:1089700049015A019B01AC01A7EAB1E40F94844D6F
:108980006B017C01ACEEB4EFA50194010F94924D04
:10899000C60ED71EE81EF91EF7FE06C081E0C81AF3
:1089A000D108E10880E8F80AC0928302D0928402DC
:1089B000E0928502F0928602C701B6019F77FF9090
:1089C000EF90DF90CF90BF90AF909F908F900895E1
:1089D0006093830270938402809385029093860251
:1089E00008958F929F92AF92BF92CF92DF92EF92B3
:1089F000FF920F931F93CF93DF935C017B0161156F
:108A0000710519F0DB018D939C9385010F5F1F4F5A
:108A1000F501D0818D2F90E00F9480486C01892B57
:108A2000B9F5DD32B9F50F5F1F4FD5011196DC9115
:108A3000C1E05801F1E0AF1AB10843E050E068E24C
:108A400074E0C5010F94A648892B69F5680182E09E
:108A5000C80ED11C45E050E063E274E0C6010F94FB
:108A6000A648892B21F4680197E0C90ED11CE114B6
:108A7000F10419F0D701CD92DC9260E070E080E85B
:108A80009FEFC111FFC060E070E080E89FE7FAC08F
:108A90005801BBCFDB3229F485010E5F1F4FF50172
:108AA000D181C0E0C6CF43E050E060E274E0C50190
:108AB0000F94A648892BE9F0F80110E000E020E0CF
:108AC00030E0A9015F01B0ED8B2E8D0E89E0881595
:108AD000C8F19C2E689491F88C2F8870C2FF16C044
:108AE000811102C00F5F1F4F3196D501DC91C92D56
:108AF000E9CFE114F10429F00E5F1F4FF701118354
:108B0000008360E070E080EC9FE7BCC0882311F038
:108B100001501109A5E0B0E00F94844D9B01AC0118
:108B2000220F331F441F551F280D311D411D511D9C
:108B3000283999E93907490799E15907A8F2C66028
:108B40009C2ED2CFAEEF8A1206C0C3FD3CC09C2E35
:108B5000689493F8C9CFDF7DD534A9F580818D3233
:108B600039F4C061DF011296818162E070E006C0D5
:108B7000DF018B32C1F3119661E070E080535D013B
:108B8000A61AB70A8A30F8F4E0E8CE16ECE0DE0662
:108B90005CF4B601660F771F660F771FC60ED71EEF
:108BA000CC0CDD1CC80ED11C5D01FFEFAF1ABF0A53
:108BB0008C9180538A30A8F1C4FF03C0D194C19432
:108BC000D1080C0D1D1DC1FF09C0E114F10431F0E5
:108BD00081E0A81AB108D701AD92BC92CA01B901CF
:108BE0000F945549C370C33009F490584B015C0190
:108BF00020E030E0A9010F945049882309F440C0D7
:108C0000C7E5D4E017FF05C0119501951109CFE321
:108C1000D4E06E01B8E1CB1AD10880E2E82EF12C45
:108C20000FC0D501B1CFFE012591359145915491E9
:108C30000E191F09C501B4010F94B6494B015C011F
:108C4000D501C4010E151F0574F72497F594E79418
:108C5000CC16DD06A9F78A2F880F8B2F881F8F3F30
:108C600049F020E030E0A901C501B4010F9450495A
:108C7000811106C082E290E09093A9178093A81713
:108C8000C501B401DF91CF911F910F91FF90EF903B
:108C9000DF90CF90BF90AF909F908F9008953F92BC
:108CA0004F925F926F927F928F929F92AF92BF92FC
:108CB000CF92DF92EF92FF920F931F93CF93DF93A8
:108CC0005C016B017A016115710519F0FB0191835B
:108CD0008083E114F10451F0C7010297839730F0CB
:108CE00040E030E020E090E06BC05E01E5012196BD
:108CF000F5011081812F90E00F948048892BA9F70E
:108D00001D3201F52196F501118101E0E114F10414
:108D100009F4E6C0F0E1EF16F10409F088C0103361
:108D200059F488818F7D883509F07CC0198122969D
:108D30000260F0E1EF2EF12C812C912CA12C88E027
:108D4000B82E92C01B3221F4E5012296F501118163
:108D500000E0DCCFEAE0EE16F10409F4C7C0F0E170
:108D6000EF16F10409F073C0E7CF78E0E72EF12C9D
:108D7000812C912CA12C60E1B62E76C021E0ADC0F3
:108D8000302F3170C114D10431F0222371F12197B9
:108D9000F601D183C08327FF2EC060E070E080E041
:108DA00090E8311104C06FEF7FEF8FEF9FE722E271
:108DB00030E03093A9172093A817462F372F282F7C
:108DC000642F732F822FDF91CF911F910F91FF900E
:108DD000EF90DF90CF90BF90AF909F908F907F905B
:108DE0006F905F904F903F90089501FF04C02297CD
:108DF000F601D183C083332341F09095809570951F
:108E000061957F4F8F4F9F4FD8CF97FFD6CF82E28C
:108E100090E09093A9178093A8176FEF7FEF8FEFE3
:108E20009FE7CBCF10E3E114F10409F49ECF28E0D3
:108E3000E216F10409F49CCF0CF08CCF812C912C1C
:108E4000A12CE0E4BE2E82E0E816F10469F060E0B7
:108E500070E080E090E897010F2C000C440B550B5C
:108E60000F94434D49015A0120E060E070E0CB01CE
:108E700027010F2C000C66087708FE0150ED352EF7
:108E8000310E39E0331570F43FEB310F49EC342EDD
:108E90003A3138F03FE9310F3A3108F071CF39EA11
:108EA000332E310E3E141F040CF06ACF27FD15C07F
:108EB00086169706A806B90678F0A30192010F94CA
:108EC000334D630D711D811D911D6130710581054B
:108ED00020E8920708F452CF2FEF21961081CDCFD2
:108EE000103309F41ECF2AE0E22EF12C9CEC892EDF
:108EF000982CA82C9CE0B92EB7CF3F924F925F924E
:108F00006F927F928F929F92AF92BF92CF92DF9299
:108F1000EF92FF920F931F93CF93DF935C016B014E
:108F20007A016115710519F0FB0191838083E114C9
:108F3000F10449F0C7010297839728F060E070E0E0
:108F4000CB019BC05E01E5012196F5011081812FC7
:108F500090E00F948048892BA9F71D3209F05CC07E
:108F60002196F501118101E0E114F10409F4BBC07F
:108F7000F0E1EF16F10409F09BC0103341F4888151
:108F80008F7D883509F08FC0198122960260E0E15B
:108F9000EE2EF12C88248A94982CA82CFFE0BF2E6A
:108FA00020E060E070E0CB0127010F2C000C660888
:108FB0007708FE0150ED352E310E39E0331568F497
:108FC0003FEB310F49EC342E3A3130F03FE9310FAD
:108FD0003A31B0F539EA332E310E3E141F0484F5D0
:108FE0002F3FB9F086169706A806B90638F1A301F7
:108FF00092010F94334D232D30E050E040E0620F9A
:10900000731F841F951F6217730784079507B0F0BD
:1090100021E021961081CDCF1B3221F4E50122966B
:10902000F501118100E0A0CF78E0E72EF12C882433
:109030008A94982CA82C6FE1B62EB2CF2FEFE9CFEF
:10904000C114D10431F0222351F12197F601D183CB
:10905000C08300FF07C090958095709561957F4F04
:109060008F4F9F4F2F3F49F482E290E09093A917D2
:109070008093A8176FEF7FEFCB01DF91CF911F9106
:109080000F91FF90EF90DF90CF90BF90AF909F90A7
:109090008F907F906F905F904F903F90089501FF69
:1090A000D8CF2297D3CF10E3E114F10409F4BCCF59
:1090B0003AE0E316F104E9F080E1E816F10409F47E
:1090C00066CFE8E0EE16F10409F4B1CF6FEF7FEF61
:1090D000CB0197010F2C000C440B550B0F94434D03
:1090E00049015A015DCF103309F449CF9AE0E92EC6
:1090F000F12C89E9882E982CA82C89E1B82E50CF24
:1091000091110D94254C803219F089508550C8F783
:109110000895FB01DC0102C005900D9241505040C2
:10912000D8F70895FC010590061621F00020D9F724
:10913000C00108953197CF010895FC0105900020EA
:10914000E9F7809590958E0F9F1F0895FB01DC0134
:109150004150504088F08D9181341CF08B350CF4D7
:10916000805E659161341CF06B350CF4605E861B8B
:10917000611171F3990B0895881BFCCFFB01DC0191
:109180004150504048F005900D920020C9F701C0B1
:109190001D9241505040E0F70895FB015591552331
:1091A000A9F0BF01DC014D9145174111E1F759F4D8
:1091B000CD010590002049F04D9140154111C9F3B2
:1091C000FB014111EFCF81E090E0019708950F93EB
:1091D0001F93CF93DF93CDB7DEB72E970FB6F894DA
:1091E000DEBF0FBECDBF0E891F898EE08C831A8330
:1091F00009838FEF9FE79E838D83AE01465E5F4FAD
:10920000688D798DCE0101960F94234A2F81388580
:10921000020F131FF80110822E960FB6F894DEBFCE
:109220000FBECDBFDF91CF911F910F9108950F9386
:109230001F93CF93DF93CDB7DEB72E970FB6F89479
:10924000DEBF0FBECDBF8C01FA018EE08C831A8386
:10925000098377FF02C060E070E8615071097E8386
:109260006D83A901BF01CE0101960F94234A4D8160
:109270005E8157FD0AC02F813885421753070CF4D1
:109280009A01020F131FF80110822E960FB6F89460
:10929000DEBF0FBECDBFDF91CF911F910F9108951B
:1092A0000F94924908F481E00895E89409C097FB6F
:1092B0003EF490958095709561957F4F8F4F9F4FAD
:1092C0009923A9F0F92F96E9BB279395F6958795F1
:1092D00077956795B795F111F8CFFAF4BB0F11F4B4
:1092E00060FF1BC06F5F7F4F8F4F9F4F16C088235B
:1092F00011F096E911C0772321F09EE8872F762F91
:1093000005C0662371F096E8862F70E060E02AF0D1
:109310009A95660F771F881FDAF7880F96958795BD
:1093200097F90895990F0008550FAA0BE0E8FEEF92
:1093300016161706E807F907C0F012161306E40719
:10934000F50798F0621B730B840B950B39F40A2612
:1093500061F0232B242B252B21F408950A2609F4F0
:10936000A140A6958FEF811D811D08950F94C949D5
:109370000D94E34C0F94D54C38F00F94DC4C20F056
:10938000952311F00D94CC4C0D94D24C11240D94D6
:10939000174D0F94F44C70F3959FC1F3950F50E067
:1093A000551F629FF001729FBB27F00DB11D639F97
:1093B000AA27F00DB11DAA1F649F6627B00DA11D3D
:1093C000661F829F2227B00DA11D621F739FB00DE3
:1093D000A11D621F839FA00D611D221F749F332753
:1093E000A00D611D231F849F600D211D822F762FEC
:1093F0006A2F11249F5750409AF0F1F088234AF0C9
:10940000EE0FFF1FBB1F661F771F881F9150504034
:10941000A9F79E3F510580F00D94CC4C0D94174D4B
:109420005F3FE4F3983ED4F3869577956795B795BB
:10943000F795E7959F5FC1F7FE2B880F911D9695D5
:10944000879597F908952F923F924F925F926F926E
:109450007F928F929F92AF92BF92CF92DF92EF92C4
:10946000FF920F931F93CF93DF9300D000D000D0D3
:109470001F921F92CDB7DEB77C013B018A01FC0130
:1094800017821682838181FFDDC1CE0101965C01C6
:10949000F7019381F30193FD859193FF81913F0142
:1094A000882309F453C1853239F493FD859193FFE4
:1094B00081913F01853229F4B70190E00F943E4C31
:1094C000E7CF912C212C312CFFE1F31538F08B32B2
:1094D00011F190F4803209F1833229F137FC3CC05C
:1094E00020ED280F2A3050F536FE20C08AE0989EE5
:1094F000200D1124922E06C08D3291F0803371F729
:10950000689430F8F30193FD859193FF81913F01B9
:109510008111DACF21C0689431F8689432F8F2CF23
:10952000689433F8EFCF689434F8ECCFEAE02E9EDD
:10953000200D1124222E689435F8E4CF8E3229F4C0
:1095400036FC04C1689436F8DDCF8C3619F4689483
:1095500037F8D8CF8836B1F2982F9F7D9554933045
:10956000E0F08336A1F18337C1F1833509F063C0A0
:109570002801F2E04F0E511CF801C080D180692D06
:1095800070E036FC02C06FEF7FEFC6010F94284CED
:109590004C01689437F882010AC00C5F1F4FFFE34B
:1095A000F98388248394912C6501E89437F833FE7D
:1095B0002DC0522C8114910471F5552009F468CF07
:1095C000B70180E290E00F943E4C5A94F6CFF80138
:1095D000808189830E5F1F4FE4CF2801F2E04F0E98
:1095E000511CF801C080D180692D70E036FC02C0AA
:1095F0006FEF7FEFC6010F94334C4C018201D5CF42
:10960000B70180E290E00F943E4C2A94281419048C
:1096100009F0B0F7CECFF60137FC859137FE819186
:109620006F01B70190E00F943E4C51105A94F1E055
:109630008F1A9108BFCF843619F0893609F077C0A8
:10964000F80137FE6BC060817181828193810C5F6C
:109650001F4FF32DFF763F2E97FF09C09095809501
:10966000709561957F4F8F4F9F4F689437F82AE030
:1096700030E0A5010F946E4CC82ECA188C2C432CD8
:1096800036FE0CC0E89440F8C91440F434FE05C01E
:1096900032FC03C0F32DFE7E4F2E892C44FEAAC05F
:1096A000FE01EC0DF11D8081803309F09CC0242D5A
:1096B000297E422E842D8870582E43FCAAC040FE7D
:1096C000A4C09C2C821418F42C0C922C981844FEE4
:1096D000A6C0B70180E390E00F943E4C42FE09C063
:1096E00088E790E041FE02C088E590E0B7010F9462
:1096F0003E4CC91408F49FC0CA94D12C9FEFC91ADC
:10970000D90ACA0CDB1CF60182916F01B70190E007
:109710000F943E4CAC14BD04B1F74FCF6081718102
:10972000072E000C880B990B0E5F1F4F92CFD32C86
:10973000E894D4F82AE030E08537E1F1232D297F41
:10974000D22E8F36A9F1F0F4883551F1F7018681D8
:1097500097812B960FB6F894DEBF0FBECDBFDF9179
:10976000CF911F910F91FF90EF90DF90CF90BF901E
:10977000AF909F908F907F906F905F904F903F90B1
:109780002F900895803749F0883701F7D4FE02C042
:109790006894D2F820E130E00DC06894D4F8F6CF98
:1097A00034FE03C0822F8660D82E20E132E002C052
:1097B00028E030E0F801D7FE0FC06081718182811E
:1097C00093810C5F1F4FA5010F946E4CC82ECA18D1
:1097D0003D2CE89437F852CF6081718190E080E0B1
:1097E0000E5F1F4FF0CF42FC02C0839463CF83947F
:1097F000839460CF842D867809F45CCFF6CFB701CF
:1098000080E290E00F943E4C83948214C0F3512C7C
:109810005ECF522C5818821408F459CFF8CF842DFB
:10982000867809F466CF8BE241FE80E247FC8DE248
:10983000B70190E05CCFB70180E390E00F943E4C1D
:109840009A9457CF8FEF9FEF84CF99278827089559
:10985000FC010590615070400110D8F780959095FB
:109860008E0F9F1F0895FC01615070400190011000
:10987000D8F7809590958E0F9F1F08950F931F9393
:10988000CF93DF93182F092FEB018B8181FD09C046
:109890001FEF0FEF812F902FDF91CF911F910F912D
:1098A000089582FF14C02E813F818C819D812817ED
:1098B00039073CF4E881F981CF01019699838883C7
:1098C00010838E819F8101969F838E83E3CFE885ED
:1098D000F985812F1995892BA1F3DACFFA01AA27EF
:1098E000283051F1203181F1E8946F936E7F6E5FE3
:1098F0007F4F8F4F9F4FAF4FB1E03ED0B4E03CD091
:10990000670F781F891F9A1FA11D680F791F8A1F73
:10991000911DA11D6A0F711D811D911DA11D20D0DA
:1099200009F468943F912AE0269F11243019305D94
:109930003193DEF6CF010895462F4770405D419385
:10994000B3E00FD0C9F7F6CF462F4F70405D4A33D2
:1099500018F0495D31FD4052419302D0A9F7EACF9A
:10996000B4E0A6959795879577956795BA95C9F7C9
:1099700000976105710508959B01AC010A2E0694BC
:109980005795479537952795BA95C9F7620F731F75
:10999000841F951FA01D089597F99F6780E870E0C8
:1099A00060E008959FEF80EC089500240A94161655
:1099B000170618060906089500240A9412161306BD
:1099C000140605060895092E0394000C11F488234B
:1099D00052F0BB0F40F4BF2B11F460FF04C06F5F67
:1099E0007F4F8F4F9F4F089557FD9058440F551F3D
:1099F00059F05F3F71F04795880F97FB991F61F011
:109A00009F3F79F087950895121613061406551F87
:109A1000F2CF4695F1DF08C0161617061806991FF3
:109A2000F1CF86957105610508940895E894BB27E8
:109A300066277727CB0197F90895F999FECF92BD54
:109A400081BDF89A992780B50895262FF999FECF00
:109A50001FBA92BD81BD20BD0FB6F894FA9AF99A4B
:109A60000FBE01960895DB018F939F930F94844D51
:109A7000BF91AF91A29F800D911DA39F900DB29FAA
:109A8000900D11240895A1E21A2EAA1BBB1BFD0103
:109A90000DC0AA1FBB1FEE1FFF1FA217B307E407CD
:109AA000F50720F0A21BB30BE40BF50B661F771F25
:109AB000881F991F1A9469F7609570958095909505
:109AC0009B01AC01BD01CF010895052E97FB1EF44B
:109AD00000940F947C4D57FD07D00F94434D07FC25
:109AE00003D04EF40D947C4D5095409530952195C2
:109AF0003F4F4F4F5F4F08959095809570956195BA
:109B00007F4F8F4F9F4F08950F94974DA59F900DB6
:109B1000B49F900DA49F800D911D11240895B7FF4F
:109B20000D94844D0F94844D821B930B0895A29F36
:109B3000B001B39FC001A39F700D811D1124911D21
:109B4000B29F700D811D1124911D0895991B79E01C
:109B500004C0991F961708F0961B881F7A95C9F7BD
:109B600080950895AA1BBB1B51E107C0AA1FBB1F0C
:109B7000A617B70710F0A61BB70B881F991F5A9599
:109B8000A9F780959095BC01CD01089597FB072E0C
:109B900016F4009407D077FD09D00F94B24D07FC5E
:109BA00005D03EF4909581959F4F089570956195ED
:109BB0007F4F0895EE0FFF1F881F8BBF0790F69110
:109BC000E02D19940F94974DB7FF0895821B930BC6
:109BD00008955058BB27AA270F94014E0D94E34CCB
:109BE0000F94D54C38F00F94DC4C20F039F49F3FA3
:109BF00019F426F40D94D24C0EF4E095E7FB0D9485
:109C0000CC4CE92F0F94F44C58F3BA176207730742
:109C10008407950720F079F4A6F50D94164D0EF4FF
:109C2000E0950B2EBA2FA02D0B01B90190010C016C
:109C3000CA01A0011124FF27591B99F0593F50F484
:109C4000503E68F11A16F040A22F232F342F4427DC
:109C5000585FF3CF469537952795A795F0405395D4
:109C6000C9F77EF41F16BA0B620B730B840BBAF0A4
:109C70009150A1F0FF0FBB1F661F771F881FC2F70F
:109C80000EC0BA0F621F731F841F48F48795779523
:109C90006795B795F7959E3F08F0B0CF9395880FDD
:109CA00008F09927EE0F9795879508950F94D54C56
:109CB00060F080E891E009F49EEF0F94DC4C28F00E
:109CC00040E851E071F45EEF0CC00D94D24C0D945D
:109CD000164DE92FE0780F94F44C40F3092E052A35
:109CE000B1F3261737074807590738F00E2E07F843
:109CF000E02569F0E025E0640AC0EF6307F800940E
:109D000007FADB01B9019D01DC01CA01AD01EF9346
:109D10000F94FB4E0F94E34C0F94994E5F91552393
:109D200039F02BED3FE049E450FD49EC0D94EA4D4C
:109D30000895DF93DD27B92FBF7740E85FE316165C
:109D4000170648075B0718F4D92F0F944F509F93BD
:109D50008F937F936F930F94D850E4EEF0E00F94BD
:109D6000CC4F0F94E34C2F913F914F915F910F9403
:109D7000C949DD2351F09058A2EA2AED3FE049ECB1
:109D80005FE3D0785D270F94014EDF910D94E34C93
:109D90000F94325090F09F3748F4911116F40D94BF
:109DA000174D60E070E080E89FE3089526F01B16F1
:109DB000611D711D811D0D94A34F0D94BE4F0F9415
:109DC000F54FE3950D941E500F94F84E0D94E34C0F
:109DD0000F94DC4C58F00F94D54C40F029F45F3FC1
:109DE00029F00D94CC4C51110D94174D0D94D24C7B
:109DF0000F94F44C68F39923B1F3552391F3951B19
:109E0000550BBB27AA2762177307840738F09F5F9B
:109E10005F4F220F331F441FAA1FA9F335D00E2E08
:109E20003AF0E0E832D091505040E695001CCAF775
:109E30002BD0FE2F29D0660F771F881FBB1F261738
:109E400037074807AB07B0E809F0BB0B802DBF010F
:109E5000FF2793585F4F3AF09E3F510578F00D94DD
:109E6000CC4C0D94174D5F3FE4F3983ED4F38695A8
:109E700077956795B795F7959F5FC9F7880F911DFF
:109E80009695879597F90895E1E0660F771F881FEB
:109E9000BB1F621773078407BA0720F0621B730B9E
:109EA000840BBA0BEE1F88F7E09508950F945D4F71
:109EB0006894B1110D94174D08950F94FC4C88F0DF
:109EC0009F5798F0B92F9927B751B0F0E1F0660F7E
:109ED000771F881F991F1AF0BA95C9F714C0B130BF
:109EE00091F00F94164DB1E008950D94164D672F23
:109EF000782F8827B85F39F0B93FCCF386957795EE
:109F00006795B395D9F73EF49095809570956195D6
:109F10007F4F8F4F9F4F08950F94325090F09F378F
:109F200048F4911116F00D94174D60E070E080E850
:109F30009FEB089526F41B16611D711D811D0D9464
:109F4000A34F0D94BE4F882371F4772321F09850CE
:109F5000872B762F07C0662311F499270DC09051E7
:109F6000862B70E060E02AF09A95660F771F881FB5
:109F7000DAF7880F9695879597F908959F3F31F006
:109F8000915020F4879577956795B795880F911D27
:109F90009695879597F90895DF93CF931F930F9325
:109FA000FF92EF92DF927B018C01689406C0DA2E5B
:109FB000EF010F94C949FE01E894A59125913591CF
:109FC00045915591A6F3EF010F94014EFE019701C3
:109FD000A801DA9469F7DF90EF90FF900F911F913D
:109FE000CF91DF9108950D94D24C0F94FC4CD8F38F
:109FF000E894E0E0BB279F57F0F02AED3FE049EC02
:10A0000006C0EE0FBB0F661F771F881F28F0B23AFD
:10A0100062077307840728F0B25A620B730B840B34
:10A02000E3959A9572F7803830F49A95BB0F661FC6
:10A03000771F881FD2F790480D94C04FEF93E0FF31
:10A0400007C0A2EA2AED3FE049EC5FEB0F94014E16
:10A050000F94E34C0F90039401FC9058E1E1F1E080
:10A060000D94E8500F94FC4CA0F0BEE7B91788F4AB
:10A07000BB279F3860F41616B11D672F782F8827ED
:10A08000985FF7CF869577956795B11D939596392B
:10A09000C8F308950F94924908F48FEF08959B0137
:10A0A000AC0160E070E080E89FE30D94E44E0F9413
:10A0B000FC4C58F19E5760F19851A0F0E9F09830AF
:10A0C00020F5092E9927660F771F881F991F0A947C
:10A0D000D1F712C0062E672F782F8827985F11F4CA
:10A0E000000C07C0993FB4F38695779567959395D3
:10A0F000D9F7611D711D811D3EF490958095709575
:10A1000061957F4F8F4F9F4F089568940D94174D21
:10A110000D94164D9F930F94F54F0F9007FCEE5F33
:10A120000D941E5019F416F40D94D24C0D94BE4F9C
:10A130000F94FC4CB8F39923C9F3B6F39F57550B12
:10A1400087FF0F94E1500024A0E640EA9001805878
:10A150005695979528F4805C660F771F881F20F02E
:10A1600026173707480730F4621B730B840B20292E
:10A1700031294A2BA69517940794202531254A2783
:10A1800058F7660F771F881F20F0261737074807F4
:10A1900030F4620B730B840B200D311D411DA09513
:10A1A00081F7B901842F9158880F96958795089566
:10A1B0009B01AC010D94B6490F949249880B990B01
:10A1C000089591505040660F771F881FD2F7089569
:10A1D0009F938F937F936F93FF93EF939B01AC01BA
:10A1E0000F94B649EF91FF910F94CC4F2F913F916F
:10A1F0004F915F910D94B6499111089581548A5100
:10A2000008F4805E855A0895FB01DC0104C08D913D
:10A210000190801921F441505040C8F7881B990BD8
:10A220000895FB01DC0102C001900D9241505040A5
:10A23000D8F70895DC0101C06D9341505040E0F71C
:10A240000895FB01DC018D9181341CF08B350CF4F9
:10A25000805E619161341CF06B350CF4605E861B8E
:10A26000611189F3990B0895FB01DC010D90002029
:10A27000E9F7119701900D920020E1F70895FC0194
:10A280008191861721F08823D9F79927089531976E
:10A29000CF010895FB01DC0101900D920020E1F750
:10A2A0000895FB01DC014150504030F08D91019048
:10A2B000801919F40020B9F7881B990B0895FB0148
:10A2C000DC014150504048F001900D920020C9F748
:10A2D00001C01D9241505040E0F70895FC0181E01B
:10A2E00090E00190061609F4CF010020D1F7019704
:10A2F00008951CE2C0E6DCE200E006C0802FFE010B
:10A300000F94DA4D2196011DC136D10780E0080770
:06A31000A9F7F894FFCF4D
:10A316009D9DF0FF79C4F0FF79C402C0270900961D
:10A326000001FF1040000000809914FF3FFF3F002E
:10A33600000000FF3F01010000C8420000C84100C4
:10A346000040C000003E43000000C00000000000C6
:10A356000040400000803F780003B984130235C6F0
:10A366006400FFFF0164000000000000001A4300C3
:10A3760000000000001A43000000C000001F430058
:10A3860000803FFFFFFFFFFFFFFFFFFFFFFFFF0113
:10A39600FF06100100000000802943CD4C2B43002E
:10A3A6000000000000004000000040FF3F1CC6FF08
:10A3B6003F1CC60000000058595A45000100FF0125
:10A3C60000FF00080B0C02010000010200803B4563
:10A3D60000803B4500007043000070420000010011
:10A3E6000800200040008000000100040000B04189
:10A3F6000000B0410000C03F101010101010000007
:10A4060000000000432FB0C5952C942C000040405E
:10A4160000003442000000000000000000000000C0
:10A4260000005041000000000000004164000000F0
:10A4360064000000030000006400000064000000E7
:10A4460003000000030000001E0000001E000000C4
:10A456001E0000001E0000001E0000001E0000007E
:10A46600140500005E060000E20400002823000038
:10A476002823000064000000E80300000000C94231
:10A486000000C9420000C844004050440000964302
:10A496000000964300000041000020420A005A00D6
:10A4A60056363700322E302E302E31343400687452
:10A4B60074703A2F2F6D61726C696E66772E6F72AB
:10A4C60067005900580042656420583A2000205918
:10A4D6003A2000205A3A20004D696E690053696E91
:10A4E600676C65204578747275646572004C756C8E
:10A4F6007A426F742E636F6D0076002F00455252BC
:04A5060000205A00D7
:00000001FF
